,X.1,X,system,Cause,Effect,rho_Lmax,p_Z,Kendall_tau,Kendall_p,Convergence,Standardized_linkage_strength,direction,biomasss,trait.effect.abundance.total,abundance.effect.trait.total,Warming_rate,temp_mean,species_richness,type,species_richness_ln,biomasss_ln,abundances_ln,temp_mean_ln,Effect2,Taxa
1,1,1,WS1,A..senarius.1,A..senarius,0.795193848,0.195324404,1,0.002666712,FALSE,0.832014241,trait affects abundance,1.26E-09,0.80952381,0.761904762,0.033718254,10.10015309,42,Plankton,1.62324929,-8.899388047,6.218659256,1.004327957,A..senarius,diatom
2,2,2,WS1,Amoeba.sp.1,Amoeba.sp,0.666762188,0.131158976,0.99999994,0.008534908,FALSE,0.697635724,trait affects abundance,6.89E-10,0.80952381,0.761904762,0.033718254,10.10015309,42,Plankton,1.62324929,-9.162037512,4.767105855,1.004327957,Amoeba.indet,Dinoflagellate
3,3,3,WS1,B..brockmannii.1,B..brockmannii,0.806530711,0.197498045,1,0.002666712,FALSE,0.843876042,trait affects abundance,5.51E-11,0.80952381,0.761904762,0.033718254,10.10015309,42,Plankton,1.62324929,-10.25897395,8.002105688,1.004327957,B..brockmannii,diatom
4,4,4,WS1,Bacillariophyceae.sp.1,Bacillariophyceae.sp,0.497746211,0.310431399,1,0.002666712,FALSE,0.520793687,trait affects abundance,1.20E-10,0.80952381,0.761904762,0.033718254,10.10015309,42,Plankton,1.62324929,-9.921618772,7.149072338,1.004327957,Bacillariophyceae.indet,diatom
5,5,5,WS1,C..closterium.1,C..closterium,0.875490542,0.152535693,0.714285731,0.035498142,FALSE,0.916028967,trait affects abundance,4.24E-11,0.80952381,0.761904762,0.033718254,10.10015309,42,Plankton,1.62324929,-10.37283879,6.876833238,1.004327957,C..closterium,diatom
6,6,6,WS1,C..danicus.1,C..danicus,0.802311176,0.158569188,0.90476191,0.006863832,FALSE,0.839461128,trait affects abundance,1.42E-10,0.80952381,0.761904762,0.033718254,10.10015309,42,Plankton,1.62324929,-9.847730424,4.957766883,1.004327957,C..danicus,diatom
7,7,7,WS1,C..debilis.1,C..debilis,0.946546209,0.059159064,1,0.002666712,FALSE,0.990374772,trait affects abundance,1.21E-10,0.80952381,0.761904762,0.033718254,10.10015309,42,Plankton,1.62324929,-9.915749828,6.435228585,1.004327957,C..debilis,diatom
8,8,8,WS1,C..densus.1,C..densus,0.647035892,0.029783504,0.99999994,0.008534908,TRUE,0.676996028,trait affects abundance,8.59E-10,0.80952381,0.761904762,0.033718254,10.10015309,42,Plankton,1.62324929,-9.066167477,5.303306325,1.004327957,C..densus,diatom
9,9,9,WS1,Chaetoceros.sp..1,Chaetoceros.sp.,0.627003076,0.239428172,0.99999994,0.008534908,FALSE,0.656035619,trait affects abundance,9.17E-11,0.80952381,0.761904762,0.033718254,10.10015309,42,Plankton,1.62324929,-10.03773799,7.494064545,1.004327957,Chaetoceros.sp.,diatom
10,10,10,WS1,Ciliates.sp.1,Ciliates.sp,0.828617635,0.042276146,0.90476191,0.006863832,TRUE,0.866985672,trait affects abundance,7.75E-10,0.80952381,0.761904762,0.033718254,10.10015309,42,Plankton,1.62324929,-9.110921995,6.603005471,1.004327957,Ciliates.indet,ciliate 
11,11,11,WS1,D..brightwellii.1,D..brightwellii,0.817734302,0.147305979,0.428571433,0.229556203,FALSE,0.855598401,trait affects abundance,1.39E-09,0.80952381,0.761904762,0.033718254,10.10015309,42,Plankton,1.62324929,-8.857669106,4.975410486,1.004327957,D..brightwellii,diatom
12,12,12,WS1,D..surirella.1,D..surirella,0.871312776,0.061983803,1,0.002666712,FALSE,0.911657755,trait affects abundance,1.99E-10,0.80952381,0.761904762,0.033718254,10.10015309,42,Plankton,1.62324929,-9.701395835,5.669083657,1.004327957,D..surirella,diatom
13,13,13,WS1,Dinophy.sp.1,Dinophy.sp,0.784829563,0.302221564,0.99999994,0.008534908,FALSE,0.821170052,trait affects abundance,6.01E-10,0.80952381,0.761904762,0.033718254,10.10015309,42,Plankton,1.62324929,-9.221462507,6.862081079,1.004327957,Dinophy.indet,Dinoflagellate
14,14,14,WS1,Diplopsalis.gr.1,Diplopsalis.gr,0.868732294,0.026335864,1,0.002666712,TRUE,0.908957788,trait affects abundance,2.65E-09,0.80952381,0.761904762,0.033718254,10.10015309,42,Plankton,1.62324929,-8.577420403,5.330833112,1.004327957,Diplopsalis.gr,Dinoflagellate
15,15,15,WS1,E..dubium.1,E..dubium,0.750153867,0.133544469,1,0.002666712,FALSE,0.784888744,trait affects abundance,1.91E-10,0.80952381,0.761904762,0.033718254,10.10015309,42,Plankton,1.62324929,-9.717854675,6.411242741,1.004327957,E..dubium,Charophyta
16,16,16,WS1,E..tripartita.1,E..tripartita,0.549587807,0.207278712,1,0.002666712,FALSE,0.575035739,trait affects abundance,8.24E-10,0.80952381,0.761904762,0.033718254,10.10015309,42,Plankton,1.62324929,-9.084329388,5.304389623,1.004327957,E..tripartita,Charophyta
17,17,17,WS1,G..delicatula.1,G..delicatula,0.742580768,0.070097126,0.99999994,0.008534908,FALSE,0.776964983,trait affects abundance,7.13E-10,0.80952381,0.761904762,0.033718254,10.10015309,42,Plankton,1.62324929,-9.146787343,6.816697412,1.004327957,G..delicatula,diatom
18,18,18,WS1,G..striata.1,G..striata,0.938721024,0.051090284,1,0.002666712,FALSE,0.982187252,trait affects abundance,2.25E-09,0.80952381,0.761904762,0.033718254,10.10015309,42,Plankton,1.62324929,-8.648655945,5.928852697,1.004327957,G..striata,diatom
19,19,19,WS1,L..danicus.1,L..danicus,0.830952398,0.057743691,0.90476191,0.006863832,FALSE,0.869428543,trait affects abundance,1.32E-10,0.80952381,0.761904762,0.033718254,10.10015309,42,Plankton,1.62324929,-9.878189549,6.839412254,1.004327957,L..danicus,diatom
20,20,20,WS1,L..minimus.1,L..minimus,0.773113858,0.159288201,1,0.002666712,FALSE,0.808911867,trait affects abundance,3.92E-11,0.80952381,0.761904762,0.033718254,10.10015309,42,Plankton,1.62324929,-10.40644052,6.919917194,1.004327957,L..minimus,diatom
21,21,21,WS1,L..strobila.1,L..strobila,0.8770998,0.140431869,1,0.002666712,FALSE,0.91771274,trait affects abundance,1.04E-08,0.80952381,0.761904762,0.033718254,10.10015309,42,Plankton,1.62324929,-7.982138995,4.437021116,1.004327957,L..strobila,diatom
22,22,22,WS1,L..undulatum.1,L..undulatum,0.869676331,0.075745833,1,0.002666712,FALSE,0.909945536,trait affects abundance,2.27E-09,0.80952381,0.761904762,0.033718254,10.10015309,42,Plankton,1.62324929,-8.644753523,5.107863527,1.004327957,L..undulatum,diatom
23,23,23,WS1,M..rubra.1,M..rubra,0.871054342,0.019814129,0.99999994,0.008534908,TRUE,0.911387355,trait affects abundance,1.54E-09,0.80952381,0.761904762,0.033718254,10.10015309,42,Plankton,1.62324929,-8.812293772,5.041936675,1.004327957,M..rubra,ciliate
24,24,24,WS1,Navicula.sp..1,Navicula.sp.,0.808963602,0.290396332,1,0.002666712,FALSE,0.846421585,trait affects abundance,1.34E-10,0.80952381,0.761904762,0.033718254,10.10015309,42,Plankton,1.62324929,-9.872228906,5.722301804,1.004327957,Navicula.sp.,diatom
25,25,25,WS1,O..aurita.1,O..aurita,0.338721521,0.162624876,0.90476191,0.006863832,FALSE,0.35440557,trait affects abundance,7.32E-10,0.80952381,0.761904762,0.033718254,10.10015309,42,Plankton,1.62324929,-9.135388565,6.920221532,1.004327957,O..aurita,diatom
26,26,26,WS1,O..aurita.var..minima.1,O..aurita.var..minima,0.607564485,0.039999552,0.99999994,0.008534908,TRUE,0.635696951,trait affects abundance,2.14E-10,0.80952381,0.761904762,0.033718254,10.10015309,42,Plankton,1.62324929,-9.66933,6.369098816,1.004327957,O..aurita.var..minima,diatom
27,27,27,WS1,O..mobiliensis.1,O..mobiliensis,0.877026303,0.026918184,0.99999994,0.008534908,TRUE,0.91763584,trait affects abundance,3.44E-09,0.80952381,0.761904762,0.033718254,10.10015309,42,Plankton,1.62324929,-8.463184461,4.639173076,1.004327957,O..mobiliensis,diatom
28,28,28,WS1,O..regia.1,O..regia,0.727553236,0.196397326,1,0.002666712,FALSE,0.761241621,trait affects abundance,7.35E-09,0.80952381,0.761904762,0.033718254,10.10015309,42,Plankton,1.62324929,-8.134007208,4.814766374,1.004327957,O..regia,diatom
29,29,29,WS1,O..rhombus.1,O..rhombus,0.868106814,0.111251547,1,0.002666712,FALSE,0.908303345,trait affects abundance,3.37E-09,0.80952381,0.761904762,0.033718254,10.10015309,42,Plankton,1.62324929,-8.472317765,5.509903488,1.004327957,O..rhombus,diatom
30,30,30,WS1,O..rhombus.f.trigona.1,O..rhombus.f.trigona,0.861473345,0.112088606,1,0.002666712,FALSE,0.901362722,trait affects abundance,3.04E-09,0.80952381,0.761904762,0.033718254,10.10015309,42,Plankton,1.62324929,-8.517658225,5.263697112,1.004327957,O..rhombus.f.trigona,diatom
31,31,31,WS1,P..micans.1,P..micans,0.885841306,0.058470946,0.99999994,0.008534908,FALSE,0.926859009,trait affects abundance,1.28E-09,0.80952381,0.761904762,0.033718254,10.10015309,42,Plankton,1.62324929,-8.892949909,4.378646844,1.004327957,P..micans,dinoflagellate
32,32,32,WS1,P..sulcata.1,P..sulcata,0.784617608,0.208162615,1,0.002666712,FALSE,0.820948283,trait affects abundance,4.44E-10,0.80952381,0.761904762,0.033718254,10.10015309,42,Plankton,1.62324929,-9.353049461,5.306453396,1.004327957,P..sulcata,dinoflagellate
33,33,33,WS1,P..vanheurckii.1,P..vanheurckii,0.87381539,0.006292193,1,0.002666712,TRUE,0.91427625,trait affects abundance,1.95E-10,0.80952381,0.761904762,0.033718254,10.10015309,42,Plankton,1.62324929,-9.710182919,5.75077682,1.004327957,P..vanheurckii,dinoflagellate
34,34,34,WS1,Pleurosigma.sp..1,Pleurosigma.sp.,0.878525504,0.157131438,1,0.002666712,FALSE,0.919204459,trait affects abundance,9.58E-10,0.80952381,0.761904762,0.033718254,10.10015309,42,Plankton,1.62324929,-9.018625729,4.810985293,1.004327957,Pleurosigma.sp.,diatom
35,35,35,WS1,Protoperidinium.sp..1,Protoperidinium.sp.,0.860875539,0.211954712,0.90476191,0.006863832,FALSE,0.900737236,trait affects abundance,3.56E-09,0.80952381,0.761904762,0.033718254,10.10015309,42,Plankton,1.62324929,-8.448028631,5.101878649,1.004327957,Protoperidinium.sp.,dinoflagellate
36,36,36,WS1,Prymnesiophyceae.sp.1,Prymnesiophyceae.sp,0.335263618,0.248876204,0.866666615,0.024170518,FALSE,0.350787554,trait affects abundance,8.59E-11,0.80952381,0.761904762,0.033718254,10.10015309,42,Plankton,1.62324929,-10.06595025,6.286668531,1.004327957,Prymnesiophyceae.indet,Heterokontophyta
37,37,37,WS1,Pseudo.nitzschia.sp..1,Pseudo.nitzschia.sp.,0.675702082,0.002267041,1,0.002666712,TRUE,0.706989568,trait affects abundance,9.66E-11,0.80952381,0.761904762,0.033718254,10.10015309,42,Plankton,1.62324929,-10.01482808,7.600960017,1.004327957,Pseudo.nitzschia.sp.,diatom
38,38,38,WS1,R..imbricata.1,R..imbricata,0.369710911,0.152572436,0.99999994,0.008534908,FALSE,0.386829883,trait affects abundance,1.66E-09,0.80952381,0.761904762,0.033718254,10.10015309,42,Plankton,1.62324929,-8.779839246,6.547854205,1.004327957,R..imbricata,Heterokontophyta
39,39,39,WS1,R..setigera.1,R..setigera,0.7470042,0.090105782,1,0.002666712,FALSE,0.781593236,trait affects abundance,1.62E-09,0.80952381,0.761904762,0.033718254,10.10015309,42,Plankton,1.62324929,-8.791154822,5.911191686,1.004327957,R..setigera,Heterokontophyta
40,40,40,WS1,S..fragilarioides.1,S..fragilarioides,0.701142016,0.116135196,1,0.002666712,FALSE,0.733607465,trait affects abundance,1.96E-10,0.80952381,0.761904762,0.033718254,10.10015309,42,Plankton,1.62324929,-9.708295147,6.109568337,1.004327957,S..fragilarioides,Heterokontophyta
41,41,41,WS1,Thalassiosira.sp..1,Thalassiosira.sp.,0.563927663,0.085304144,0.99999994,0.008534908,FALSE,0.590039583,trait affects abundance,3.24E-10,0.80952381,0.761904762,0.033718254,10.10015309,42,Plankton,1.62324929,-9.490003963,7.55656225,1.004327957,Thalassiosira.sp.,diatom
42,42,42,WS1,Tintinidae.sp.1,Tintinidae.sp,0.807008443,0.078888721,0.99999994,0.008534908,FALSE,0.844375895,trait affects abundance,1.18E-09,0.80952381,0.761904762,0.033718254,10.10015309,42,Plankton,1.62324929,-8.929513431,5.699678212,1.004327957,Tintinidae.indet,ciliate 
43,43,43,WS1,A..senarius,A..senarius.1,0.796614913,0.390302092,0.428571433,0.229556203,FALSE,0.833501107,abundance affects trait,1.26E-09,0.80952381,0.761904762,0.033718254,10.10015309,42,Plankton,1.62324929,-8.899388047,6.218659256,1.004327957,A..senarius.1,diatom
44,44,44,WS1,Amoeba.sp,Amoeba.sp.1,0.667161065,0.206167858,1,0.002666712,FALSE,0.698053071,abundance affects trait,6.89E-10,0.80952381,0.761904762,0.033718254,10.10015309,42,Plankton,1.62324929,-9.162037512,4.767105855,1.004327957,Amoeba.indet.1,Dinoflagellate
45,45,45,WS1,B..brockmannii,B..brockmannii.1,0.76489478,0.238147018,0.714285731,0.035498142,FALSE,0.800312215,abundance affects trait,5.51E-11,0.80952381,0.761904762,0.033718254,10.10015309,42,Plankton,1.62324929,-10.25897395,8.002105688,1.004327957,B..brockmannii.1,diatom
46,46,46,WS1,Bacillariophyceae.sp,Bacillariophyceae.sp.1,0.461044603,0.256031257,1,0.002666712,FALSE,0.48239266,abundance affects trait,1.20E-10,0.80952381,0.761904762,0.033718254,10.10015309,42,Plankton,1.62324929,-9.921618772,7.149072338,1.004327957,Bacillariophyceae.indet.1,diatom
47,47,47,WS1,C..closterium,C..closterium.1,0.872953348,0.104272638,1,0.002666712,FALSE,0.913374291,abundance affects trait,4.24E-11,0.80952381,0.761904762,0.033718254,10.10015309,42,Plankton,1.62324929,-10.37283879,6.876833238,1.004327957,C..closterium.1,diatom
48,48,48,WS1,C..danicus,C..danicus.1,0.776027496,0.058798804,1,0.002666712,FALSE,0.811960417,abundance affects trait,1.42E-10,0.80952381,0.761904762,0.033718254,10.10015309,42,Plankton,1.62324929,-9.847730424,4.957766883,1.004327957,C..danicus.1,diatom
49,49,49,WS1,C..debilis,C..debilis.1,0.955745477,0.01496913,1,0.002666712,TRUE,1,abundance affects trait,1.21E-10,0.80952381,0.761904762,0.033718254,10.10015309,42,Plankton,1.62324929,-9.915749828,6.435228585,1.004327957,C..debilis.1,diatom
50,50,50,WS1,C..densus,C..densus.1,0.542901472,0.037519978,1,0.002666712,FALSE,0.568039803,abundance affects trait,8.59E-10,0.80952381,0.761904762,0.033718254,10.10015309,42,Plankton,1.62324929,-9.066167477,5.303306325,1.004327957,C..densus.1,diatom
51,51,51,WS1,Chaetoceros.sp.,Chaetoceros.sp..1,0.713584635,0.060798939,0.99999994,0.008534908,FALSE,0.746626222,abundance affects trait,9.17E-11,0.80952381,0.761904762,0.033718254,10.10015309,42,Plankton,1.62324929,-10.03773799,7.494064545,1.004327957,Chaetoceros.sp..1,diatom
52,52,52,WS1,Ciliates.sp,Ciliates.sp.1,0.821788544,0.115743944,0.99999994,0.008534908,FALSE,0.85984037,abundance affects trait,7.75E-10,0.80952381,0.761904762,0.033718254,10.10015309,42,Plankton,1.62324929,-9.110921995,6.603005471,1.004327957,Ciliates.indet.1,ciliate 
53,53,53,WS1,D..brightwellii,D..brightwellii.1,0.929649075,0.001590516,1,0.002666712,TRUE,0.972695239,abundance affects trait,1.39E-09,0.80952381,0.761904762,0.033718254,10.10015309,42,Plankton,1.62324929,-8.857669106,4.975410486,1.004327957,D..brightwellii.1,diatom
54,54,54,WS1,D..surirella,D..surirella.1,0.865387342,0.07829749,1,0.002666712,FALSE,0.905457951,abundance affects trait,1.99E-10,0.80952381,0.761904762,0.033718254,10.10015309,42,Plankton,1.62324929,-9.701395835,5.669083657,1.004327957,D..surirella.1,diatom
55,55,55,WS1,Dinophy.sp,Dinophy.sp.1,0.895200556,0.100695927,0.99999994,0.008534908,FALSE,0.936651627,abundance affects trait,6.01E-10,0.80952381,0.761904762,0.033718254,10.10015309,42,Plankton,1.62324929,-9.221462507,6.862081079,1.004327957,Dinophy.indet.1,Dinoflagellate
56,56,56,WS1,Diplopsalis.gr,Diplopsalis.gr.1,0.753314456,0.120789406,0.99999994,0.008534908,FALSE,0.78819568,abundance affects trait,2.65E-09,0.80952381,0.761904762,0.033718254,10.10015309,42,Plankton,1.62324929,-8.577420403,5.330833112,1.004327957,Diplopsalis.gr.1,Dinoflagellate
57,57,57,WS1,E..dubium,E..dubium.1,0.746577819,0.158648813,0.99999994,0.008534908,FALSE,0.781147111,abundance affects trait,1.91E-10,0.80952381,0.761904762,0.033718254,10.10015309,42,Plankton,1.62324929,-9.717854675,6.411242741,1.004327957,E..dubium.1,Charophyta
58,58,58,WS1,E..tripartita,E..tripartita.1,0.529249563,0.13079671,1,0.002666712,FALSE,0.55375576,abundance affects trait,8.24E-10,0.80952381,0.761904762,0.033718254,10.10015309,42,Plankton,1.62324929,-9.084329388,5.304389623,1.004327957,E..tripartita.1,Charophyta
59,59,59,WS1,G..delicatula,G..delicatula.1,0.781320481,0.021825532,0.99999994,0.008534908,TRUE,0.817498486,abundance affects trait,7.13E-10,0.80952381,0.761904762,0.033718254,10.10015309,42,Plankton,1.62324929,-9.146787343,6.816697412,1.004327957,G..delicatula.1,diatom
60,60,60,WS1,G..striata,G..striata.1,0.932538265,0.062897539,1,0.002666712,FALSE,0.975718209,abundance affects trait,2.25E-09,0.80952381,0.761904762,0.033718254,10.10015309,42,Plankton,1.62324929,-8.648655945,5.928852697,1.004327957,G..striata.1,diatom
61,61,61,WS1,L..danicus,L..danicus.1,0.766159765,0.041585112,0.99999994,0.008534908,TRUE,0.801635774,abundance affects trait,1.32E-10,0.80952381,0.761904762,0.033718254,10.10015309,42,Plankton,1.62324929,-9.878189549,6.839412254,1.004327957,L..danicus.1,diatom
62,62,62,WS1,L..minimus,L..minimus.1,0.647799687,0.423723163,0.238095239,0.548005581,FALSE,0.67779519,abundance affects trait,3.92E-11,0.80952381,0.761904762,0.033718254,10.10015309,42,Plankton,1.62324929,-10.40644052,6.919917194,1.004327957,L..minimus.1,diatom
63,63,63,WS1,L..strobila,L..strobila.1,0.902971735,0.109698305,1,0.002666712,FALSE,0.944782641,abundance affects trait,1.04E-08,0.80952381,0.761904762,0.033718254,10.10015309,42,Plankton,1.62324929,-7.982138995,4.437021116,1.004327957,L..strobila.1,diatom
64,64,64,WS1,L..undulatum,L..undulatum.1,0.906208169,0.003220292,0.99999994,0.008534908,TRUE,0.948168932,abundance affects trait,2.27E-09,0.80952381,0.761904762,0.033718254,10.10015309,42,Plankton,1.62324929,-8.644753523,5.107863527,1.004327957,L..undulatum.1,diatom
65,65,65,WS1,M..rubra,M..rubra.1,0.784280408,0.05205494,0.99999994,0.008534908,FALSE,0.820595469,abundance affects trait,1.54E-09,0.80952381,0.761904762,0.033718254,10.10015309,42,Plankton,1.62324929,-8.812293772,5.041936675,1.004327957,M..rubra.1,ciliate
66,66,66,WS1,Navicula.sp.,Navicula.sp..1,0.826509644,0.100992582,1,0.002666712,FALSE,0.864780073,abundance affects trait,1.34E-10,0.80952381,0.761904762,0.033718254,10.10015309,42,Plankton,1.62324929,-9.872228906,5.722301804,1.004327957,Navicula.sp..1,diatom
67,67,67,WS1,O..aurita,O..aurita.1,0.105945836,0.323689334,0.714285731,0.035498142,FALSE,0.110851517,abundance affects trait,7.32E-10,0.80952381,0.761904762,0.033718254,10.10015309,42,Plankton,1.62324929,-9.135388565,6.920221532,1.004327957,O..aurita.1,diatom
68,68,68,WS1,O..aurita.var..minima,O..aurita.var..minima.1,0.591580922,0.091142068,1,0.002666712,FALSE,0.618973289,abundance affects trait,2.14E-10,0.80952381,0.761904762,0.033718254,10.10015309,42,Plankton,1.62324929,-9.66933,6.369098816,1.004327957,O..aurita.var..minima.1,diatom
69,69,69,WS1,O..mobiliensis,O..mobiliensis.1,0.83528319,0.180811136,0.90476191,0.006863832,FALSE,0.873959867,abundance affects trait,3.44E-09,0.80952381,0.761904762,0.033718254,10.10015309,42,Plankton,1.62324929,-8.463184461,4.639173076,1.004327957,O..mobiliensis.1,diatom
70,70,70,WS1,O..regia,O..regia.1,0.709882187,0.132166476,1,0.002666712,FALSE,0.742752338,abundance affects trait,7.35E-09,0.80952381,0.761904762,0.033718254,10.10015309,42,Plankton,1.62324929,-8.134007208,4.814766374,1.004327957,O..regia.1,diatom
71,71,71,WS1,O..rhombus,O..rhombus.1,0.849925812,0.032543766,0.99999994,0.008534908,TRUE,0.889280497,abundance affects trait,3.37E-09,0.80952381,0.761904762,0.033718254,10.10015309,42,Plankton,1.62324929,-8.472317765,5.509903488,1.004327957,O..rhombus.1,diatom
72,72,72,WS1,O..rhombus.f.trigona,O..rhombus.f.trigona.1,0.898769615,0.043405592,1,0.002666712,TRUE,0.940385946,abundance affects trait,3.04E-09,0.80952381,0.761904762,0.033718254,10.10015309,42,Plankton,1.62324929,-8.517658225,5.263697112,1.004327957,O..rhombus.f.trigona.1,diatom
73,73,73,WS1,P..micans,P..micans.1,0.883730529,0.023068281,1,0.002666712,TRUE,0.924650496,abundance affects trait,1.28E-09,0.80952381,0.761904762,0.033718254,10.10015309,42,Plankton,1.62324929,-8.892949909,4.378646844,1.004327957,P..micans.1,dinoflagellate
74,74,74,WS1,P..sulcata,P..sulcata.1,0.784333702,0.010611393,0.99999994,0.008534908,TRUE,0.820651231,abundance affects trait,4.44E-10,0.80952381,0.761904762,0.033718254,10.10015309,42,Plankton,1.62324929,-9.353049461,5.306453396,1.004327957,P..sulcata.1,dinoflagellate
75,75,75,WS1,P..vanheurckii,P..vanheurckii.1,0.785483146,0.113315616,1,0.002666712,FALSE,0.821853898,abundance affects trait,1.95E-10,0.80952381,0.761904762,0.033718254,10.10015309,42,Plankton,1.62324929,-9.710182919,5.75077682,1.004327957,P..vanheurckii.1,dinoflagellate
76,76,76,WS1,Pleurosigma.sp.,Pleurosigma.sp..1,0.916487097,0.056300229,1,0.002666712,FALSE,0.958923813,abundance affects trait,9.58E-10,0.80952381,0.761904762,0.033718254,10.10015309,42,Plankton,1.62324929,-9.018625729,4.810985293,1.004327957,Pleurosigma.sp..1,diatom
77,77,77,WS1,Protoperidinium.sp.,Protoperidinium.sp..1,0.852837808,0.136299408,1,0.002666712,FALSE,0.892327328,abundance affects trait,3.56E-09,0.80952381,0.761904762,0.033718254,10.10015309,42,Plankton,1.62324929,-8.448028631,5.101878649,1.004327957,Protoperidinium.sp..1,dinoflagellate
78,78,78,WS1,Prymnesiophyceae.sp,Prymnesiophyceae.sp.1,0.615257479,0.041029672,0.99999994,0.008534908,FALSE,0.643746158,abundance affects trait,8.59E-11,0.80952381,0.761904762,0.033718254,10.10015309,42,Plankton,1.62324929,-10.06595025,6.286668531,1.004327957,Prymnesiophyceae.indet.1,Heterokontophyta
79,79,79,WS1,Pseudo.nitzschia.sp.,Pseudo.nitzschia.sp..1,0.547498629,0.048915905,1,0.002666712,FALSE,0.572849825,abundance affects trait,9.66E-11,0.80952381,0.761904762,0.033718254,10.10015309,42,Plankton,1.62324929,-10.01482808,7.600960017,1.004327957,Pseudo.nitzschia.sp..1,diatom
80,80,80,WS1,R..imbricata,R..imbricata.1,0.303911508,0.184431511,0.866666615,0.024170518,FALSE,0.317983727,abundance affects trait,1.66E-09,0.80952381,0.761904762,0.033718254,10.10015309,42,Plankton,1.62324929,-8.779839246,6.547854205,1.004327957,R..imbricata.1,Heterokontophyta
81,81,81,WS1,R..setigera,R..setigera.1,0.589580623,0.169980857,0.866666615,0.024170518,FALSE,0.61688037,abundance affects trait,1.62E-09,0.80952381,0.761904762,0.033718254,10.10015309,42,Plankton,1.62324929,-8.791154822,5.911191686,1.004327957,R..setigera.1,Heterokontophyta
82,82,82,WS1,S..fragilarioides,S..fragilarioides.1,0.722152106,0.069640113,1,0.002666712,FALSE,0.755590398,abundance affects trait,1.96E-10,0.80952381,0.761904762,0.033718254,10.10015309,42,Plankton,1.62324929,-9.708295147,6.109568337,1.004327957,S..fragilarioides.1,Heterokontophyta
83,83,83,WS1,Thalassiosira.sp.,Thalassiosira.sp..1,0.305774118,0.106457836,1,0.002666712,FALSE,0.319932582,abundance affects trait,3.24E-10,0.80952381,0.761904762,0.033718254,10.10015309,42,Plankton,1.62324929,-9.490003963,7.55656225,1.004327957,Thalassiosira.sp..1,diatom
84,84,84,WS1,Tintinidae.sp,Tintinidae.sp.1,0.810705132,0.009032843,0.99999994,0.008534908,TRUE,0.848243755,abundance affects trait,1.18E-09,0.80952381,0.761904762,0.033718254,10.10015309,42,Plankton,1.62324929,-8.929513431,5.699678212,1.004327957,Tintinidae.indet.1,ciliate 
85,85,1,ME1,Chlamydomonas.globosa..1,Chlamydomonas.globosa.,0.941994376,0.03043114,1,0.002666712,TRUE,0.964007957,trait affects abundance,1.56E-07,0.724137931,0.586206897,0.024158508,10.03227456,29,Plankton,1.462397998,-6.808040607,7.571748195,1.001399409,Chlamydomonas.globosa.,Chlorophyta
86,86,2,ME1,Cryptomonas.erosa..1,Cryptomonas.erosa.,0.687711214,0.140651439,1,0.002666712,FALSE,0.703782421,trait affects abundance,5.77E-07,0.724137931,0.586206897,0.024158508,10.03227456,29,Plankton,1.462397998,-6.23847502,7.834373232,1.001399409,Cryptomonas.erosa.,Cyanobacteria
87,87,3,ME1,Aphanizomenon.flos.aquae.1,Aphanizomenon.flos.aquae,0.805734658,0.073443174,1,0.002666712,FALSE,0.824563969,trait affects abundance,6.71E-08,0.724137931,0.586206897,0.024158508,10.03227456,29,Plankton,1.462397998,-7.173235106,9.862386699,1.001399409,Aphanizomenon.flos.aquae,Cyanobacteria
88,88,4,ME1,Aphanothece.nidulans..1,Aphanothece.nidulans.,0.875429249,4.63E-06,1,0.002666712,TRUE,0.895887262,trait affects abundance,1.50E-09,0.724137931,0.586206897,0.024158508,10.03227456,29,Plankton,1.462397998,-8.822767042,10.61055201,1.001399409,Aphanothece.nidulans.,Cyanobacteria
89,89,5,ME1,Oscillatoria.limnetica..1,Oscillatoria.limnetica.,0.715189852,0.213939265,1,0.002666712,FALSE,0.73190321,trait affects abundance,1.16E-08,0.724137931,0.586206897,0.024158508,10.03227456,29,Plankton,1.462397998,-7.934845298,9.164571159,1.001399409,Oscillatoria.limnetica.,Cyanobacteria
90,90,6,ME1,Synechocystis...1,Synechocystis..,0.668425533,0.066387793,1,0.002666712,FALSE,0.684046051,trait affects abundance,1.11E-08,0.724137931,0.586206897,0.024158508,10.03227456,29,Plankton,1.462397998,-7.953443433,8.877797627,1.001399409,Synechocystis..,Cyanobacteria
91,91,7,ME1,Miscellaneous.1,Miscellaneous,0.671467857,0.175862725,1,0.002666712,FALSE,0.687159471,trait affects abundance,1.11E-08,0.724137931,0.586206897,0.024158508,10.03227456,29,Plankton,1.462397998,-7.953907382,9.060049964,1.001399409,Miscellaneous,Heterokontophyta
92,92,8,ME1,Rhodomonas.minuta.var..nannoplanctica.1,Rhodomonas.minuta.var..nannoplanctica,0.409166146,0.286322668,1,0.002666712,FALSE,0.418727999,trait affects abundance,5.84E-08,0.724137931,0.586206897,0.024158508,10.03227456,29,Plankton,1.462397998,-7.23388024,8.789569311,1.001399409,Rhodomonas.minuta.var..nannoplanctica,Cyanobacteria
93,93,9,ME1,Sphaerocystis.schroeteri..1,Sphaerocystis.schroeteri.,0.974290409,8.70E-07,1,0.002666712,TRUE,0.997058719,trait affects abundance,1.16E-07,0.724137931,0.586206897,0.024158508,10.03227456,29,Plankton,1.462397998,-6.933707887,8.210948119,1.001399409,Sphaerocystis.schroeteri.,Chlorophyta
94,94,10,ME1,Chlorococcaceae.1,Chlorococcaceae,0.623761852,0.170181797,1,0.002666712,FALSE,0.638338618,trait affects abundance,7.84E-08,0.724137931,0.586206897,0.024158508,10.03227456,29,Plankton,1.462397998,-7.105877743,7.737987,1.001399409,Chlorococcaceae,Chlorophyta
95,95,11,ME1,Microcystis.aeruginosa..1,Microcystis.aeruginosa.,0.885291541,0.033447354,1,0.002666712,TRUE,0.905980026,trait affects abundance,2.94E-08,0.724137931,0.586206897,0.024158508,10.03227456,29,Plankton,1.462397998,-7.531041718,9.793242144,1.001399409,Microcystis.aeruginosa.,Cyanobacteria
96,96,12,ME1,Schroederia.judayi..1,Schroederia.judayi.,0.75155824,0.061127261,1,0.002666712,FALSE,0.769121495,trait affects abundance,2.74E-08,0.724137931,0.586206897,0.024158508,10.03227456,29,Plankton,1.462397998,-7.561814042,8.011171117,1.001399409,Schroederia.judayi.,Chlorophyta
97,97,13,ME1,Anabaena.flos.aquae..1,Anabaena.flos.aquae.,0.950789346,0.000669714,1,0.002666712,TRUE,0.973008458,trait affects abundance,6.91E-08,0.724137931,0.586206897,0.024158508,10.03227456,29,Plankton,1.462397998,-7.160513099,8.72660269,1.001399409,Anabaena.flos.aquae.,Cyanobacteria
98,98,14,ME1,Aphanocapsa.delicatissima..1,Aphanocapsa.delicatissima.,0.419480354,0.074574171,1,0.002666712,FALSE,0.429283241,trait affects abundance,3.77E-10,0.724137931,0.586206897,0.024158508,10.03227456,29,Plankton,1.462397998,-9.423696044,10.4055772,1.001399409,Aphanocapsa.delicatissima.,Cyanobacteria
99,99,15,ME1,Coelosphaerium.naegelianum..1,Coelosphaerium.naegelianum.,0.22857759,0.166774384,0.99999994,0.008534908,FALSE,0.233919247,trait affects abundance,1.28E-08,0.724137931,0.586206897,0.024158508,10.03227456,29,Plankton,1.462397998,-7.893865944,8.823677483,1.001399409,Coelosphaerium.naegelianum.,Cyanobacteria
100,100,16,ME1,Chroococcaceae.1,Chroococcaceae,0.908132861,0.058234157,1,0.002666712,FALSE,0.929355128,trait affects abundance,3.50E-10,0.724137931,0.586206897,0.024158508,10.03227456,29,Plankton,1.462397998,-9.455579667,10.05788727,1.001399409,Chroococcaceae,Cyanobacteria
101,101,17,ME1,Erkenia.subaequiciliata..1,Erkenia.subaequiciliata.,0.951894143,0.002117955,1,0.002666712,TRUE,0.974139073,trait affects abundance,4.03E-08,0.724137931,0.586206897,0.024158508,10.03227456,29,Plankton,1.462397998,-7.394982369,7.980846985,1.001399409,Erkenia.subaequiciliata.,Haptophyta
102,102,18,ME1,Synechococcus.sp1..1,Synechococcus.sp1.,0.801815204,0.027791292,0.99999994,0.008534908,TRUE,0.82055292,trait affects abundance,5.36E-10,0.724137931,0.586206897,0.024158508,10.03227456,29,Plankton,1.462397998,-9.27057517,9.778616962,1.001399409,Synechococcus.sp1.,Cyanobacteria
103,103,19,ME1,DIACYCLOPS.THOMASI.1,DIACYCLOPS.THOMASI,0.236666971,0.146504793,0.966091692,0.012898922,FALSE,0.24219767,trait affects abundance,6.52E-05,0.724137931,0.586206897,0.024158508,10.03227456,29,Plankton,1.462397998,-4.185963554,3.216731098,1.001399409,DIACYCLOPS.THOMASI,copepod 
104,104,20,ME1,DIAPTOMID.1,DIAPTOMID,0.267827428,0.31119662,0.466666639,0.25965631,FALSE,0.27408632,trait affects abundance,6.53E-05,0.724137931,0.586206897,0.024158508,10.03227456,29,Plankton,1.462397998,-4.184927411,3.783007122,1.001399409,DIAPTOMID,copepod 
105,105,21,ME1,AGLAODIAPTOMUS.CLAVIPES.1,AGLAODIAPTOMUS.CLAVIPES,0.412799757,0.373004366,0.866666615,0.024170518,FALSE,0.422446525,trait affects abundance,0.000469772,0.724137931,0.586206897,0.024158508,10.03227456,29,Plankton,1.462397998,-3.328113299,2.61364614,1.001399409,AGLAODIAPTOMUS.CLAVIPES,copepod 
106,106,22,ME1,DAPHNIA.MENDOTAE.1,DAPHNIA.MENDOTAE,0.082465508,0.359320001,0.577350259,0.241566658,FALSE,0.084392654,trait affects abundance,0.000156665,0.724137931,0.586206897,0.024158508,10.03227456,29,Plankton,1.462397998,-3.805028349,2.832667803,1.001399409,DAPHNIA.MENDOTAE,Cladocera
107,107,23,ME1,DAPHNIA.PULICARIA.1,DAPHNIA.PULICARIA,0.138878257,0.39435933,0.333333313,0.452370405,FALSE,0.14212372,trait affects abundance,0.000226309,0.724137931,0.586206897,0.024158508,10.03227456,29,Plankton,1.462397998,-3.645298788,3.339019058,1.001399409,DAPHNIA.PULICARIA,Cladocera
108,108,24,ME1,CYCLOPOID.1,CYCLOPOID,0.58865511,0.041173042,0.99999994,0.008534908,TRUE,0.602411462,trait affects abundance,1.48E-05,0.724137931,0.586206897,0.024158508,10.03227456,29,Plankton,1.462397998,-4.82885415,3.11671949,1.001399409,CYCLOPOID,copepod 
109,109,25,ME1,DAPHNIA.1,DAPHNIA,0.54097689,0.083923953,0.99999994,0.008534908,FALSE,0.553619044,trait affects abundance,2.56E-05,0.724137931,0.586206897,0.024158508,10.03227456,29,Plankton,1.462397998,-4.592210689,2.616123334,1.001399409,DAPHNIA,Cladocera
110,110,26,ME1,MESOCYCLOPS.EDAX.1,MESOCYCLOPS.EDAX,0,0.5,1,1,FALSE,0,trait affects abundance,7.12E-05,0.724137931,0.586206897,0.024158508,10.03227456,29,Plankton,1.462397998,-4.147581859,2.327339927,1.001399409,MESOCYCLOPS.EDAX,copepod 
111,111,27,ME1,CHYDORUS.1,CHYDORUS,0.324806387,0.07091678,0.99999994,0.008534908,FALSE,0.332396827,trait affects abundance,2.04E-06,0.724137931,0.586206897,0.024158508,10.03227456,29,Plankton,1.462397998,-5.69054801,2.331292409,1.001399409,CHYDORUS,Cladocera
112,112,28,ME1,ACANTHOCYCLOPS.1,ACANTHOCYCLOPS,0.522613999,0.150707628,1,0.002666712,FALSE,0.534827029,trait affects abundance,4.68E-05,0.724137931,0.586206897,0.024158508,10.03227456,29,Plankton,1.462397998,-4.329968977,2.08770571,1.001399409,ACANTHOCYCLOPS,copepod 
113,113,29,ME1,CALANOID.1,CALANOID,0.53506678,0.052149069,1,0.002666712,FALSE,0.547570821,trait affects abundance,1.62E-05,0.724137931,0.586206897,0.024158508,10.03227456,29,Plankton,1.462397998,-4.789381021,3.079803402,1.001399409,CALANOID,copepod 
114,114,30,ME1,Chlamydomonas.globosa.,Chlamydomonas.globosa..1,0.946694182,0.025375569,1,0.002666712,TRUE,0.968817593,abundance affects trait,1.56E-07,0.724137931,0.586206897,0.024158508,10.03227456,29,Plankton,1.462397998,-6.808040607,7.571748195,1.001399409,Chlamydomonas.globosa..1,Chlorophyta
115,115,31,ME1,Cryptomonas.erosa.,Cryptomonas.erosa..1,0.769635983,0.216810872,1,0.002666712,FALSE,0.7876217,abundance affects trait,5.77E-07,0.724137931,0.586206897,0.024158508,10.03227456,29,Plankton,1.462397998,-6.23847502,7.834373232,1.001399409,Cryptomonas.erosa..1,Cyanobacteria
116,116,32,ME1,Aphanizomenon.flos.aquae,Aphanizomenon.flos.aquae.1,0.796956407,0.167495654,1,0.002666712,FALSE,0.815580578,abundance affects trait,6.71E-08,0.724137931,0.586206897,0.024158508,10.03227456,29,Plankton,1.462397998,-7.173235106,9.862386699,1.001399409,Aphanizomenon.flos.aquae.1,Cyanobacteria
117,117,33,ME1,Aphanothece.nidulans.,Aphanothece.nidulans..1,0.808010836,0.000149627,1,0.002666712,TRUE,0.826893339,abundance affects trait,1.50E-09,0.724137931,0.586206897,0.024158508,10.03227456,29,Plankton,1.462397998,-8.822767042,10.61055201,1.001399409,Aphanothece.nidulans..1,Cyanobacteria
118,118,34,ME1,Oscillatoria.limnetica.,Oscillatoria.limnetica..1,0.856275028,0.048398798,1,0.002666712,TRUE,0.876285423,abundance affects trait,1.16E-08,0.724137931,0.586206897,0.024158508,10.03227456,29,Plankton,1.462397998,-7.934845298,9.164571159,1.001399409,Oscillatoria.limnetica..1,Cyanobacteria
119,119,35,ME1,Synechocystis..,Synechocystis...1,0.609882809,0.039456584,0.99999994,0.008534908,TRUE,0.624135235,abundance affects trait,1.11E-08,0.724137931,0.586206897,0.024158508,10.03227456,29,Plankton,1.462397998,-7.953443433,8.877797627,1.001399409,Synechocystis...1,Cyanobacteria
120,120,36,ME1,Miscellaneous,Miscellaneous.1,0.709674974,0.068956667,0.99999994,0.008534908,FALSE,0.726259455,abundance affects trait,1.11E-08,0.724137931,0.586206897,0.024158508,10.03227456,29,Plankton,1.462397998,-7.953907382,9.060049964,1.001399409,Miscellaneous.1,Heterokontophyta
121,121,37,ME1,Rhodomonas.minuta.var..nannoplanctica,Rhodomonas.minuta.var..nannoplanctica.1,0.3627825,0.225192698,0.90476191,0.006863832,FALSE,0.371260408,abundance affects trait,5.84E-08,0.724137931,0.586206897,0.024158508,10.03227456,29,Plankton,1.462397998,-7.23388024,8.789569311,1.001399409,Rhodomonas.minuta.var..nannoplanctica.1,Cyanobacteria
122,122,38,ME1,Sphaerocystis.schroeteri.,Sphaerocystis.schroeteri..1,0.880081813,0.00374518,0.99999994,0.008534908,TRUE,0.900648551,abundance affects trait,1.16E-07,0.724137931,0.586206897,0.024158508,10.03227456,29,Plankton,1.462397998,-6.933707887,8.210948119,1.001399409,Sphaerocystis.schroeteri..1,Chlorophyta
123,123,39,ME1,Chlorococcaceae,Chlorococcaceae.1,0.494653487,0.111492468,0.99999994,0.008534908,FALSE,0.506213105,abundance affects trait,7.84E-08,0.724137931,0.586206897,0.024158508,10.03227456,29,Plankton,1.462397998,-7.105877743,7.737987,1.001399409,Chlorococcaceae.1,Chlorophyta
124,124,40,ME1,Microcystis.aeruginosa.,Microcystis.aeruginosa..1,0.903826048,0.05847233,1,0.002666712,FALSE,0.924947668,abundance affects trait,2.94E-08,0.724137931,0.586206897,0.024158508,10.03227456,29,Plankton,1.462397998,-7.531041718,9.793242144,1.001399409,Microcystis.aeruginosa..1,Cyanobacteria
125,125,41,ME1,Schroederia.judayi.,Schroederia.judayi..1,0.699146949,0.112686648,1,0.002666712,FALSE,0.715485399,abundance affects trait,2.74E-08,0.724137931,0.586206897,0.024158508,10.03227456,29,Plankton,1.462397998,-7.561814042,8.011171117,1.001399409,Schroederia.judayi..1,Chlorophyta
126,126,42,ME1,Anabaena.flos.aquae.,Anabaena.flos.aquae..1,0.977164524,0.000113132,1,0.002666712,TRUE,1,abundance affects trait,6.91E-08,0.724137931,0.586206897,0.024158508,10.03227456,29,Plankton,1.462397998,-7.160513099,8.72660269,1.001399409,Anabaena.flos.aquae..1,Cyanobacteria
127,127,43,ME1,Aphanocapsa.delicatissima.,Aphanocapsa.delicatissima..1,0.395609581,0.22567982,0.99999994,0.008534908,FALSE,0.404854629,abundance affects trait,3.77E-10,0.724137931,0.586206897,0.024158508,10.03227456,29,Plankton,1.462397998,-9.423696044,10.4055772,1.001399409,Aphanocapsa.delicatissima..1,Cyanobacteria
128,128,44,ME1,Coelosphaerium.naegelianum.,Coelosphaerium.naegelianum..1,0.428183227,0.043039097,0.99999994,0.008534908,TRUE,0.438189493,abundance affects trait,1.28E-08,0.724137931,0.586206897,0.024158508,10.03227456,29,Plankton,1.462397998,-7.893865944,8.823677483,1.001399409,Coelosphaerium.naegelianum..1,Cyanobacteria
129,129,45,ME1,Chroococcaceae,Chroococcaceae.1,0.923379424,0.019732126,1,0.002666712,TRUE,0.94495799,abundance affects trait,3.50E-10,0.724137931,0.586206897,0.024158508,10.03227456,29,Plankton,1.462397998,-9.455579667,10.05788727,1.001399409,Chroococcaceae.1,Cyanobacteria
130,130,46,ME1,Erkenia.subaequiciliata.,Erkenia.subaequiciliata..1,0.940505436,0.009673745,1,0.002666712,TRUE,0.962484221,abundance affects trait,4.03E-08,0.724137931,0.586206897,0.024158508,10.03227456,29,Plankton,1.462397998,-7.394982369,7.980846985,1.001399409,Erkenia.subaequiciliata..1,Haptophyta
131,131,47,ME1,Synechococcus.sp1.,Synechococcus.sp1..1,0.824656067,0.007194161,0.99999994,0.008534908,TRUE,0.843927555,abundance affects trait,5.36E-10,0.724137931,0.586206897,0.024158508,10.03227456,29,Plankton,1.462397998,-9.27057517,9.778616962,1.001399409,Synechococcus.sp1..1,Cyanobacteria
132,132,48,ME1,DIACYCLOPS.THOMASI,DIACYCLOPS.THOMASI.1,0.236048984,0.464472666,0.619047642,0.071505427,FALSE,0.241565241,abundance affects trait,6.52E-05,0.724137931,0.586206897,0.024158508,10.03227456,29,Plankton,1.462397998,-4.185963554,3.216731098,1.001399409,DIACYCLOPS.THOMASI.1,copepod 
133,133,49,ME1,DIAPTOMID,DIAPTOMID.1,0.22706127,0.171477416,1,0.002666712,FALSE,0.232367493,abundance affects trait,6.53E-05,0.724137931,0.586206897,0.024158508,10.03227456,29,Plankton,1.462397998,-4.184927411,3.783007122,1.001399409,DIAPTOMID.1,copepod 
134,134,50,ME1,AGLAODIAPTOMUS.CLAVIPES,AGLAODIAPTOMUS.CLAVIPES.1,0.633429874,0.29245598,0.599999964,0.132854939,FALSE,0.648232574,abundance affects trait,0.000469772,0.724137931,0.586206897,0.024158508,10.03227456,29,Plankton,1.462397998,-3.328113299,2.61364614,1.001399409,AGLAODIAPTOMUS.CLAVIPES.1,copepod 
135,135,51,ME1,DAPHNIA.MENDOTAE,DAPHNIA.MENDOTAE.1,0.444570454,0.182417432,0.99999994,0.008534908,FALSE,0.454959674,abundance affects trait,0.000156665,0.724137931,0.586206897,0.024158508,10.03227456,29,Plankton,1.462397998,-3.805028349,2.832667803,1.001399409,DAPHNIA.MENDOTAE.1,Cladocera
136,136,52,ME1,DAPHNIA.PULICARIA,DAPHNIA.PULICARIA.1,0.457775728,0.047699812,1,0.002666712,TRUE,0.468473544,abundance affects trait,0.000226309,0.724137931,0.586206897,0.024158508,10.03227456,29,Plankton,1.462397998,-3.645298788,3.339019058,1.001399409,DAPHNIA.PULICARIA.1,Cladocera
137,137,53,ME1,CYCLOPOID,CYCLOPOID.1,0.489807419,0.18927563,0.866666615,0.024170518,FALSE,0.501253788,abundance affects trait,1.48E-05,0.724137931,0.586206897,0.024158508,10.03227456,29,Plankton,1.462397998,-4.82885415,3.11671949,1.001399409,CYCLOPOID.1,copepod 
138,138,54,ME1,DAPHNIA,DAPHNIA.1,0.260966182,0.397530856,-0.333333343,0.36752075,FALSE,0.267064732,abundance affects trait,2.56E-05,0.724137931,0.586206897,0.024158508,10.03227456,29,Plankton,1.462397998,-4.592210689,2.616123334,1.001399409,DAPHNIA.1,Cladocera
139,139,55,ME1,MESOCYCLOPS.EDAX,MESOCYCLOPS.EDAX.1,0.223263591,0.212148126,0.99999994,0.008534908,FALSE,0.228481065,abundance affects trait,7.12E-05,0.724137931,0.586206897,0.024158508,10.03227456,29,Plankton,1.462397998,-4.147581859,2.327339927,1.001399409,MESOCYCLOPS.EDAX.1,copepod 
140,140,56,ME1,CHYDORUS,CHYDORUS.1,0.603068453,0.061606547,1,0.002666712,FALSE,0.617161633,abundance affects trait,2.04E-06,0.724137931,0.586206897,0.024158508,10.03227456,29,Plankton,1.462397998,-5.69054801,2.331292409,1.001399409,CHYDORUS.1,Cladocera
141,141,57,ME1,ACANTHOCYCLOPS,ACANTHOCYCLOPS.1,0.406160528,0.257999164,0.90476191,0.006863832,FALSE,0.415652143,abundance affects trait,4.68E-05,0.724137931,0.586206897,0.024158508,10.03227456,29,Plankton,1.462397998,-4.329968977,2.08770571,1.001399409,ACANTHOCYCLOPS.1,copepod 
142,142,58,ME1,CALANOID,CALANOID.1,0.571150582,0.045656099,1,0.002666712,TRUE,0.58449787,abundance affects trait,1.62E-05,0.724137931,0.586206897,0.024158508,10.03227456,29,Plankton,1.462397998,-4.789381021,3.079803402,1.001399409,CALANOID.1,copepod 
143,143,1,MO1,Rhodomonas.minuta.var..nannoplanctica.1,Rhodomonas.minuta.var..nannoplanctica,0.898640901,0.02460319,1,0.002666712,TRUE,0.92305528,trait affects abundance,3.52E-08,0.651162791,0.627906977,0.242712346,10.85724215,43,Plankton,1.633468456,-7.453015174,8.766985053,1.035719524,Rhodomonas.minuta.var..nannoplanctica,Cyanobacteria
144,144,2,MO1,Anabaena.flos.aquae..1,Anabaena.flos.aquae.,0.917084273,0.109215685,0.90476191,0.006863832,FALSE,0.941999723,trait affects abundance,6.50E-08,0.651162791,0.627906977,0.242712346,10.85724215,43,Plankton,1.633468456,-7.187306089,9.180182089,1.035719524,Anabaena.flos.aquae.,Cyanobacteria
145,145,3,MO1,Aphanocapsa.delicatissima..1,Aphanocapsa.delicatissima.,0.878408627,0.095794432,1,0.002666712,FALSE,0.902273332,trait affects abundance,3.71E-10,0.651162791,0.627906977,0.242712346,10.85724215,43,Plankton,1.633468456,-9.430486638,10.53738999,1.035719524,Aphanocapsa.delicatissima.,Cyanobacteria
146,146,4,MO1,Synechocystis...1,Synechocystis..,0.785315983,0.018485675,1,0.002666712,TRUE,0.806651538,trait affects abundance,1.04E-08,0.651162791,0.627906977,0.242712346,10.85724215,43,Plankton,1.633468456,-7.982976244,8.781164975,1.035719524,Synechocystis..,Cyanobacteria
147,147,5,MO1,Gymnodinium.sp3..1,Gymnodinium.sp3.,0.960216126,0.003982963,0.90476191,0.006863832,TRUE,0.986303387,trait affects abundance,1.08E-07,0.651162791,0.627906977,0.242712346,10.85724215,43,Plankton,1.633468456,-6.966855988,7.300287195,1.035719524,Gymnodinium.sp3.,dinoflagellate
148,148,6,MO1,Miscellaneous.1,Miscellaneous,0.765467229,0.177646343,0.809523821,0.016260982,FALSE,0.78626353,trait affects abundance,1.49E-08,0.651162791,0.627906977,0.242712346,10.85724215,43,Plankton,1.633468456,-7.825699396,9.053220335,1.035719524,Miscellaneous,Heterokontophyta
149,149,7,MO1,Erkenia.subaequiciliata..1,Erkenia.subaequiciliata.,0.971075656,6.78E-05,1,0.002666712,TRUE,0.99745795,trait affects abundance,3.90E-08,0.651162791,0.627906977,0.242712346,10.85724215,43,Plankton,1.633468456,-7.408636028,8.568634315,1.035719524,Erkenia.subaequiciliata.,Haptophyta
150,150,8,MO1,Monoraphidium.arcuatum.1,Monoraphidium.arcuatum,0.811200253,0.059216162,1,0.002666712,FALSE,0.833239034,trait affects abundance,6.65E-08,0.651162791,0.627906977,0.242712346,10.85724215,43,Plankton,1.633468456,-7.177251037,7.315608916,1.035719524,Monoraphidium.arcuatum,Chlorophyta
151,151,9,MO1,Oocystis.parva..1,Oocystis.parva.,0.82904715,0.059157185,1,0.002666712,FALSE,0.851570798,trait affects abundance,1.19E-07,0.651162791,0.627906977,0.242712346,10.85724215,43,Plankton,1.633468456,-6.923116461,8.048857677,1.035719524,Oocystis.parva.,Chlorophyta
152,152,10,MO1,Quadrigula.lacustris..1,Quadrigula.lacustris.,0.594659215,0.479850771,0.523809552,0.133128524,FALSE,0.610814985,trait affects abundance,9.96E-08,0.651162791,0.627906977,0.242712346,10.85724215,43,Plankton,1.633468456,-7.001678502,7.232401708,1.035719524,Quadrigula.lacustris.,Chlorophyta
153,153,11,MO1,Schroederia.judayi..1,Schroederia.judayi.,0.668997905,0.109775417,0.90476191,0.006863832,FALSE,0.687173316,trait affects abundance,3.50E-08,0.651162791,0.627906977,0.242712346,10.85724215,43,Plankton,1.633468456,-7.456456584,7.933894367,1.035719524,Schroederia.judayi.,Chlorophyta
154,154,12,MO1,Cryptomonas.erosa..1,Cryptomonas.erosa.,0.85991454,0.137134009,1,0.002666712,FALSE,0.883276797,trait affects abundance,5.11E-07,0.651162791,0.627906977,0.242712346,10.85724215,43,Plankton,1.633468456,-6.291806807,8.014984983,1.035719524,Cryptomonas.erosa.,Cyanobacteria
155,155,13,MO1,Rhodomonas.minuta..1,Rhodomonas.minuta.,0.893645791,0.133512777,1,0.002666712,FALSE,0.917924462,trait affects abundance,8.58E-08,0.651162791,0.627906977,0.242712346,10.85724215,43,Plankton,1.633468456,-7.066466333,8.385392893,1.035719524,Rhodomonas.minuta.,Cyanobacteria
156,156,14,MO1,Stephanodiscus.niagarae..1,Stephanodiscus.niagarae.,0.856281422,0.023160008,1,0.002666712,TRUE,0.879544974,trait affects abundance,3.09E-05,0.651162791,0.627906977,0.242712346,10.85724215,43,Plankton,1.633468456,-4.509565981,7.100277445,1.035719524,Stephanodiscus.niagarae.,Heterokontophyta
157,157,15,MO1,Chlamydomonas.globosa..1,Chlamydomonas.globosa.,0.892445275,0.046154754,1,0.002666712,TRUE,0.91669133,trait affects abundance,1.61E-07,0.651162791,0.627906977,0.242712346,10.85724215,43,Plankton,1.633468456,-6.793518574,7.944235714,1.035719524,Chlamydomonas.globosa.,Chlorophyta
158,158,16,MO1,Dictyosphaerium.pulchellum..1,Dictyosphaerium.pulchellum.,0.856932289,0.061637381,1,0.002666712,FALSE,0.880213524,trait affects abundance,5.00E-08,0.651162791,0.627906977,0.242712346,10.85724215,43,Plankton,1.633468456,-7.301315695,8.535296203,1.035719524,Dictyosphaerium.pulchellum.,Chlorophyta
159,159,17,MO1,Sphaerocystis.schroeteri..1,Sphaerocystis.schroeteri.,0.540018075,0.227593942,0.809523821,0.016260982,FALSE,0.554689348,trait affects abundance,1.07E-07,0.651162791,0.627906977,0.242712346,10.85724215,43,Plankton,1.633468456,-6.969621873,8.129858449,1.035719524,Sphaerocystis.schroeteri.,Chlorophyta
160,160,18,MO1,Aphanizomenon.flos.aquae.1,Aphanizomenon.flos.aquae,0.886534156,0.028833333,1,0.002666712,TRUE,0.910619617,trait affects abundance,6.70E-08,0.651162791,0.627906977,0.242712346,10.85724215,43,Plankton,1.633468456,-7.173850236,10.16101681,1.035719524,Aphanizomenon.flos.aquae,Cyanobacteria
161,161,19,MO1,Lyngbya.limnetica..1,Lyngbya.limnetica.,0.234658574,0.145507365,0.966091692,0.012898922,FALSE,0.241033805,trait affects abundance,3.38E-09,0.651162791,0.627906977,0.242712346,10.85724215,43,Plankton,1.633468456,-8.470625711,10.39885904,1.035719524,Lyngbya.limnetica.,Cyanobacteria
162,162,20,MO1,Oscillatoria.limnetica..1,Oscillatoria.limnetica.,0.92732573,0.021699919,1,0.002666712,TRUE,0.952519421,trait affects abundance,1.01E-08,0.651162791,0.627906977,0.242712346,10.85724215,43,Plankton,1.633468456,-7.997373265,9.649070381,1.035719524,Oscillatoria.limnetica.,Cyanobacteria
163,163,21,MO1,Chlorococcaceae.1,Chlorococcaceae,0.190370981,0.269152327,0.809523821,0.016260982,FALSE,0.195543002,trait affects abundance,9.99E-08,0.651162791,0.627906977,0.242712346,10.85724215,43,Plankton,1.633468456,-7.000423854,7.807153555,1.035719524,Chlorococcaceae,Chlorophyta
164,164,22,MO1,Aphanothece.nidulans..1,Aphanothece.nidulans.,0.948976754,0.006593581,1,0.002666712,TRUE,0.974758663,trait affects abundance,1.55E-09,0.651162791,0.627906977,0.242712346,10.85724215,43,Plankton,1.633468456,-8.809238455,10.09203758,1.035719524,Aphanothece.nidulans.,Cyanobacteria
165,165,23,MO1,Chroococcaceae.1,Chroococcaceae,0.880069019,0.015402493,1,0.002666712,TRUE,0.903978835,trait affects abundance,3.58E-10,0.651162791,0.627906977,0.242712346,10.85724215,43,Plankton,1.633468456,-9.445881172,10.09798547,1.035719524,Chroococcaceae,Cyanobacteria
166,166,24,MO1,Monoraphidium.capricornutum.1,Monoraphidium.capricornutum,0.948925604,0.002257914,1,0.002666712,TRUE,0.974706123,trait affects abundance,9.57E-09,0.651162791,0.627906977,0.242712346,10.85724215,43,Plankton,1.633468456,-8.019039857,7.647041748,1.035719524,Monoraphidium.capricornutum,Chlorophyta
167,167,25,MO1,Microcystis.aeruginosa..1,Microcystis.aeruginosa.,0.872486572,0.149863761,0.90476191,0.006863832,FALSE,0.896190387,trait affects abundance,2.99E-08,0.651162791,0.627906977,0.242712346,10.85724215,43,Plankton,1.633468456,-7.523607526,10.0335659,1.035719524,Microcystis.aeruginosa.,Cyanobacteria
168,168,26,MO1,Coelosphaerium.naegelianum..1,Coelosphaerium.naegelianum.,0.380051575,0.204663091,0.866666615,0.024170518,FALSE,0.390376859,trait affects abundance,1.33E-08,0.651162791,0.627906977,0.242712346,10.85724215,43,Plankton,1.633468456,-7.877328579,8.968536846,1.035719524,Coelosphaerium.naegelianum.,Cyanobacteria
169,169,27,MO1,Phormidium.mucicola.1,Phormidium.mucicola,0.964096876,0.002936659,1,0.002666712,TRUE,0.99028957,trait affects abundance,5.47E-09,0.651162791,0.627906977,0.242712346,10.85724215,43,Plankton,1.633468456,-8.262259636,9.0217407,1.035719524,Phormidium.mucicola,Cyanobacteria
170,170,28,MO1,Uroglena...1,Uroglena..,0.97355047,8.41E-06,1,0.002666712,TRUE,1,trait affects abundance,5.11E-08,0.651162791,0.627906977,0.242712346,10.85724215,43,Plankton,1.633468456,-7.291989863,7.837022744,1.035719524,Uroglena..,Heterokontophyta
171,171,29,MO1,Synechococcus.sp1..1,Synechococcus.sp1.,0.806650151,0.022953984,0.99999994,0.008534908,TRUE,0.828565314,trait affects abundance,5.65E-10,0.651162791,0.627906977,0.242712346,10.85724215,43,Plankton,1.633468456,-9.247768645,9.85146438,1.035719524,Synechococcus.sp1.,Cyanobacteria
172,172,30,MO1,Cryptomonas.rostratiformis..1,Cryptomonas.rostratiformis.,0.880839376,0.018593113,1,0.002666712,TRUE,0.90477012,trait affects abundance,2.18E-06,0.651162791,0.627906977,0.242712346,10.85724215,43,Plankton,1.633468456,-5.660604886,6.826077774,1.035719524,Cryptomonas.rostratiformis.,dinoflagellate
173,173,31,MO1,CYCLOPOID.1,CYCLOPOID,0.32474635,0.405951318,0.238095239,0.548005581,FALSE,0.333569096,trait affects abundance,1.96E-05,0.651162791,0.627906977,0.242712346,10.85724215,43,Plankton,1.633468456,-4.707942847,3.4036469,1.035719524,CYCLOPOID,copepod 
174,174,32,MO1,DIACYCLOPS.THOMASI.1,DIACYCLOPS.THOMASI,0.27927299,0.230499065,1,0.002666712,FALSE,0.28686031,trait affects abundance,6.73E-05,0.651162791,0.627906977,0.242712346,10.85724215,43,Plankton,1.633468456,-4.171963216,3.232638275,1.035719524,DIACYCLOPS.THOMASI,copepod 
175,175,33,MO1,CALANOID.1,CALANOID,0.21156488,0.257962166,0.90476191,0.006863832,FALSE,0.217312699,trait affects abundance,2.23E-05,0.651162791,0.627906977,0.242712346,10.85724215,43,Plankton,1.633468456,-4.651709758,3.055356839,1.035719524,CALANOID,copepod 
176,176,34,MO1,DIAPTOMID.1,DIAPTOMID,0.129933465,0.281958687,0.683130026,0.04828608,FALSE,0.133463512,trait affects abundance,7.64E-05,0.651162791,0.627906977,0.242712346,10.85724215,43,Plankton,1.633468456,-4.116726232,3.595826658,1.035719524,DIAPTOMID,copepod 
177,177,35,MO1,AGLAODIAPTOMUS.CLAVIPES.1,AGLAODIAPTOMUS.CLAVIPES,0.43070364,0.067407752,1,0.002666712,FALSE,0.442405045,trait affects abundance,0.000429464,0.651162791,0.627906977,0.242712346,10.85724215,43,Plankton,1.633468456,-3.367073738,2.707973138,1.035719524,AGLAODIAPTOMUS.CLAVIPES,copepod 
178,178,36,MO1,CHYDORUS.1,CHYDORUS,0.174107321,0.218653076,1,0.002666712,FALSE,0.178837488,trait affects abundance,2.96E-06,0.651162791,0.627906977,0.242712346,10.85724215,43,Plankton,1.633468456,-5.528976733,3.026500433,1.035719524,CHYDORUS,Cladocera
179,179,37,MO1,DAPHNIA.1,DAPHNIA,0.45154615,0.313177406,0.90476191,0.006863832,FALSE,0.463813807,trait affects abundance,2.15E-05,0.651162791,0.627906977,0.242712346,10.85724215,43,Plankton,1.633468456,-4.666783671,2.415530431,1.035719524,DAPHNIA,Cladocera
180,180,38,MO1,DAPHNIA.MENDOTAE.1,DAPHNIA.MENDOTAE,0.262391037,0.139894605,1,0.002666712,FALSE,0.269519707,trait affects abundance,0.000165181,0.651162791,0.627906977,0.242712346,10.85724215,43,Plankton,1.633468456,-3.78203987,3.091807115,1.035719524,DAPHNIA.MENDOTAE,Cladocera
181,181,39,MO1,DAPHNIA.PULICARIA.1,DAPHNIA.PULICARIA,0.110213771,0.312535568,0.878310025,0.009809136,FALSE,0.113208071,trait affects abundance,0.000167264,0.651162791,0.627906977,0.242712346,10.85724215,43,Plankton,1.633468456,-3.776597805,3.45252731,1.035719524,DAPHNIA.PULICARIA,Cladocera
182,182,40,MO1,SINOBOSMINA.FRYEI.1,SINOBOSMINA.FRYEI,0.195527113,0.269049915,0.90476191,0.006863832,FALSE,0.200839216,trait affects abundance,4.30E-06,0.651162791,0.627906977,0.242712346,10.85724215,43,Plankton,1.633468456,-5.366806524,1.876786966,1.035719524,SINOBOSMINA.FRYEI,Cladocera
183,183,41,MO1,ACANTHOCYCLOPS.1,ACANTHOCYCLOPS,0.170983499,0.227382182,1,0.002666712,FALSE,0.175628799,trait affects abundance,4.78E-05,0.651162791,0.627906977,0.242712346,10.85724215,43,Plankton,1.633468456,-4.320484352,2.454030227,1.035719524,ACANTHOCYCLOPS,copepod 
184,184,42,MO1,MESOCYCLOPS.EDAX.1,MESOCYCLOPS.EDAX,0.039527134,0.430682009,0.732466996,0.044502854,FALSE,0.040601012,trait affects abundance,8.00E-05,0.651162791,0.627906977,0.242712346,10.85724215,43,Plankton,1.633468456,-4.097065825,2.604060841,1.035719524,MESOCYCLOPS.EDAX,copepod 
185,185,43,MO1,DIAPHANOSOMA.BIRGEI.1,DIAPHANOSOMA.BIRGEI,0.252829842,0.397398112,0.428571433,0.229556203,FALSE,0.259698752,trait affects abundance,2.69E-05,0.651162791,0.627906977,0.242712346,10.85724215,43,Plankton,1.633468456,-4.570631608,2.564036715,1.035719524,DIAPHANOSOMA.BIRGEI,Cladocera
186,186,44,MO1,Rhodomonas.minuta.var..nannoplanctica,Rhodomonas.minuta.var..nannoplanctica.1,0.895024996,0.01087992,1,0.002666712,TRUE,0.919341138,abundance affects trait,3.52E-08,0.651162791,0.627906977,0.242712346,10.85724215,43,Plankton,1.633468456,-7.453015174,8.766985053,1.035719524,Rhodomonas.minuta.var..nannoplanctica.1,Cyanobacteria
187,187,45,MO1,Anabaena.flos.aquae.,Anabaena.flos.aquae..1,0.929321414,0.03183837,1,0.002666712,TRUE,0.954569325,abundance affects trait,6.50E-08,0.651162791,0.627906977,0.242712346,10.85724215,43,Plankton,1.633468456,-7.187306089,9.180182089,1.035719524,Anabaena.flos.aquae..1,Cyanobacteria
188,188,46,MO1,Aphanocapsa.delicatissima.,Aphanocapsa.delicatissima..1,0.88913216,0.102890005,1,0.002666712,FALSE,0.913288204,abundance affects trait,3.71E-10,0.651162791,0.627906977,0.242712346,10.85724215,43,Plankton,1.633468456,-9.430486638,10.53738999,1.035719524,Aphanocapsa.delicatissima..1,Cyanobacteria
189,189,47,MO1,Synechocystis..,Synechocystis...1,0.640853786,0.042541241,0.99999994,0.008534908,TRUE,0.658264575,abundance affects trait,1.04E-08,0.651162791,0.627906977,0.242712346,10.85724215,43,Plankton,1.633468456,-7.982976244,8.781164975,1.035719524,Synechocystis...1,Cyanobacteria
190,190,48,MO1,Gymnodinium.sp3.,Gymnodinium.sp3..1,0.955736141,0.002462659,1,0.002666712,TRUE,0.981701689,abundance affects trait,1.08E-07,0.651162791,0.627906977,0.242712346,10.85724215,43,Plankton,1.633468456,-6.966855988,7.300287195,1.035719524,Gymnodinium.sp3..1,dinoflagellate
191,191,49,MO1,Miscellaneous,Miscellaneous.1,0.70113832,0.260866395,1,0.002666712,FALSE,0.720186926,abundance affects trait,1.49E-08,0.651162791,0.627906977,0.242712346,10.85724215,43,Plankton,1.633468456,-7.825699396,9.053220335,1.035719524,Miscellaneous.1,Heterokontophyta
192,192,50,MO1,Erkenia.subaequiciliata.,Erkenia.subaequiciliata..1,0.967267007,0.00058682,1,0.002666712,TRUE,0.993545828,abundance affects trait,3.90E-08,0.651162791,0.627906977,0.242712346,10.85724215,43,Plankton,1.633468456,-7.408636028,8.568634315,1.035719524,Erkenia.subaequiciliata..1,Haptophyta
193,193,51,MO1,Monoraphidium.arcuatum,Monoraphidium.arcuatum.1,0.794690858,0.014099634,1,0.002666712,TRUE,0.81628111,abundance affects trait,6.65E-08,0.651162791,0.627906977,0.242712346,10.85724215,43,Plankton,1.633468456,-7.177251037,7.315608916,1.035719524,Monoraphidium.arcuatum.1,Chlorophyta
194,194,52,MO1,Oocystis.parva.,Oocystis.parva..1,0.793216023,0.150008346,1,0.002666712,FALSE,0.814766206,abundance affects trait,1.19E-07,0.651162791,0.627906977,0.242712346,10.85724215,43,Plankton,1.633468456,-6.923116461,8.048857677,1.035719524,Oocystis.parva..1,Chlorophyta
195,195,53,MO1,Quadrigula.lacustris.,Quadrigula.lacustris..1,0.802894569,0.113229198,1,0.002666712,FALSE,0.824707701,abundance affects trait,9.96E-08,0.651162791,0.627906977,0.242712346,10.85724215,43,Plankton,1.633468456,-7.001678502,7.232401708,1.035719524,Quadrigula.lacustris..1,Chlorophyta
196,196,54,MO1,Schroederia.judayi.,Schroederia.judayi..1,0.662347232,0.054597209,1,0.002666712,FALSE,0.680341957,abundance affects trait,3.50E-08,0.651162791,0.627906977,0.242712346,10.85724215,43,Plankton,1.633468456,-7.456456584,7.933894367,1.035719524,Schroederia.judayi..1,Chlorophyta
197,197,55,MO1,Cryptomonas.erosa.,Cryptomonas.erosa..1,0.767054603,0.231881137,1,0.002666712,FALSE,0.78789403,abundance affects trait,5.11E-07,0.651162791,0.627906977,0.242712346,10.85724215,43,Plankton,1.633468456,-6.291806807,8.014984983,1.035719524,Cryptomonas.erosa..1,Cyanobacteria
198,198,56,MO1,Rhodomonas.minuta.,Rhodomonas.minuta..1,0.896976173,0.121859248,1,0.002666712,FALSE,0.921345324,abundance affects trait,8.58E-08,0.651162791,0.627906977,0.242712346,10.85724215,43,Plankton,1.633468456,-7.066466333,8.385392893,1.035719524,Rhodomonas.minuta..1,Cyanobacteria
199,199,57,MO1,Stephanodiscus.niagarae.,Stephanodiscus.niagarae..1,0.84591032,0.074122479,1,0.002666712,FALSE,0.868892108,abundance affects trait,3.09E-05,0.651162791,0.627906977,0.242712346,10.85724215,43,Plankton,1.633468456,-4.509565981,7.100277445,1.035719524,Stephanodiscus.niagarae..1,Heterokontophyta
200,200,58,MO1,Chlamydomonas.globosa.,Chlamydomonas.globosa..1,0.875467501,0.154003251,0.90476191,0.006863832,FALSE,0.899252302,abundance affects trait,1.61E-07,0.651162791,0.627906977,0.242712346,10.85724215,43,Plankton,1.633468456,-6.793518574,7.944235714,1.035719524,Chlamydomonas.globosa..1,Chlorophyta
201,201,59,MO1,Dictyosphaerium.pulchellum.,Dictyosphaerium.pulchellum..1,0.845967922,0.103935356,1,0.002666712,FALSE,0.868951275,abundance affects trait,5.00E-08,0.651162791,0.627906977,0.242712346,10.85724215,43,Plankton,1.633468456,-7.301315695,8.535296203,1.035719524,Dictyosphaerium.pulchellum..1,Chlorophyta
202,202,60,MO1,Sphaerocystis.schroeteri.,Sphaerocystis.schroeteri..1,0.531758154,0.426918558,0.619047642,0.071505427,FALSE,0.54620502,abundance affects trait,1.07E-07,0.651162791,0.627906977,0.242712346,10.85724215,43,Plankton,1.633468456,-6.969621873,8.129858449,1.035719524,Sphaerocystis.schroeteri..1,Chlorophyta
203,203,61,MO1,Aphanizomenon.flos.aquae,Aphanizomenon.flos.aquae.1,0.888580595,0.001405382,1,0.002666712,TRUE,0.912721654,abundance affects trait,6.70E-08,0.651162791,0.627906977,0.242712346,10.85724215,43,Plankton,1.633468456,-7.173850236,10.16101681,1.035719524,Aphanizomenon.flos.aquae.1,Cyanobacteria
204,204,62,MO1,Lyngbya.limnetica.,Lyngbya.limnetica..1,0.693116368,0.014841509,1,0.002666712,TRUE,0.711947032,abundance affects trait,3.38E-09,0.651162791,0.627906977,0.242712346,10.85724215,43,Plankton,1.633468456,-8.470625711,10.39885904,1.035719524,Lyngbya.limnetica..1,Cyanobacteria
205,205,63,MO1,Oscillatoria.limnetica.,Oscillatoria.limnetica..1,0.933209594,0.00140552,1,0.002666712,TRUE,0.958563139,abundance affects trait,1.01E-08,0.651162791,0.627906977,0.242712346,10.85724215,43,Plankton,1.633468456,-7.997373265,9.649070381,1.035719524,Oscillatoria.limnetica..1,Cyanobacteria
206,206,64,MO1,Chlorococcaceae,Chlorococcaceae.1,0.187682489,0.315326063,0.714285731,0.035498142,FALSE,0.192781469,abundance affects trait,9.99E-08,0.651162791,0.627906977,0.242712346,10.85724215,43,Plankton,1.633468456,-7.000423854,7.807153555,1.035719524,Chlorococcaceae.1,Chlorophyta
207,207,65,MO1,Aphanothece.nidulans.,Aphanothece.nidulans..1,0.95027418,0.011171779,1,0.002666712,TRUE,0.976091338,abundance affects trait,1.55E-09,0.651162791,0.627906977,0.242712346,10.85724215,43,Plankton,1.633468456,-8.809238455,10.09203758,1.035719524,Aphanothece.nidulans..1,Cyanobacteria
208,208,66,MO1,Chroococcaceae,Chroococcaceae.1,0.866312487,0.016905171,1,0.002666712,TRUE,0.889848563,abundance affects trait,3.58E-10,0.651162791,0.627906977,0.242712346,10.85724215,43,Plankton,1.633468456,-9.445881172,10.09798547,1.035719524,Chroococcaceae.1,Cyanobacteria
209,209,67,MO1,Monoraphidium.capricornutum,Monoraphidium.capricornutum.1,0.936066572,0.017004337,1,0.002666712,TRUE,0.961497735,abundance affects trait,9.57E-09,0.651162791,0.627906977,0.242712346,10.85724215,43,Plankton,1.633468456,-8.019039857,7.647041748,1.035719524,Monoraphidium.capricornutum.1,Chlorophyta
210,210,68,MO1,Microcystis.aeruginosa.,Microcystis.aeruginosa..1,0.927514126,0.027495664,1,0.002666712,TRUE,0.952712936,abundance affects trait,2.99E-08,0.651162791,0.627906977,0.242712346,10.85724215,43,Plankton,1.633468456,-7.523607526,10.0335659,1.035719524,Microcystis.aeruginosa..1,Cyanobacteria
211,211,69,MO1,Coelosphaerium.naegelianum.,Coelosphaerium.naegelianum..1,0.569364691,0.068836809,1,0.002666712,FALSE,0.584833256,abundance affects trait,1.33E-08,0.651162791,0.627906977,0.242712346,10.85724215,43,Plankton,1.633468456,-7.877328579,8.968536846,1.035719524,Coelosphaerium.naegelianum..1,Cyanobacteria
212,212,70,MO1,Phormidium.mucicola,Phormidium.mucicola.1,0.963634105,0.010070515,1,0.002666712,TRUE,0.989814226,abundance affects trait,5.47E-09,0.651162791,0.627906977,0.242712346,10.85724215,43,Plankton,1.633468456,-8.262259636,9.0217407,1.035719524,Phormidium.mucicola.1,Cyanobacteria
213,213,71,MO1,Uroglena..,Uroglena...1,0.956488357,0.002680568,1,0.002666712,TRUE,0.982474342,abundance affects trait,5.11E-08,0.651162791,0.627906977,0.242712346,10.85724215,43,Plankton,1.633468456,-7.291989863,7.837022744,1.035719524,Uroglena...1,Heterokontophyta
214,214,72,MO1,Synechococcus.sp1.,Synechococcus.sp1..1,0.875808905,0.022775687,1,0.002666712,TRUE,0.899602981,abundance affects trait,5.65E-10,0.651162791,0.627906977,0.242712346,10.85724215,43,Plankton,1.633468456,-9.247768645,9.85146438,1.035719524,Synechococcus.sp1..1,Cyanobacteria
215,215,73,MO1,Cryptomonas.rostratiformis.,Cryptomonas.rostratiformis..1,0.830615458,0.086769249,0.90476191,0.006863832,FALSE,0.853181714,abundance affects trait,2.18E-06,0.651162791,0.627906977,0.242712346,10.85724215,43,Plankton,1.633468456,-5.660604886,6.826077774,1.035719524,Cryptomonas.rostratiformis..1,dinoflagellate
216,216,74,MO1,CYCLOPOID,CYCLOPOID.1,0.31309688,0.199748242,0.90476191,0.006863832,FALSE,0.321603132,abundance affects trait,1.96E-05,0.651162791,0.627906977,0.242712346,10.85724215,43,Plankton,1.633468456,-4.707942847,3.4036469,1.035719524,CYCLOPOID.1,copepod 
217,217,75,MO1,DIACYCLOPS.THOMASI,DIACYCLOPS.THOMASI.1,0.186134251,0.331458582,0.523809552,0.133128524,FALSE,0.191191168,abundance affects trait,6.73E-05,0.651162791,0.627906977,0.242712346,10.85724215,43,Plankton,1.633468456,-4.171963216,3.232638275,1.035719524,DIACYCLOPS.THOMASI.1,copepod 
218,218,76,MO1,CALANOID,CALANOID.1,0.221519133,0.197480174,1,0.002666712,FALSE,0.22753739,abundance affects trait,2.23E-05,0.651162791,0.627906977,0.242712346,10.85724215,43,Plankton,1.633468456,-4.651709758,3.055356839,1.035719524,CALANOID.1,copepod 
219,219,77,MO1,DIAPTOMID,DIAPTOMID.1,0.181261433,0.209150599,0.975900054,0.003897905,FALSE,0.186185964,abundance affects trait,7.64E-05,0.651162791,0.627906977,0.242712346,10.85724215,43,Plankton,1.633468456,-4.116726232,3.595826658,1.035719524,DIAPTOMID.1,copepod 
220,220,78,MO1,AGLAODIAPTOMUS.CLAVIPES,AGLAODIAPTOMUS.CLAVIPES.1,0.34420779,0.081713256,1,0.002666712,FALSE,0.353559267,abundance affects trait,0.000429464,0.651162791,0.627906977,0.242712346,10.85724215,43,Plankton,1.633468456,-3.367073738,2.707973138,1.035719524,AGLAODIAPTOMUS.CLAVIPES.1,copepod 
221,221,79,MO1,CHYDORUS,CHYDORUS.1,0.030181222,0.446971279,0.822951198,0.018663406,FALSE,0.031001189,abundance affects trait,2.96E-06,0.651162791,0.627906977,0.242712346,10.85724215,43,Plankton,1.633468456,-5.528976733,3.026500433,1.035719524,CHYDORUS.1,Cladocera
222,222,80,MO1,DAPHNIA,DAPHNIA.1,0.161146621,0.482035237,0.047619049,1,FALSE,0.165524671,abundance affects trait,2.15E-05,0.651162791,0.627906977,0.242712346,10.85724215,43,Plankton,1.633468456,-4.666783671,2.415530431,1.035719524,DAPHNIA.1,Cladocera
223,223,81,MO1,DAPHNIA.MENDOTAE,DAPHNIA.MENDOTAE.1,0.112743834,0.309398921,0.523809552,0.133128524,FALSE,0.115806871,abundance affects trait,0.000165181,0.651162791,0.627906977,0.242712346,10.85724215,43,Plankton,1.633468456,-3.78203987,3.091807115,1.035719524,DAPHNIA.MENDOTAE.1,Cladocera
224,224,82,MO1,DAPHNIA.PULICARIA,DAPHNIA.PULICARIA.1,0.029401537,0.448334204,0.822951198,0.018663406,FALSE,0.030200321,abundance affects trait,0.000167264,0.651162791,0.627906977,0.242712346,10.85724215,43,Plankton,1.633468456,-3.776597805,3.45252731,1.035719524,DAPHNIA.PULICARIA.1,Cladocera
225,225,83,MO1,SINOBOSMINA.FRYEI,SINOBOSMINA.FRYEI.1,0.155688126,0.356508332,0.90476191,0.006863832,FALSE,0.159917879,abundance affects trait,4.30E-06,0.651162791,0.627906977,0.242712346,10.85724215,43,Plankton,1.633468456,-5.366806524,1.876786966,1.035719524,SINOBOSMINA.FRYEI.1,Cladocera
226,226,84,MO1,ACANTHOCYCLOPS,ACANTHOCYCLOPS.1,0.049747358,0.412990144,0.732466996,0.044502854,FALSE,0.0510989,abundance affects trait,4.78E-05,0.651162791,0.627906977,0.242712346,10.85724215,43,Plankton,1.633468456,-4.320484352,2.454030227,1.035719524,ACANTHOCYCLOPS.1,copepod 
227,227,85,MO1,MESOCYCLOPS.EDAX,MESOCYCLOPS.EDAX.1,0.132157502,0.439037187,0.333333343,0.367520809,FALSE,0.135747972,abundance affects trait,8.00E-05,0.651162791,0.627906977,0.242712346,10.85724215,43,Plankton,1.633468456,-4.097065825,2.604060841,1.035719524,MESOCYCLOPS.EDAX.1,copepod 
228,228,86,MO1,DIAPHANOSOMA.BIRGEI,DIAPHANOSOMA.BIRGEI.1,0.124321973,0.290526974,0.809523821,0.016260982,FALSE,0.127699566,abundance affects trait,2.69E-05,0.651162791,0.627906977,0.242712346,10.85724215,43,Plankton,1.633468456,-4.570631608,2.564036715,1.035719524,DIAPHANOSOMA.BIRGEI.1,Cladocera
229,229,1,AL1,CYCLOPOID.1,CYCLOPOID,0.025808996,0.455794952,0.720082283,0.041493654,FALSE,0.033726162,trait affects abundance,6.58E-06,0.9,1,-0.036651786,11.08033331,10,Plankton,1,-5.181715017,3.344785123,1.044552825,CYCLOPOID,copepod 
230,230,2,AL1,DIACYCLOPS.THOMASI.1,DIACYCLOPS.THOMASI,0.391069646,0.152254647,0.99999994,0.008534908,FALSE,0.511034152,trait affects abundance,2.38E-05,0.9,1,-0.036651786,11.08033331,10,Plankton,1,-4.623142834,3.147173736,1.044552825,DIACYCLOPS.THOMASI,copepod 
231,231,3,AL1,TROPOCYCLOPS.PRASINUS.MEXICANUS.1,TROPOCYCLOPS.PRASINUS.MEXICANUS,0.297991914,0.170225457,0.866666615,0.024170518,FALSE,0.3894039,trait affects abundance,7.84E-06,0.9,1,-0.036651786,11.08033331,10,Plankton,1,-5.105587159,3.676967814,1.044552825,TROPOCYCLOPS.PRASINUS.MEXICANUS,copepod 
232,232,4,AL1,SKISTODIAPTOMUS.OREGONENSIS.1,SKISTODIAPTOMUS.OREGONENSIS,0.368804197,0.252032957,0.599999964,0.132854939,FALSE,0.481938555,trait affects abundance,0.000105017,0.9,1,-0.036651786,11.08033331,10,Plankton,1,-3.978741567,3.223517573,1.044552825,SKISTODIAPTOMUS.OREGONENSIS,copepod 
233,233,5,AL1,BOSMINIDAE.1,BOSMINIDAE,0.025878278,0.455676723,0.592156529,0.128275275,FALSE,0.033816697,trait affects abundance,1.29E-06,0.9,1,-0.036651786,11.08033331,10,Plankton,1,-5.888349898,3.328447563,1.044552825,BOSMINIDAE,Cladocera
234,234,6,AL1,MESOCYCLOPS.EDAX.1,MESOCYCLOPS.EDAX,0.373258619,0.098527756,1,0.002666712,FALSE,0.487759415,trait affects abundance,2.81E-05,0.9,1,-0.036651786,11.08033331,10,Plankton,1,-4.550522944,2.816627904,1.044552825,MESOCYCLOPS.EDAX,copepod 
235,235,7,AL1,DAPHNIA.1,DAPHNIA,0.644225927,0.189090169,0.99999994,0.008534908,FALSE,0.841848642,trait affects abundance,1.14E-05,0.9,1,-0.036651786,11.08033331,10,Plankton,1,-4.944085739,2.806519134,1.044552825,DAPHNIA,Cladocera
236,236,8,AL1,DAPHNIA.MENDOTAE.1,DAPHNIA.MENDOTAE,0.508394532,0.038995584,1,0.002666712,TRUE,0.664349615,trait affects abundance,9.11E-05,0.9,1,-0.036651786,11.08033331,10,Plankton,1,-4.040567944,3.622529178,1.044552825,DAPHNIA.MENDOTAE,Cladocera
237,237,9,AL1,DAPHNIA.PULICARIA.1,DAPHNIA.PULICARIA,0.337748984,0.249178965,1,0.002666712,FALSE,0.441356846,trait affects abundance,0.000133769,0.9,1,-0.036651786,11.08033331,10,Plankton,1,-3.873644582,3.227983061,1.044552825,DAPHNIA.PULICARIA,Cladocera
238,238,10,AL1,CALANOID.1,CALANOID,0.242051002,0.222186043,1,0.002666712,FALSE,0.316302556,trait affects abundance,1.42E-05,0.9,1,-0.036651786,11.08033331,10,Plankton,1,-4.849135417,3.507271024,1.044552825,CALANOID,copepod 
239,239,11,AL1,CYCLOPOID,CYCLOPOID.1,0.147815645,0.26093313,0.866666615,0.024170518,FALSE,0.193159565,abundance affects trait,6.58E-06,0.9,1,-0.036651786,11.08033331,10,Plankton,1,-5.181715017,3.344785123,1.044552825,CYCLOPOID.1,copepod 
240,240,12,AL1,DIACYCLOPS.THOMASI,DIACYCLOPS.THOMASI.1,0.321205719,0.225729625,0.90476191,0.006863832,FALSE,0.41973877,abundance affects trait,2.38E-05,0.9,1,-0.036651786,11.08033331,10,Plankton,1,-4.623142834,3.147173736,1.044552825,DIACYCLOPS.THOMASI.1,copepod 
241,241,13,AL1,TROPOCYCLOPS.PRASINUS.MEXICANUS,TROPOCYCLOPS.PRASINUS.MEXICANUS.1,0.04628315,0.421047798,0.89442718,0.026772738,FALSE,0.060480967,abundance affects trait,7.84E-06,0.9,1,-0.036651786,11.08033331,10,Plankton,1,-5.105587159,3.676967814,1.044552825,TROPOCYCLOPS.PRASINUS.MEXICANUS.1,copepod 
242,242,14,AL1,SKISTODIAPTOMUS.OREGONENSIS,SKISTODIAPTOMUS.OREGONENSIS.1,0.354001303,0.1787047,0.99999994,0.008534908,FALSE,0.462594726,abundance affects trait,0.000105017,0.9,1,-0.036651786,11.08033331,10,Plankton,1,-3.978741567,3.223517573,1.044552825,SKISTODIAPTOMUS.OREGONENSIS.1,copepod 
243,243,15,AL1,BOSMINIDAE,BOSMINIDAE.1,0.108058432,0.320393516,0.99999994,0.008534908,FALSE,0.141206432,abundance affects trait,1.29E-06,0.9,1,-0.036651786,11.08033331,10,Plankton,1,-5.888349898,3.328447563,1.044552825,BOSMINIDAE.1,Cladocera
244,244,16,AL1,MESOCYCLOPS.EDAX,MESOCYCLOPS.EDAX.1,0.007264099,0.487537227,0.723746836,0.057279348,FALSE,0.009492434,abundance affects trait,2.81E-05,0.9,1,-0.036651786,11.08033331,10,Plankton,1,-4.550522944,2.816627904,1.044552825,MESOCYCLOPS.EDAX.1,copepod 
245,245,17,AL1,DAPHNIA,DAPHNIA.1,0.76525149,0.078888839,1,0.002666712,FALSE,1,abundance affects trait,1.14E-05,0.9,1,-0.036651786,11.08033331,10,Plankton,1,-4.944085739,2.806519134,1.044552825,DAPHNIA.1,Cladocera
246,246,18,AL1,DAPHNIA.MENDOTAE,DAPHNIA.MENDOTAE.1,0.478193262,0.102636327,1,0.002666712,FALSE,0.624883805,abundance affects trait,9.11E-05,0.9,1,-0.036651786,11.08033331,10,Plankton,1,-4.040567944,3.622529178,1.044552825,DAPHNIA.MENDOTAE.1,Cladocera
247,247,19,AL1,DAPHNIA.PULICARIA,DAPHNIA.PULICARIA.1,0.313660423,0.418424858,0.619047642,0.071505427,FALSE,0.40987888,abundance affects trait,0.000133769,0.9,1,-0.036651786,11.08033331,10,Plankton,1,-3.873644582,3.227983061,1.044552825,DAPHNIA.PULICARIA.1,Cladocera
248,248,20,AL1,CALANOID,CALANOID.1,0.256252703,0.261115314,0.866666615,0.024170518,FALSE,0.33486077,abundance affects trait,1.42E-05,0.9,1,-0.036651786,11.08033331,10,Plankton,1,-4.849135417,3.507271024,1.044552825,CALANOID.1,copepod 
249,249,1,BM1,COPEPOD.NAUPLII.1,COPEPOD.NAUPLII,0.283194807,0.129738738,1,0.027486324,FALSE,0.307121167,trait affects abundance,4.01E-07,0.931034483,0.965517241,0.127347174,9.441368417,29,Plankton,1.462397998,-6.396992876,4.520801014,0.975034945,COPEPOD.NAUPLII,copepod 
250,250,2,BM1,DIACYCLOPS.THOMASI.1,DIACYCLOPS.THOMASI,0,0.5,1,1,FALSE,0,trait affects abundance,1.63E-05,0.931034483,0.965517241,0.127347174,9.441368417,29,Plankton,1.462397998,-4.788242514,3.917489596,0.975034945,DIACYCLOPS.THOMASI,copepod 
251,251,3,BM1,MESOCYCLOPS.EDAX.1,MESOCYCLOPS.EDAX,0.179748396,0.340160962,1,0.027486324,FALSE,0.194934849,trait affects abundance,1.14E-05,0.931034483,0.965517241,0.127347174,9.441368417,29,Plankton,1.462397998,-4.94191001,2.803705355,0.975034945,MESOCYCLOPS.EDAX,copepod 
252,252,4,BM1,SKISTODIAPTOMUS.OREGONENSIS.1,SKISTODIAPTOMUS.OREGONENSIS,0.734790574,0.153156637,1,0.027486324,FALSE,0.796871033,trait affects abundance,5.90E-05,0.931034483,0.965517241,0.127347174,9.441368417,29,Plankton,1.462397998,-4.228871451,3.044967146,0.975034945,SKISTODIAPTOMUS.OREGONENSIS,copepod 
253,253,5,BM1,BOSMINIDAE.1,BOSMINIDAE,0.134665766,0.431557723,0.333333313,0.734095216,FALSE,0.146043311,trait affects abundance,2.05E-06,0.931034483,0.965517241,0.127347174,9.441368417,29,Plankton,1.462397998,-5.68773638,3.650130837,0.975034945,BOSMINIDAE,Cladocera
254,254,6,BM1,CHYDORUS.1,CHYDORUS,0.325294867,0.36682099,0.800000012,0.086410761,FALSE,0.352778147,trait affects abundance,3.75E-07,0.931034483,0.965517241,0.127347174,9.441368417,29,Plankton,1.462397998,-6.426296541,2.677385713,0.975034945,CHYDORUS,Cladocera
255,255,7,BM1,ASPLANCHNA.1,ASPLANCHNA,0.466438238,0.165165185,0.866666615,0.024170518,FALSE,0.505846338,trait affects abundance,1.82E-06,0.931034483,0.965517241,0.127347174,9.441368417,29,Plankton,1.462397998,-5.739980873,3.066382404,0.975034945,ASPLANCHNA,rotifer
256,256,8,BM1,CONOCHILUS.1,CONOCHILUS,0.094975348,0.398529577,1,0.027486324,FALSE,0.102999557,trait affects abundance,1.40E-08,0.931034483,0.965517241,0.127347174,9.441368417,29,Plankton,1.462397998,-7.854110303,3.874973518,0.975034945,CONOCHILUS,rotifer
257,257,9,BM1,KELLICOTTIA.LONGISPINA.1,KELLICOTTIA.LONGISPINA,0.122604435,0.316593517,0.800000012,0.086410761,FALSE,0.132962951,trait affects abundance,2.02E-07,0.931034483,0.965517241,0.127347174,9.441368417,29,Plankton,1.462397998,-6.693734046,4.182578911,0.975034945,KELLICOTTIA.LONGISPINA,rotifer
258,258,10,BM1,KERATELLA.COCHLEARIS.1,KERATELLA.COCHLEARIS,0.245924889,0.165427609,0.836660028,0.096092343,FALSE,0.266702415,trait affects abundance,6.74E-08,0.931034483,0.965517241,0.127347174,9.441368417,29,Plankton,1.462397998,-7.17117866,4.444139465,0.975034945,KERATELLA.COCHLEARIS,rotifer
259,259,11,BM1,KERATELLA.EARLINAE.1,KERATELLA.EARLINAE,0.344221237,0.302131603,0.800000012,0.086410761,FALSE,0.373303554,trait affects abundance,9.34E-08,0.931034483,0.965517241,0.127347174,9.441368417,29,Plankton,1.462397998,-7.029611397,3.674749833,0.975034945,KERATELLA.EARLINAE,rotifer
260,260,12,BM1,KERATELLA.QUADRATA.1,KERATELLA.QUADRATA,0.18143741,0.264662487,1,0.027486324,FALSE,0.196766564,trait affects abundance,1.34E-07,0.931034483,0.965517241,0.127347174,9.441368417,29,Plankton,1.462397998,-6.872485075,2.995369246,0.975034945,KERATELLA.QUADRATA,rotifer
261,261,13,BM1,LECANE.INERMIS.1,LECANE.INERMIS,0.88166371,0.146324878,1,0.027486324,FALSE,0.956153081,trait affects abundance,5.05E-09,0.931034483,0.965517241,0.127347174,9.441368417,29,Plankton,1.462397998,-8.296429338,2.34480892,0.975034945,LECANE.INERMIS,rotifer
262,262,14,BM1,POLYARTHRA.VULGARIS.1,POLYARTHRA.VULGARIS,0,0.5,1,1,FALSE,0,trait affects abundance,1.06E-07,0.931034483,0.965517241,0.127347174,9.441368417,29,Plankton,1.462397998,-6.97593766,4.23777977,0.975034945,POLYARTHRA.VULGARIS,rotifer
263,263,15,BM1,TROPOCYCLOPS.PRASINUS.MEXICANUS.1,TROPOCYCLOPS.PRASINUS.MEXICANUS,0.590923174,0.046515836,1,0.027486324,TRUE,0.640848668,trait affects abundance,5.47E-06,0.931034483,0.965517241,0.127347174,9.441368417,29,Plankton,1.462397998,-5.261912891,3.436451791,0.975034945,TROPOCYCLOPS.PRASINUS.MEXICANUS,copepod 
264,264,16,BM1,DAPHNIA.MENDOTAE.1,DAPHNIA.MENDOTAE,0.743207812,0.151970445,1,0.027486324,FALSE,0.805999421,trait affects abundance,4.52E-05,0.931034483,0.965517241,0.127347174,9.441368417,29,Plankton,1.462397998,-4.344868059,3.379113151,0.975034945,DAPHNIA.MENDOTAE,Cladocera
265,265,17,BM1,HOLOPEDIUM.GIBBERUM.1,HOLOPEDIUM.GIBBERUM,0.841746856,0.008806522,1,0.027486324,TRUE,0.912863761,trait affects abundance,4.79E-06,0.931034483,0.965517241,0.127347174,9.441368417,29,Plankton,1.462397998,-5.319212096,2.341824067,0.975034945,HOLOPEDIUM.GIBBERUM,Cladocera
266,266,18,BM1,KERATELLA.CRASSA.1,KERATELLA.CRASSA,0.276421361,0.151937203,1,0.027486324,FALSE,0.29977545,trait affects abundance,1.27E-07,0.931034483,0.965517241,0.127347174,9.441368417,29,Plankton,1.462397998,-6.895706416,3.86467286,0.975034945,KERATELLA.CRASSA,rotifer
267,267,19,BM1,SYNCHAETA.1,SYNCHAETA,0.058928094,0.442869763,0.400000006,0.462432742,FALSE,0.063906769,trait affects abundance,2.37E-07,0.931034483,0.965517241,0.127347174,9.441368417,29,Plankton,1.462397998,-6.626154568,3.881159782,0.975034945,SYNCHAETA,rotifer
268,268,20,BM1,POLYARTHRA.REMATA.1,POLYARTHRA.REMATA,0.147086812,0.28304241,0.836660028,0.096092343,FALSE,0.159513778,trait affects abundance,4.00E-08,0.931034483,0.965517241,0.127347174,9.441368417,29,Plankton,1.462397998,-7.398116678,4.20760173,0.975034945,POLYARTHRA.REMATA,rotifer
269,269,21,BM1,KERATELLA.HIEMALIS.1,KERATELLA.HIEMALIS,0.87227855,0.109679131,0.99999994,0.008534908,FALSE,0.945974995,trait affects abundance,3.90E-08,0.931034483,0.965517241,0.127347174,9.441368417,29,Plankton,1.462397998,-7.409040895,2.722035308,0.975034945,KERATELLA.HIEMALIS,rotifer
270,270,22,BM1,DAPHNIA.PULICARIA.1,DAPHNIA.PULICARIA,0.406830028,0.175566679,1,0.027486324,FALSE,0.441201992,trait affects abundance,0.000154938,0.931034483,0.965517241,0.127347174,9.441368417,29,Plankton,1.462397998,-3.809842863,3.175652356,0.975034945,DAPHNIA.PULICARIA,Cladocera
271,271,23,BM1,GASTROPUS.STYLIFER.1,GASTROPUS.STYLIFER,0.499572603,0.216671738,1,0.027486324,FALSE,0.541780135,trait affects abundance,4.26E-08,0.931034483,0.965517241,0.127347174,9.441368417,29,Plankton,1.462397998,-7.370885958,3.757027749,0.975034945,GASTROPUS.STYLIFER,rotifer
272,272,24,BM1,POLYARTHRA.DOLICHOPTERA.1,POLYARTHRA.DOLICHOPTERA,0.358252352,0.07326443,1,0.027486324,FALSE,0.38852012,trait affects abundance,2.45E-08,0.931034483,0.965517241,0.127347174,9.441368417,29,Plankton,1.462397998,-7.610199352,3.184777438,0.975034945,POLYARTHRA.DOLICHOPTERA,rotifer
273,273,25,BM1,LEPTODIAPTOMUS.MINUTUS.1,LEPTODIAPTOMUS.MINUTUS,0.765816747,0.206915307,1,0.027486324,FALSE,0.830518524,trait affects abundance,6.42E-06,0.931034483,0.965517241,0.127347174,9.441368417,29,Plankton,1.462397998,-5.192674418,2.502675359,0.975034945,LEPTODIAPTOMUS.MINUTUS,copepod 
274,274,26,BM1,KERATELLA.TAUROCEPHALA.1,KERATELLA.TAUROCEPHALA,0.811296868,0.105344994,1,0.027486324,FALSE,0.879841137,trait affects abundance,4.29E-08,0.931034483,0.965517241,0.127347174,9.441368417,29,Plankton,1.462397998,-7.367176805,2.680143147,0.975034945,KERATELLA.TAUROCEPHALA,rotifer
275,275,27,BM1,GASTROPUS.HYPTOPUS.1,GASTROPUS.HYPTOPUS,0.147823496,0.364808779,1,0.027486324,FALSE,0.160312702,trait affects abundance,2.68E-08,0.931034483,0.965517241,0.127347174,9.441368417,29,Plankton,1.462397998,-7.571195213,3.479527324,0.975034945,GASTROPUS.HYPTOPUS,rotifer
276,276,28,BM1,DIAPHANOSOMA.BIRGEI.1,DIAPHANOSOMA.BIRGEI,0.447494232,0.149017065,1,0.027486324,FALSE,0.485301804,trait affects abundance,3.84E-06,0.931034483,0.965517241,0.127347174,9.441368417,29,Plankton,1.462397998,-5.416073647,3.203296675,0.975034945,DIAPHANOSOMA.BIRGEI,Cladocera
277,277,29,BM1,TRICHOCERCA.BIROSTRIS.1,TRICHOCERCA.BIROSTRIS,0.786241549,0.26220734,0.73333329,0.060289145,FALSE,0.852668962,trait affects abundance,1.43E-08,0.931034483,0.965517241,0.127347174,9.441368417,29,Plankton,1.462397998,-7.845101686,2.581856605,0.975034945,TRICHOCERCA.BIROSTRIS,rotifer
278,278,30,BM1,COPEPOD.NAUPLII,COPEPOD.NAUPLII.1,0,0.5,1,1,FALSE,0,abundance affects trait,4.01E-07,0.931034483,0.965517241,0.127347174,9.441368417,29,Plankton,1.462397998,-6.396992876,4.520801014,0.975034945,COPEPOD.NAUPLII.1,copepod 
279,279,31,BM1,DIACYCLOPS.THOMASI,DIACYCLOPS.THOMASI.1,0.24651917,0.259288692,1,0.027486324,FALSE,0.267346905,abundance affects trait,1.63E-05,0.931034483,0.965517241,0.127347174,9.441368417,29,Plankton,1.462397998,-4.788242514,3.917489596,0.975034945,DIACYCLOPS.THOMASI.1,copepod 
280,280,32,BM1,MESOCYCLOPS.EDAX,MESOCYCLOPS.EDAX.1,0.263626652,0.375870399,0.800000012,0.086410761,FALSE,0.285899752,abundance affects trait,1.14E-05,0.931034483,0.965517241,0.127347174,9.441368417,29,Plankton,1.462397998,-4.94191001,2.803705355,0.975034945,MESOCYCLOPS.EDAX.1,copepod 
281,281,33,BM1,SKISTODIAPTOMUS.OREGONENSIS,SKISTODIAPTOMUS.OREGONENSIS.1,0.560949158,0.24339188,1,0.027486324,FALSE,0.608342228,abundance affects trait,5.90E-05,0.931034483,0.965517241,0.127347174,9.441368417,29,Plankton,1.462397998,-4.228871451,3.044967146,0.975034945,SKISTODIAPTOMUS.OREGONENSIS.1,copepod 
282,282,34,BM1,BOSMINIDAE,BOSMINIDAE.1,0.477068138,0.108509639,0.99999994,0.008534908,FALSE,0.517374329,abundance affects trait,2.05E-06,0.931034483,0.965517241,0.127347174,9.441368417,29,Plankton,1.462397998,-5.68773638,3.650130837,0.975034945,BOSMINIDAE.1,Cladocera
283,283,35,BM1,CHYDORUS,CHYDORUS.1,0.530934197,0.267425197,0.99999994,0.008534908,FALSE,0.575791385,abundance affects trait,3.75E-07,0.931034483,0.965517241,0.127347174,9.441368417,29,Plankton,1.462397998,-6.426296541,2.677385713,0.975034945,CHYDORUS.1,Cladocera
284,284,36,BM1,ASPLANCHNA,ASPLANCHNA.1,0.53022779,0.220595915,1,0.027486324,FALSE,0.575025295,abundance affects trait,1.82E-06,0.931034483,0.965517241,0.127347174,9.441368417,29,Plankton,1.462397998,-5.739980873,3.066382404,0.975034945,ASPLANCHNA.1,rotifer
285,285,37,BM1,CONOCHILUS,CONOCHILUS.1,0,0.5,1,1,FALSE,0,abundance affects trait,1.40E-08,0.931034483,0.965517241,0.127347174,9.441368417,29,Plankton,1.462397998,-7.854110303,3.874973518,0.975034945,CONOCHILUS.1,rotifer
286,286,38,BM1,KELLICOTTIA.LONGISPINA,KELLICOTTIA.LONGISPINA.1,0.089979168,0.363382171,0.948683262,0.04326272,FALSE,0.097581263,abundance affects trait,2.02E-07,0.931034483,0.965517241,0.127347174,9.441368417,29,Plankton,1.462397998,-6.693734046,4.182578911,0.975034945,KELLICOTTIA.LONGISPINA.1,rotifer
287,287,39,BM1,KERATELLA.COCHLEARIS,KERATELLA.COCHLEARIS.1,0.382681709,0.173375364,1,0.027486324,FALSE,0.415013447,abundance affects trait,6.74E-08,0.931034483,0.965517241,0.127347174,9.441368417,29,Plankton,1.462397998,-7.17117866,4.444139465,0.975034945,KERATELLA.COCHLEARIS.1,rotifer
288,288,40,BM1,KERATELLA.EARLINAE,KERATELLA.EARLINAE.1,0.42945923,0.138923032,1,0.027486324,FALSE,0.465743073,abundance affects trait,9.34E-08,0.931034483,0.965517241,0.127347174,9.441368417,29,Plankton,1.462397998,-7.029611397,3.674749833,0.975034945,KERATELLA.EARLINAE.1,rotifer
289,289,41,BM1,KERATELLA.QUADRATA,KERATELLA.QUADRATA.1,0.44973722,0.052389061,0.99999994,0.008534908,FALSE,0.487734296,abundance affects trait,1.34E-07,0.931034483,0.965517241,0.127347174,9.441368417,29,Plankton,1.462397998,-6.872485075,2.995369246,0.975034945,KERATELLA.QUADRATA.1,rotifer
290,290,42,BM1,LECANE.INERMIS,LECANE.INERMIS.1,0.838013303,0.137073049,1,0.027486324,FALSE,0.908814771,abundance affects trait,5.05E-09,0.931034483,0.965517241,0.127347174,9.441368417,29,Plankton,1.462397998,-8.296429338,2.34480892,0.975034945,LECANE.INERMIS.1,rotifer
291,291,43,BM1,POLYARTHRA.VULGARIS,POLYARTHRA.VULGARIS.1,0,0.5,1,1,FALSE,0,abundance affects trait,1.06E-07,0.931034483,0.965517241,0.127347174,9.441368417,29,Plankton,1.462397998,-6.97593766,4.23777977,0.975034945,POLYARTHRA.VULGARIS.1,rotifer
292,292,44,BM1,TROPOCYCLOPS.PRASINUS.MEXICANUS,TROPOCYCLOPS.PRASINUS.MEXICANUS.1,0.610598765,0.126336278,1,0.027486324,FALSE,0.662186596,abundance affects trait,5.47E-06,0.931034483,0.965517241,0.127347174,9.441368417,29,Plankton,1.462397998,-5.261912891,3.436451791,0.975034945,TROPOCYCLOPS.PRASINUS.MEXICANUS.1,copepod 
293,293,45,BM1,DAPHNIA.MENDOTAE,DAPHNIA.MENDOTAE.1,0.681967043,0.341378293,1,0.027486324,FALSE,0.739584585,abundance affects trait,4.52E-05,0.931034483,0.965517241,0.127347174,9.441368417,29,Plankton,1.462397998,-4.344868059,3.379113151,0.975034945,DAPHNIA.MENDOTAE.1,Cladocera
294,294,46,BM1,HOLOPEDIUM.GIBBERUM,HOLOPEDIUM.GIBBERUM.1,0.88126828,0.191003936,0.99999994,0.008534908,FALSE,0.955724243,abundance affects trait,4.79E-06,0.931034483,0.965517241,0.127347174,9.441368417,29,Plankton,1.462397998,-5.319212096,2.341824067,0.975034945,HOLOPEDIUM.GIBBERUM.1,Cladocera
295,295,47,BM1,KERATELLA.CRASSA,KERATELLA.CRASSA.1,0.229043849,0.322669538,1,0.027486324,FALSE,0.248395141,abundance affects trait,1.27E-07,0.931034483,0.965517241,0.127347174,9.441368417,29,Plankton,1.462397998,-6.895706416,3.86467286,0.975034945,KERATELLA.CRASSA.1,rotifer
296,296,48,BM1,SYNCHAETA,SYNCHAETA.1,0.091935321,0.478813341,-0.333333313,0.452370346,FALSE,0.099702687,abundance affects trait,2.37E-07,0.931034483,0.965517241,0.127347174,9.441368417,29,Plankton,1.462397998,-6.626154568,3.881159782,0.975034945,SYNCHAETA.1,rotifer
297,297,49,BM1,POLYARTHRA.REMATA,POLYARTHRA.REMATA.1,0.181637534,0.365913002,0.866666615,0.024170518,FALSE,0.196983596,abundance affects trait,4.00E-08,0.931034483,0.965517241,0.127347174,9.441368417,29,Plankton,1.462397998,-7.398116678,4.20760173,0.975034945,POLYARTHRA.REMATA.1,rotifer
298,298,50,BM1,KERATELLA.HIEMALIS,KERATELLA.HIEMALIS.1,0.738340173,0.164849727,1,0.027486324,FALSE,0.800720529,abundance affects trait,3.90E-08,0.931034483,0.965517241,0.127347174,9.441368417,29,Plankton,1.462397998,-7.409040895,2.722035308,0.975034945,KERATELLA.HIEMALIS.1,rotifer
299,299,51,BM1,DAPHNIA.PULICARIA,DAPHNIA.PULICARIA.1,0.423432114,0.191220305,1,0.027486324,FALSE,0.459206743,abundance affects trait,0.000154938,0.931034483,0.965517241,0.127347174,9.441368417,29,Plankton,1.462397998,-3.809842863,3.175652356,0.975034945,DAPHNIA.PULICARIA.1,Cladocera
300,300,52,BM1,GASTROPUS.STYLIFER,GASTROPUS.STYLIFER.1,0.434856037,0.219787838,1,0.027486324,FALSE,0.471595842,abundance affects trait,4.26E-08,0.931034483,0.965517241,0.127347174,9.441368417,29,Plankton,1.462397998,-7.370885958,3.757027749,0.975034945,GASTROPUS.STYLIFER.1,rotifer
301,301,53,BM1,POLYARTHRA.DOLICHOPTERA,POLYARTHRA.DOLICHOPTERA.1,0.597894963,0.059660555,1,0.027486324,FALSE,0.648409484,abundance affects trait,2.45E-08,0.931034483,0.965517241,0.127347174,9.441368417,29,Plankton,1.462397998,-7.610199352,3.184777438,0.975034945,POLYARTHRA.DOLICHOPTERA.1,rotifer
302,302,54,BM1,LEPTODIAPTOMUS.MINUTUS,LEPTODIAPTOMUS.MINUTUS.1,0.835580361,0.074555803,1,0.027486324,FALSE,0.906176276,abundance affects trait,6.42E-06,0.931034483,0.965517241,0.127347174,9.441368417,29,Plankton,1.462397998,-5.192674418,2.502675359,0.975034945,LEPTODIAPTOMUS.MINUTUS.1,copepod 
303,303,55,BM1,KERATELLA.TAUROCEPHALA,KERATELLA.TAUROCEPHALA.1,0.922094722,0.000359609,1,0.027486324,TRUE,1,abundance affects trait,4.29E-08,0.931034483,0.965517241,0.127347174,9.441368417,29,Plankton,1.462397998,-7.367176805,2.680143147,0.975034945,KERATELLA.TAUROCEPHALA.1,rotifer
304,304,56,BM1,GASTROPUS.HYPTOPUS,GASTROPUS.HYPTOPUS.1,0.548965465,0.148696537,1,0.027486324,FALSE,0.595346066,abundance affects trait,2.68E-08,0.931034483,0.965517241,0.127347174,9.441368417,29,Plankton,1.462397998,-7.571195213,3.479527324,0.975034945,GASTROPUS.HYPTOPUS.1,rotifer
305,305,57,BM1,DIAPHANOSOMA.BIRGEI,DIAPHANOSOMA.BIRGEI.1,0.438496095,0.394237662,0.599999964,0.132854939,FALSE,0.475543439,abundance affects trait,3.84E-06,0.931034483,0.965517241,0.127347174,9.441368417,29,Plankton,1.462397998,-5.416073647,3.203296675,0.975034945,DIAPHANOSOMA.BIRGEI.1,Cladocera
306,306,58,BM1,TRICHOCERCA.BIROSTRIS,TRICHOCERCA.BIROSTRIS.1,0.748424152,0.220682113,1,0.027486324,FALSE,0.811656475,abundance affects trait,1.43E-08,0.931034483,0.965517241,0.127347174,9.441368417,29,Plankton,1.462397998,-7.845101686,2.581856605,0.975034945,TRICHOCERCA.BIROSTRIS.1,rotifer
307,307,1,CB1,TROPOCYCLOPS.PRASINUS.MEXICANUS.1,TROPOCYCLOPS.PRASINUS.MEXICANUS,0.584495169,0.147418203,0.714285731,0.035498142,FALSE,0.967219804,trait affects abundance,2.83E-06,1,1,0.087648809,10.9588483,8,Plankton,0.903089987,-5.5486332,3.645586,1.039764915,TROPOCYCLOPS.PRASINUS.MEXICANUS,copepod 
308,308,2,CB1,CHYDORUS.1,CHYDORUS,0.254350858,0.170557317,1,0.002666712,FALSE,0.42089858,trait affects abundance,8.06E-07,1,1,0.087648809,10.9588483,8,Plankton,0.903089987,-6.093611912,2.678283801,1.039764915,CHYDORUS,Cladocera
309,309,3,CB1,MESOCYCLOPS.EDAX.1,MESOCYCLOPS.EDAX,0.200735446,0.178426079,0.925820053,0.007680297,FALSE,0.332176053,trait affects abundance,6.36E-05,1,1,0.087648809,10.9588483,8,Plankton,0.903089987,-4.196850477,3.815275798,1.039764915,MESOCYCLOPS.EDAX,copepod 
310,310,4,CB1,DAPHNIA.PULICARIA.1,DAPHNIA.PULICARIA,0.381392568,0.433309862,0.809523821,0.016260982,FALSE,0.631126593,trait affects abundance,4.02E-05,1,1,0.087648809,10.9588483,8,Plankton,0.903089987,-4.395675472,3.922174792,1.039764915,DAPHNIA.PULICARIA,Cladocera
311,311,5,CB1,BOSMINIDAE.1,BOSMINIDAE,0.241283079,0.328679194,0.428571433,0.229556203,FALSE,0.399274082,trait affects abundance,2.79E-06,1,1,0.087648809,10.9588483,8,Plankton,0.903089987,-5.555008923,4.330192326,1.039764915,BOSMINIDAE,Cladocera
312,312,6,CB1,CYCLOPOID.1,CYCLOPOID,0.485617545,0.170315945,1.000000119,0.000836611,FALSE,0.803597585,trait affects abundance,7.35E-06,1,1,0.087648809,10.9588483,8,Plankton,0.903089987,-5.133966229,3.268866824,1.039764915,CYCLOPOID,copepod 
313,313,7,CB1,HOLOPEDIUM.GIBBERUM.1,HOLOPEDIUM.GIBBERUM,0.604304386,0.103697042,1,0.002666712,FALSE,1,trait affects abundance,1.16E-05,1,1,0.087648809,10.9588483,8,Plankton,0.903089987,-4.934121533,3.111277793,1.039764915,HOLOPEDIUM.GIBBERUM,Cladocera
314,314,8,CB1,DIACYCLOPS.THOMASI.1,DIACYCLOPS.THOMASI,0.215102949,0.16124054,0.975900054,0.003897905,FALSE,0.355951328,trait affects abundance,6.32E-06,1,1,0.087648809,10.9588483,8,Plankton,0.903089987,-5.199384949,2.628737155,1.039764915,DIACYCLOPS.THOMASI,copepod 
315,315,9,CB1,TROPOCYCLOPS.PRASINUS.MEXICANUS,TROPOCYCLOPS.PRASINUS.MEXICANUS.1,0.55431815,0.098212741,1,0.002666712,FALSE,0.917283018,abundance affects trait,2.83E-06,1,1,0.087648809,10.9588483,8,Plankton,0.903089987,-5.5486332,3.645586,1.039764915,TROPOCYCLOPS.PRASINUS.MEXICANUS.1,copepod 
316,316,10,CB1,CHYDORUS,CHYDORUS.1,0.195525902,0.212611649,1,0.002666712,FALSE,0.323555325,abundance affects trait,8.06E-07,1,1,0.087648809,10.9588483,8,Plankton,0.903089987,-6.093611912,2.678283801,1.039764915,CHYDORUS.1,Cladocera
317,317,11,CB1,MESOCYCLOPS.EDAX,MESOCYCLOPS.EDAX.1,0,0.5,1,1,FALSE,0,abundance affects trait,6.36E-05,1,1,0.087648809,10.9588483,8,Plankton,0.903089987,-4.196850477,3.815275798,1.039764915,MESOCYCLOPS.EDAX.1,copepod 
318,318,12,CB1,DAPHNIA.PULICARIA,DAPHNIA.PULICARIA.1,0.588814252,0.094013442,1,0.002666712,FALSE,0.974367001,abundance affects trait,4.02E-05,1,1,0.087648809,10.9588483,8,Plankton,0.903089987,-4.395675472,3.922174792,1.039764915,DAPHNIA.PULICARIA.1,Cladocera
319,319,13,CB1,BOSMINIDAE,BOSMINIDAE.1,0.198047992,0.31326055,0.928571463,0.001981735,FALSE,0.327728868,abundance affects trait,2.79E-06,1,1,0.087648809,10.9588483,8,Plankton,0.903089987,-5.555008923,4.330192326,1.039764915,BOSMINIDAE.1,Cladocera
320,320,14,CB1,CYCLOPOID,CYCLOPOID.1,0.479448238,0.190965291,0.857142925,0.00443399,FALSE,0.793388646,abundance affects trait,7.35E-06,1,1,0.087648809,10.9588483,8,Plankton,0.903089987,-5.133966229,3.268866824,1.039764915,CYCLOPOID.1,copepod 
321,321,15,CB1,HOLOPEDIUM.GIBBERUM,HOLOPEDIUM.GIBBERUM.1,0.539001747,0.143989339,0.928571463,0.001981735,FALSE,0.891937507,abundance affects trait,1.16E-05,1,1,0.087648809,10.9588483,8,Plankton,0.903089987,-4.934121533,3.111277793,1.039764915,HOLOPEDIUM.GIBBERUM.1,Cladocera
322,322,16,CB1,DIACYCLOPS.THOMASI,DIACYCLOPS.THOMASI.1,0.455379102,0.083273504,1,0.002666712,FALSE,0.753559154,abundance affects trait,6.32E-06,1,1,0.087648809,10.9588483,8,Plankton,0.903089987,-5.199384949,2.628737155,1.039764915,DIACYCLOPS.THOMASI.1,copepod 
323,323,1,CR1,COPEPOD.NAUPLII.1,COPEPOD.NAUPLII,0.45954806,0.044127231,1,0.027486324,TRUE,0.593583354,trait affects abundance,6.53E-07,0.956521739,1,0.091875,9.014185067,23,Plankton,1.361727836,-6.18480284,4.522224072,0.95492647,COPEPOD.NAUPLII,copepod 
324,324,2,CR1,DIACYCLOPS.THOMASI.1,DIACYCLOPS.THOMASI,0,0.5,1,1,FALSE,0,trait affects abundance,2.21E-05,0.956521739,1,0.091875,9.014185067,23,Plankton,1.361727836,-4.65629656,4.133425017,0.95492647,DIACYCLOPS.THOMASI,copepod 
325,325,3,CR1,LEPTODIAPTOMUS.MINUTUS.1,LEPTODIAPTOMUS.MINUTUS,0,0.5,1,1,FALSE,0,trait affects abundance,4.22E-05,0.956521739,1,0.091875,9.014185067,23,Plankton,1.361727836,-4.375042325,4.060778919,0.95492647,LEPTODIAPTOMUS.MINUTUS,copepod 
326,326,4,CR1,GASTROPUS.1,GASTROPUS,0.431129702,0.304909673,0.800000012,0.086410761,FALSE,0.556876281,trait affects abundance,2.76E-08,0.956521739,1,0.091875,9.014185067,23,Plankton,1.361727836,-7.559157545,3.665604933,0.95492647,GASTROPUS,rotifer
327,327,5,CR1,KELLICOTTIA.LONGISPINA.1,KELLICOTTIA.LONGISPINA,0.326132591,0.081410239,1,0.027486324,FALSE,0.421254911,trait affects abundance,1.92E-07,0.956521739,1,0.091875,9.014185067,23,Plankton,1.361727836,-6.716258818,4.105638539,0.95492647,KELLICOTTIA.LONGISPINA,rotifer
328,328,6,CR1,KERATELLA.HIEMALIS.1,KERATELLA.HIEMALIS,0.675609395,0.160517957,0.99999994,0.008534908,FALSE,0.872662787,trait affects abundance,6.48E-08,0.956521739,1,0.091875,9.014185067,23,Plankton,1.361727836,-7.188565122,3.279216684,0.95492647,KERATELLA.HIEMALIS,rotifer
329,329,7,CR1,POLYARTHRA.REMATA.1,POLYARTHRA.REMATA,0,0.5,-0.115470044,1,FALSE,0,trait affects abundance,7.20E-08,0.956521739,1,0.091875,9.014185067,23,Plankton,1.361727836,-7.142542429,4.032007674,0.95492647,POLYARTHRA.REMATA,rotifer
330,330,8,CR1,POLYARTHRA.VULGARIS.1,POLYARTHRA.VULGARIS,0.026136426,0.457082013,0.745356023,0.069967389,FALSE,0.033759575,trait affects abundance,8.27E-08,0.956521739,1,0.091875,9.014185067,23,Plankton,1.361727836,-7.0823289,3.735167152,0.95492647,POLYARTHRA.VULGARIS,rotifer
331,331,9,CR1,SYNCHAETA.1,SYNCHAETA,0.577711945,0.182660248,0.99999994,0.008534908,FALSE,0.74621182,trait affects abundance,1.64E-07,0.956521739,1,0.091875,9.014185067,23,Plankton,1.361727836,-6.786316265,3.22743502,0.95492647,SYNCHAETA,rotifer
332,332,10,CR1,CHYDORUS.1,CHYDORUS,0.081205693,0.493249826,-0.333333313,0.452370346,FALSE,0.104890765,trait affects abundance,2.55E-06,0.956521739,1,0.091875,9.014185067,23,Plankton,1.361727836,-5.593945975,3.12568637,0.95492647,CHYDORUS,Cladocera
333,333,11,CR1,DAPHNIA.MENDOTAE.1,DAPHNIA.MENDOTAE,0.210217697,0.209968347,1,0.027486324,FALSE,0.271531395,trait affects abundance,3.46E-05,0.956521739,1,0.091875,9.014185067,23,Plankton,1.361727836,-4.461494915,3.31209091,0.95492647,DAPHNIA.MENDOTAE,Cladocera
334,334,12,CR1,CONOCHILUS.1,CONOCHILUS,0.113716141,0.424657464,-0.866666615,0.024170551,FALSE,0.146883459,trait affects abundance,3.76E-08,0.956521739,1,0.091875,9.014185067,23,Plankton,1.361727836,-7.425346679,3.706430715,0.95492647,CONOCHILUS,rotifer
335,335,13,CR1,KERATELLA.COCHLEARIS.1,KERATELLA.COCHLEARIS,0.272956874,0.141289699,0.99999994,0.008534908,FALSE,0.352569559,trait affects abundance,8.85E-08,0.956521739,1,0.091875,9.014185067,23,Plankton,1.361727836,-7.052869697,4.68143879,0.95492647,KERATELLA.COCHLEARIS,rotifer
336,336,14,CR1,KERATELLA.TAUROCEPHALA.1,KERATELLA.TAUROCEPHALA,0,0.441916378,-0.690065503,0.085167907,FALSE,0,trait affects abundance,1.28E-07,0.956521739,1,0.091875,9.014185067,23,Plankton,1.361727836,-6.893275329,3.973184041,0.95492647,KERATELLA.TAUROCEPHALA,rotifer
337,337,15,CR1,POLYARTHRA.MAJOR.1,POLYARTHRA.MAJOR,0.656763557,0.086382298,0.99999994,0.008534908,FALSE,0.848320228,trait affects abundance,1.12E-07,0.956521739,1,0.091875,9.014185067,23,Plankton,1.361727836,-6.949735237,3.44504524,0.95492647,POLYARTHRA.MAJOR,rotifer
338,338,16,CR1,ASCOMORPHA.1,ASCOMORPHA,0.646752736,0.233963277,0.99999994,0.008534908,FALSE,0.835389575,trait affects abundance,7.80E-08,0.956521739,1,0.091875,9.014185067,23,Plankton,1.361727836,-7.108023659,3.509014727,0.95492647,ASCOMORPHA,rotifer
339,339,17,CR1,DIAPHANOSOMA.BIRGEI.1,DIAPHANOSOMA.BIRGEI,0.101748409,0.336886222,0.99999994,0.008534908,FALSE,0.131425127,trait affects abundance,8.39E-06,0.956521739,1,0.091875,9.014185067,23,Plankton,1.361727836,-5.076085215,3.093416426,0.95492647,DIAPHANOSOMA.BIRGEI,Cladocera
340,340,18,CR1,POLYARTHRA.DOLICHOPTERA.1,POLYARTHRA.DOLICHOPTERA,0.086026492,0.478731306,0.466666639,0.25965631,FALSE,0.111117635,trait affects abundance,1.11E-07,0.956521739,1,0.091875,9.014185067,23,Plankton,1.361727836,-6.95305588,3.8143296,0.95492647,POLYARTHRA.DOLICHOPTERA,rotifer
341,341,19,CR1,BOSMINIDAE.1,BOSMINIDAE,0.00134866,0.497781625,0.577350259,0.241566658,FALSE,0.00174202,trait affects abundance,3.89E-06,0.956521739,1,0.091875,9.014185067,23,Plankton,1.361727836,-5.410336149,3.64738297,0.95492647,BOSMINIDAE,Cladocera
342,342,20,CR1,CONOCHILOIDES.1,CONOCHILOIDES,0,0.5,1,1,FALSE,0,trait affects abundance,5.71E-08,0.956521739,1,0.091875,9.014185067,23,Plankton,1.361727836,-7.243507515,3.792112356,0.95492647,CONOCHILOIDES,rotifer
343,343,21,CR1,TRICHOCERCA.BIROSTRIS.1,TRICHOCERCA.BIROSTRIS,0.212596152,0.186697389,0.99999994,0.008534908,FALSE,0.274603568,trait affects abundance,5.79E-08,0.956521739,1,0.091875,9.014185067,23,Plankton,1.361727836,-7.237607481,3.515957336,0.95492647,TRICHOCERCA.BIROSTRIS,rotifer
344,344,22,CR1,UNKNOWN.ROTIFER.1,UNKNOWN.ROTIFER,0.345132983,0.282999419,0.599999964,0.132854939,FALSE,0.445797103,trait affects abundance,2.62E-08,0.956521739,1,0.091875,9.014185067,23,Plankton,1.361727836,-7.581511759,3.413465903,0.95492647,UNKNOWN.ROTIFER,rotifer
345,345,23,CR1,KELLICOTTIA.BOSTONIENSIS.1,KELLICOTTIA.BOSTONIENSIS,0,0.5,1,1,FALSE,0,trait affects abundance,9.48E-08,0.956521739,1,0.091875,9.014185067,23,Plankton,1.361727836,-7.023341642,4.066376299,0.95492647,KELLICOTTIA.BOSTONIENSIS,rotifer
346,346,24,CR1,COPEPOD.NAUPLII,COPEPOD.NAUPLII.1,0,0.5,1,1,FALSE,0,abundance affects trait,6.53E-07,0.956521739,1,0.091875,9.014185067,23,Plankton,1.361727836,-6.18480284,4.522224072,0.95492647,COPEPOD.NAUPLII.1,Cladocera
347,347,25,CR1,DIACYCLOPS.THOMASI,DIACYCLOPS.THOMASI.1,0.237658084,0.158899898,1,0.027486324,FALSE,0.306975255,abundance affects trait,2.21E-05,0.956521739,1,0.091875,9.014185067,23,Plankton,1.361727836,-4.65629656,4.133425017,0.95492647,DIACYCLOPS.THOMASI.1,copepod 
348,348,26,CR1,LEPTODIAPTOMUS.MINUTUS,LEPTODIAPTOMUS.MINUTUS.1,0,0.5,1,1,FALSE,0,abundance affects trait,4.22E-05,0.956521739,1,0.091875,9.014185067,23,Plankton,1.361727836,-4.375042325,4.060778919,0.95492647,LEPTODIAPTOMUS.MINUTUS.1,copepod 
349,349,27,CR1,GASTROPUS,GASTROPUS.1,0.342814041,0.24427973,0.800000012,0.086410761,FALSE,0.4428018,abundance affects trait,2.76E-08,0.956521739,1,0.091875,9.014185067,23,Plankton,1.361727836,-7.559157545,3.665604933,0.95492647,GASTROPUS.1,copepod 
350,350,28,CR1,KELLICOTTIA.LONGISPINA,KELLICOTTIA.LONGISPINA.1,0.005083974,0.491638007,0.577350259,0.241566658,FALSE,0.006566805,abundance affects trait,1.92E-07,0.956521739,1,0.091875,9.014185067,23,Plankton,1.361727836,-6.716258818,4.105638539,0.95492647,KELLICOTTIA.LONGISPINA.1,copepod 
351,351,29,CR1,KERATELLA.HIEMALIS,KERATELLA.HIEMALIS.1,0.77419297,0.0529513,0.99999994,0.008534908,FALSE,1,abundance affects trait,6.48E-08,0.956521739,1,0.091875,9.014185067,23,Plankton,1.361727836,-7.188565122,3.279216684,0.95492647,KERATELLA.HIEMALIS.1,rotifer
352,352,30,CR1,POLYARTHRA.REMATA,POLYARTHRA.REMATA.1,0.293938182,0.155820393,0.99999994,0.008534908,FALSE,0.379670435,abundance affects trait,7.20E-08,0.956521739,1,0.091875,9.014185067,23,Plankton,1.361727836,-7.142542429,4.032007674,0.95492647,POLYARTHRA.REMATA.1,rotifer
353,353,31,CR1,POLYARTHRA.VULGARIS,POLYARTHRA.VULGARIS.1,0.645500046,0.060805646,0.99999994,0.008534908,FALSE,0.833771516,abundance affects trait,8.27E-08,0.956521739,1,0.091875,9.014185067,23,Plankton,1.361727836,-7.0823289,3.735167152,0.95492647,POLYARTHRA.VULGARIS.1,rotifer
354,354,32,CR1,SYNCHAETA,SYNCHAETA.1,0.497562475,0.292367609,0.99999994,0.008534908,FALSE,0.642685344,abundance affects trait,1.64E-07,0.956521739,1,0.091875,9.014185067,23,Plankton,1.361727836,-6.786316265,3.22743502,0.95492647,SYNCHAETA.1,rotifer
355,355,33,CR1,CHYDORUS,CHYDORUS.1,0.33164111,0.211562035,1,0.027486324,FALSE,0.428370087,abundance affects trait,2.55E-06,0.956521739,1,0.091875,9.014185067,23,Plankton,1.361727836,-5.593945975,3.12568637,0.95492647,CHYDORUS.1,rotifer
356,356,34,CR1,DAPHNIA.MENDOTAE,DAPHNIA.MENDOTAE.1,0.409469294,0.154721538,1,0.027486324,FALSE,0.528898233,abundance affects trait,3.46E-05,0.956521739,1,0.091875,9.014185067,23,Plankton,1.361727836,-4.461494915,3.31209091,0.95492647,DAPHNIA.MENDOTAE.1,rotifer
357,357,35,CR1,CONOCHILUS,CONOCHILUS.1,0.509881161,0.175230006,0.866666615,0.024170518,FALSE,0.658596991,abundance affects trait,3.76E-08,0.956521739,1,0.091875,9.014185067,23,Plankton,1.361727836,-7.425346679,3.706430715,0.95492647,CONOCHILUS.1,Cladocera
358,358,36,CR1,KERATELLA.COCHLEARIS,KERATELLA.COCHLEARIS.1,0.296029341,0.195996924,0.99999994,0.008534908,FALSE,0.382371518,abundance affects trait,8.85E-08,0.956521739,1,0.091875,9.014185067,23,Plankton,1.361727836,-7.052869697,4.68143879,0.95492647,KERATELLA.COCHLEARIS.1,Cladocera
359,359,37,CR1,KERATELLA.TAUROCEPHALA,KERATELLA.TAUROCEPHALA.1,0.168983115,0.240877383,0.99999994,0.008534908,FALSE,0.218270019,abundance affects trait,1.28E-07,0.956521739,1,0.091875,9.014185067,23,Plankton,1.361727836,-6.893275329,3.973184041,0.95492647,KERATELLA.TAUROCEPHALA.1,rotifer
360,360,38,CR1,POLYARTHRA.MAJOR,POLYARTHRA.MAJOR.1,0.231898854,0.318621162,0.800000012,0.086410761,FALSE,0.299536244,abundance affects trait,1.12E-07,0.956521739,1,0.091875,9.014185067,23,Plankton,1.361727836,-6.949735237,3.44504524,0.95492647,POLYARTHRA.MAJOR.1,rotifer
361,361,39,CR1,ASCOMORPHA,ASCOMORPHA.1,0.460159703,0.193998105,0.99999994,0.008534908,FALSE,0.594373394,abundance affects trait,7.80E-08,0.956521739,1,0.091875,9.014185067,23,Plankton,1.361727836,-7.108023659,3.509014727,0.95492647,ASCOMORPHA.1,rotifer
362,362,40,CR1,DIAPHANOSOMA.BIRGEI,DIAPHANOSOMA.BIRGEI.1,0.281947184,0.347311306,0.99999994,0.008534908,FALSE,0.364182052,abundance affects trait,8.39E-06,0.956521739,1,0.091875,9.014185067,23,Plankton,1.361727836,-5.076085215,3.093416426,0.95492647,DIAPHANOSOMA.BIRGEI.1,rotifer
363,363,41,CR1,POLYARTHRA.DOLICHOPTERA,POLYARTHRA.DOLICHOPTERA.1,0.36927081,0.219681833,1,0.027486324,FALSE,0.476975153,abundance affects trait,1.11E-07,0.956521739,1,0.091875,9.014185067,23,Plankton,1.361727836,-6.95305588,3.8143296,0.95492647,POLYARTHRA.DOLICHOPTERA.1,rotifer
364,364,42,CR1,BOSMINIDAE,BOSMINIDAE.1,0.131873882,0.292218497,0.99999994,0.008534908,FALSE,0.170337224,abundance affects trait,3.89E-06,0.956521739,1,0.091875,9.014185067,23,Plankton,1.361727836,-5.410336149,3.64738297,0.95492647,BOSMINIDAE.1,Cladocera
365,365,43,CR1,CONOCHILOIDES,CONOCHILOIDES.1,0.222826077,0.285124462,0.99999994,0.008534908,FALSE,0.287817232,abundance affects trait,5.71E-08,0.956521739,1,0.091875,9.014185067,23,Plankton,1.361727836,-7.243507515,3.792112356,0.95492647,CONOCHILOIDES.1,rotifer
366,366,44,CR1,TRICHOCERCA.BIROSTRIS,TRICHOCERCA.BIROSTRIS.1,0.137222497,0.482475164,0.066666663,1,FALSE,0.177245858,abundance affects trait,5.79E-08,0.956521739,1,0.091875,9.014185067,23,Plankton,1.361727836,-7.237607481,3.515957336,0.95492647,TRICHOCERCA.BIROSTRIS.1,Cladocera
367,367,45,CR1,UNKNOWN.ROTIFER,UNKNOWN.ROTIFER.1,0.11572967,0.4593233,-0.466666639,0.25965631,FALSE,0.149484268,abundance affects trait,2.62E-08,0.956521739,1,0.091875,9.014185067,23,Plankton,1.361727836,-7.581511759,3.413465903,0.95492647,UNKNOWN.ROTIFER.1,rotifer
368,368,46,CR1,KELLICOTTIA.BOSTONIENSIS,KELLICOTTIA.BOSTONIENSIS.1,0,0.5,1,1,FALSE,0,abundance affects trait,9.48E-08,0.956521739,1,0.091875,9.014185067,23,Plankton,1.361727836,-7.023341642,4.066376299,0.95492647,KELLICOTTIA.BOSTONIENSIS.1,rotifer
369,369,1,SP1,COPEPOD.NAUPLII.1,COPEPOD.NAUPLII,0.290177662,0.32080951,0.400000006,0.462432742,FALSE,0.331361049,trait affects abundance,5.24E-07,0.894736842,0.947368421,0.084433369,8.35896884,19,Plankton,1.278753601,-6.280719899,4.405023655,0.922152706,COPEPOD.NAUPLII,rotifer
370,370,2,SP1,DIACYCLOPS.THOMASI.1,DIACYCLOPS.THOMASI,0.128729503,0.492554812,-0.333333313,0.452370346,FALSE,0.146999403,trait affects abundance,1.01E-05,0.894736842,0.947368421,0.084433369,8.35896884,19,Plankton,1.278753601,-4.995606103,4.008777543,0.922152706,DIACYCLOPS.THOMASI,rotifer
371,371,3,SP1,LEPTODIAPTOMUS.MINUTUS.1,LEPTODIAPTOMUS.MINUTUS,0.639356283,0.091957081,0.99999994,0.008534908,FALSE,0.730096752,trait affects abundance,1.37E-05,0.894736842,0.947368421,0.084433369,8.35896884,19,Plankton,1.278753601,-4.863390164,3.335234957,0.922152706,LEPTODIAPTOMUS.MINUTUS,copepod 
372,372,4,SP1,DAPHNIA.LONGIREMIS.1,DAPHNIA.LONGIREMIS,0.726644121,0.080024849,0.866666615,0.024170518,FALSE,0.829772893,trait affects abundance,1.40E-05,0.894736842,0.947368421,0.084433369,8.35896884,19,Plankton,1.278753601,-4.852457552,3.126744537,0.922152706,DAPHNIA.LONGIREMIS,Cladocera
373,373,5,SP1,ASPLANCHNA.1,ASPLANCHNA,0.589152413,0.097690625,0.99999994,0.008534908,FALSE,0.672767712,trait affects abundance,1.54E-06,0.894736842,0.947368421,0.084433369,8.35896884,19,Plankton,1.278753601,-5.811216799,3.168382887,0.922152706,ASPLANCHNA,rotifer
374,374,6,SP1,KELLICOTTIA.LONGISPINA.1,KELLICOTTIA.LONGISPINA,0.204723179,0.452176422,0.599999964,0.132854939,FALSE,0.233778462,trait affects abundance,1.68E-07,0.894736842,0.947368421,0.084433369,8.35896884,19,Plankton,1.278753601,-6.775261459,4.256510623,0.922152706,KELLICOTTIA.LONGISPINA,rotifer
375,375,7,SP1,KERATELLA.COCHLEARIS.1,KERATELLA.COCHLEARIS,0.358486122,0.157804505,1,0.027486324,FALSE,0.409364169,trait affects abundance,6.73E-08,0.894736842,0.947368421,0.084433369,8.35896884,19,Plankton,1.278753601,-7.172119082,4.820575438,0.922152706,KERATELLA.COCHLEARIS,rotifer
376,376,8,SP1,KERATELLA.QUADRATA.1,KERATELLA.QUADRATA,0.642826927,0.347343887,0.866666615,0.024170518,FALSE,0.734059967,trait affects abundance,1.39E-07,0.894736842,0.947368421,0.084433369,8.35896884,19,Plankton,1.278753601,-6.858317664,2.935759104,0.922152706,KERATELLA.QUADRATA,rotifer
377,377,9,SP1,POLYARTHRA.VULGARIS.1,POLYARTHRA.VULGARIS,0.315864423,0.315551084,0.73333329,0.060289145,FALSE,0.360693397,trait affects abundance,1.07E-07,0.894736842,0.947368421,0.084433369,8.35896884,19,Plankton,1.278753601,-6.971187751,4.047869532,0.922152706,POLYARTHRA.VULGARIS,rotifer
378,378,10,SP1,KERATELLA.CRASSA.1,KERATELLA.CRASSA,0.40616676,0.382035634,0.199999988,0.70711422,FALSE,0.463811869,trait affects abundance,1.18E-07,0.894736842,0.947368421,0.084433369,8.35896884,19,Plankton,1.278753601,-6.928177393,3.473892285,0.922152706,KERATELLA.CRASSA,rotifer
379,379,11,SP1,BOSMINIDAE.1,BOSMINIDAE,0.324611968,0.249818073,0.99999994,0.008534908,FALSE,0.370682435,trait affects abundance,2.36E-06,0.894736842,0.947368421,0.084433369,8.35896884,19,Plankton,1.278753601,-5.627395439,3.665372496,0.922152706,BOSMINIDAE,Cladocera
380,380,12,SP1,CHYDORUS.1,CHYDORUS,0.581655997,0.377513626,0.599999964,0.132854939,FALSE,0.664207369,trait affects abundance,7.51E-07,0.894736842,0.947368421,0.084433369,8.35896884,19,Plankton,1.278753601,-6.124308443,3.096910013,0.922152706,CHYDORUS,Cladocera
381,381,13,SP1,TROPOCYCLOPS.PRASINUS.MEXICANUS.1,TROPOCYCLOPS.PRASINUS.MEXICANUS,0.875714459,0.005898538,0.99999994,0.008534908,TRUE,1,trait affects abundance,5.22E-06,0.894736842,0.947368421,0.084433369,8.35896884,19,Plankton,1.278753601,-5.282372492,3.220398683,0.922152706,TROPOCYCLOPS.PRASINUS.MEXICANUS,copepod 
382,382,14,SP1,KERATELLA.EARLINAE.1,KERATELLA.EARLINAE,0.246627244,0.203230371,0.99999994,0.008534908,FALSE,0.28162975,trait affects abundance,1.10E-07,0.894736842,0.947368421,0.084433369,8.35896884,19,Plankton,1.278753601,-6.957290375,4.207537129,0.922152706,KERATELLA.EARLINAE,rotifer
383,383,15,SP1,POLYARTHRA.REMATA.1,POLYARTHRA.REMATA,0.469216262,0.247666056,0.99999994,0.008534908,FALSE,0.535809655,trait affects abundance,4.23E-08,0.894736842,0.947368421,0.084433369,8.35896884,19,Plankton,1.278753601,-7.374159356,4.048786961,0.922152706,POLYARTHRA.REMATA,rotifer
384,384,16,SP1,CONOCHILUS.1,CONOCHILUS,0.37738255,0.159811955,0.99999994,0.008534908,FALSE,0.430942467,trait affects abundance,3.85E-08,0.894736842,0.947368421,0.084433369,8.35896884,19,Plankton,1.278753601,-7.41399352,4.262154339,0.922152706,CONOCHILUS,rotifer
385,385,17,SP1,FILINIA.TERMINALIS.1,FILINIA.TERMINALIS,0.365509143,0.30815964,0.866666615,0.024170518,FALSE,0.41738393,trait affects abundance,1.26E-07,0.894736842,0.947368421,0.084433369,8.35896884,19,Plankton,1.278753601,-6.898277386,3.824631963,0.922152706,FILINIA.TERMINALIS,rotifer
386,386,18,SP1,GASTROPUS.STYLIFER.1,GASTROPUS.STYLIFER,0.318550923,0.125845584,1,0.027486324,FALSE,0.363761178,trait affects abundance,3.02E-08,0.894736842,0.947368421,0.084433369,8.35896884,19,Plankton,1.278753601,-7.519418361,3.521065405,0.922152706,GASTROPUS.STYLIFER,rotifer
387,387,19,SP1,GASTROPUS.HYPTOPUS.1,GASTROPUS.HYPTOPUS,0.722396304,0.028456493,1,0.027486324,TRUE,0.824922207,trait affects abundance,5.44E-08,0.894736842,0.947368421,0.084433369,8.35896884,19,Plankton,1.278753601,-7.264137217,3.124033013,0.922152706,GASTROPUS.HYPTOPUS,rotifer
388,388,20,SP1,COPEPOD.NAUPLII,COPEPOD.NAUPLII.1,0.195127155,0.211014552,1,0.027486324,FALSE,0.222820524,abundance affects trait,5.24E-07,0.894736842,0.947368421,0.084433369,8.35896884,19,Plankton,1.278753601,-6.280719899,4.405023655,0.922152706,COPEPOD.NAUPLII.1,rotifer
389,389,21,SP1,DIACYCLOPS.THOMASI,DIACYCLOPS.THOMASI.1,0.145411692,0.462026777,0.400000006,0.462432742,FALSE,0.166049208,abundance affects trait,1.01E-05,0.894736842,0.947368421,0.084433369,8.35896884,19,Plankton,1.278753601,-4.995606103,4.008777543,0.922152706,DIACYCLOPS.THOMASI.1,rotifer
390,390,22,SP1,LEPTODIAPTOMUS.MINUTUS,LEPTODIAPTOMUS.MINUTUS.1,0.736923817,0.204769573,0.99999994,0.008534908,FALSE,0.841511533,abundance affects trait,1.37E-05,0.894736842,0.947368421,0.084433369,8.35896884,19,Plankton,1.278753601,-4.863390164,3.335234957,0.922152706,LEPTODIAPTOMUS.MINUTUS.1,copepod 
391,391,23,SP1,DAPHNIA.LONGIREMIS,DAPHNIA.LONGIREMIS.1,0.496993473,0.045462927,1,0.027486324,TRUE,0.567529139,abundance affects trait,1.40E-05,0.894736842,0.947368421,0.084433369,8.35896884,19,Plankton,1.278753601,-4.852457552,3.126744537,0.922152706,DAPHNIA.LONGIREMIS.1,Cladocera
392,392,24,SP1,ASPLANCHNA,ASPLANCHNA.1,0.547701528,0.125481911,0.99999994,0.008534908,FALSE,0.625433921,abundance affects trait,1.54E-06,0.894736842,0.947368421,0.084433369,8.35896884,19,Plankton,1.278753601,-5.811216799,3.168382887,0.922152706,ASPLANCHNA.1,rotifer
393,393,25,SP1,KELLICOTTIA.LONGISPINA,KELLICOTTIA.LONGISPINA.1,0.254086387,0.239503415,1,0.027486324,FALSE,0.290147529,abundance affects trait,1.68E-07,0.894736842,0.947368421,0.084433369,8.35896884,19,Plankton,1.278753601,-6.775261459,4.256510623,0.922152706,KELLICOTTIA.LONGISPINA.1,rotifer
394,394,26,SP1,KERATELLA.COCHLEARIS,KERATELLA.COCHLEARIS.1,0.196817493,0.358701582,0.800000012,0.086410761,FALSE,0.224750763,abundance affects trait,6.73E-08,0.894736842,0.947368421,0.084433369,8.35896884,19,Plankton,1.278753601,-7.172119082,4.820575438,0.922152706,KERATELLA.COCHLEARIS.1,rotifer
395,395,27,SP1,KERATELLA.QUADRATA,KERATELLA.QUADRATA.1,0.554351445,0.43610483,0.866666615,0.024170518,FALSE,0.633027625,abundance affects trait,1.39E-07,0.894736842,0.947368421,0.084433369,8.35896884,19,Plankton,1.278753601,-6.858317664,2.935759104,0.922152706,KERATELLA.QUADRATA.1,rotifer
396,396,28,SP1,POLYARTHRA.VULGARIS,POLYARTHRA.VULGARIS.1,0.377838819,0.094080424,1,0.027486324,FALSE,0.431463492,abundance affects trait,1.07E-07,0.894736842,0.947368421,0.084433369,8.35896884,19,Plankton,1.278753601,-6.971187751,4.047869532,0.922152706,POLYARTHRA.VULGARIS.1,rotifer
397,397,29,SP1,KERATELLA.CRASSA,KERATELLA.CRASSA.1,0.142308159,0.384165779,-0.73333329,0.060289178,FALSE,0.162505206,abundance affects trait,1.18E-07,0.894736842,0.947368421,0.084433369,8.35896884,19,Plankton,1.278753601,-6.928177393,3.473892285,0.922152706,KERATELLA.CRASSA.1,rotifer
398,398,30,SP1,BOSMINIDAE,BOSMINIDAE.1,0.182571727,0.405036229,0.73333329,0.060289145,FALSE,0.20848317,abundance affects trait,2.36E-06,0.894736842,0.947368421,0.084433369,8.35896884,19,Plankton,1.278753601,-5.627395439,3.665372496,0.922152706,BOSMINIDAE.1,Cladocera
399,399,31,SP1,CHYDORUS,CHYDORUS.1,0.655252082,0.146174688,0.99999994,0.008534908,FALSE,0.748248559,abundance affects trait,7.51E-07,0.894736842,0.947368421,0.084433369,8.35896884,19,Plankton,1.278753601,-6.124308443,3.096910013,0.922152706,CHYDORUS.1,Cladocera
400,400,32,SP1,TROPOCYCLOPS.PRASINUS.MEXICANUS,TROPOCYCLOPS.PRASINUS.MEXICANUS.1,0.524717997,0.356334608,0.866666615,0.024170518,FALSE,0.599188459,abundance affects trait,5.22E-06,0.894736842,0.947368421,0.084433369,8.35896884,19,Plankton,1.278753601,-5.282372492,3.220398683,0.922152706,TROPOCYCLOPS.PRASINUS.MEXICANUS.1,copepod 
401,401,33,SP1,KERATELLA.EARLINAE,KERATELLA.EARLINAE.1,0,0.5,1,1,FALSE,0,abundance affects trait,1.10E-07,0.894736842,0.947368421,0.084433369,8.35896884,19,Plankton,1.278753601,-6.957290375,4.207537129,0.922152706,KERATELLA.EARLINAE.1,rotifer
402,402,34,SP1,POLYARTHRA.REMATA,POLYARTHRA.REMATA.1,0,0.5,1,1,FALSE,0,abundance affects trait,4.23E-08,0.894736842,0.947368421,0.084433369,8.35896884,19,Plankton,1.278753601,-7.374159356,4.048786961,0.922152706,POLYARTHRA.REMATA.1,rotifer
403,403,35,SP1,CONOCHILUS,CONOCHILUS.1,0.102826007,0.337548616,0.866666615,0.024170518,FALSE,0.11741956,abundance affects trait,3.85E-08,0.894736842,0.947368421,0.084433369,8.35896884,19,Plankton,1.278753601,-7.41399352,4.262154339,0.922152706,CONOCHILUS.1,rotifer
404,404,36,SP1,FILINIA.TERMINALIS,FILINIA.TERMINALIS.1,0.185044035,0.229518354,0.866666615,0.024170518,FALSE,0.21130636,abundance affects trait,1.26E-07,0.894736842,0.947368421,0.084433369,8.35896884,19,Plankton,1.278753601,-6.898277386,3.824631963,0.922152706,FILINIA.TERMINALIS.1,rotifer
405,405,37,SP1,GASTROPUS.STYLIFER,GASTROPUS.STYLIFER.1,0.427218639,0.324349287,0.866666615,0.024170518,FALSE,0.48785153,abundance affects trait,3.02E-08,0.894736842,0.947368421,0.084433369,8.35896884,19,Plankton,1.278753601,-7.519418361,3.521065405,0.922152706,GASTROPUS.STYLIFER.1,rotifer
406,406,38,SP1,GASTROPUS.HYPTOPUS,GASTROPUS.HYPTOPUS.1,0.654014918,0.097346052,0.800000012,0.086410761,FALSE,0.746835811,abundance affects trait,5.44E-08,0.894736842,0.947368421,0.084433369,8.35896884,19,Plankton,1.278753601,-7.264137217,3.124033013,0.922152706,GASTROPUS.HYPTOPUS.1,rotifer
407,407,1,TR1,COPEPOD.NAUPLII.1,COPEPOD.NAUPLII,0,0.5,1,1,FALSE,0,trait affects abundance,4.36E-07,0.909090909,1,0.081098351,7.06087653,22,Plankton,1.342422681,-6.360906573,4.544928886,0.848858617,COPEPOD.NAUPLII,copepod 
408,408,2,TR1,DIACYCLOPS.THOMASI.1,DIACYCLOPS.THOMASI,0.056337274,0.409401171,0.89442718,0.026772738,FALSE,0.069239258,trait affects abundance,1.45E-05,0.909090909,1,0.081098351,7.06087653,22,Plankton,1.342422681,-4.838397035,3.894254509,0.848858617,DIACYCLOPS.THOMASI,copepod 
409,409,3,TR1,BOSMINIDAE.1,BOSMINIDAE,0.108732476,0.331210196,0.599999964,0.132854939,FALSE,0.133633659,trait affects abundance,3.23E-06,0.909090909,1,0.081098351,7.06087653,22,Plankton,1.342422681,-5.491077186,3.757459296,0.848858617,BOSMINIDAE,Cladocera
410,410,4,TR1,CONOCHILUS.1,CONOCHILUS,0.383439728,0.166075136,0.99999994,0.008534908,FALSE,0.471252522,trait affects abundance,1.80E-08,0.909090909,1,0.081098351,7.06087653,22,Plankton,1.342422681,-7.745439905,4.117915445,0.848858617,CONOCHILUS,rotifer
411,411,5,TR1,FILINIA.TERMINALIS.1,FILINIA.TERMINALIS,0.441866484,0.15379302,0.99999994,0.008534908,FALSE,0.543059781,trait affects abundance,1.04E-07,0.909090909,1,0.081098351,7.06087653,22,Plankton,1.342422681,-6.982690106,3.248858401,0.848858617,FILINIA.TERMINALIS,rotifer
412,412,6,TR1,KELLICOTTIA.LONGISPINA.1,KELLICOTTIA.LONGISPINA,0.241691639,0.227377493,0.99999994,0.008534908,FALSE,0.297042236,trait affects abundance,1.82E-07,0.909090909,1,0.081098351,7.06087653,22,Plankton,1.342422681,-6.739318845,4.229916371,0.848858617,KELLICOTTIA.LONGISPINA,rotifer
413,413,7,TR1,KERATELLA.COCHLEARIS.1,KERATELLA.COCHLEARIS,0.163114663,0.462834739,0.333333313,0.452370405,FALSE,0.200470089,trait affects abundance,6.80E-08,0.909090909,1,0.081098351,7.06087653,22,Plankton,1.342422681,-7.167470007,4.830169711,0.848858617,KERATELLA.COCHLEARIS,rotifer
414,414,8,TR1,KERATELLA.CRASSA.1,KERATELLA.CRASSA,0.409290745,0.038697992,1,0.027486324,TRUE,0.503023765,trait affects abundance,1.39E-07,0.909090909,1,0.081098351,7.06087653,22,Plankton,1.342422681,-6.85656264,3.663282025,0.848858617,KERATELLA.CRASSA,rotifer
415,415,9,TR1,KERATELLA.QUADRATA.1,KERATELLA.QUADRATA,0.432163934,0.247794874,0.99999994,0.008534908,FALSE,0.531135218,trait affects abundance,1.54E-07,0.909090909,1,0.081098351,7.06087653,22,Plankton,1.342422681,-6.813863789,3.184849098,0.848858617,KERATELLA.QUADRATA,rotifer
416,416,10,TR1,POLYARTHRA.VULGARIS.1,POLYARTHRA.VULGARIS,0.180452829,0.229310849,0.99999994,0.008534908,FALSE,0.221778925,trait affects abundance,8.59E-08,0.909090909,1,0.081098351,7.06087653,22,Plankton,1.342422681,-7.066094763,4.040514435,0.848858617,POLYARTHRA.VULGARIS,rotifer
417,417,11,TR1,CHYDORUS.1,CHYDORUS,0.745671611,0.21034293,0.99999994,0.008534908,FALSE,0.916440319,trait affects abundance,7.32E-07,0.909090909,1,0.081098351,7.06087653,22,Plankton,1.342422681,-6.135389643,3.063833554,0.848858617,CHYDORUS,Cladocera
418,418,12,TR1,ASPLANCHNA.1,ASPLANCHNA,0.402880377,0.213883478,0.99999994,0.008534908,FALSE,0.495145337,trait affects abundance,1.44E-06,0.909090909,1,0.081098351,7.06087653,22,Plankton,1.342422681,-5.841676922,3.165508114,0.848858617,ASPLANCHNA,rotifer
419,419,13,TR1,SYNCHAETA.1,SYNCHAETA,0.223053018,0.248406033,0.800000012,0.086410761,FALSE,0.274135124,trait affects abundance,2.48E-07,0.909090909,1,0.081098351,7.06087653,22,Plankton,1.342422681,-6.605062539,3.632766509,0.848858617,SYNCHAETA,rotifer
420,420,14,TR1,DAPHNIA.LONGIREMIS.1,DAPHNIA.LONGIREMIS,0.302208878,0.181473949,0.800000012,0.086410761,FALSE,0.371418727,trait affects abundance,1.26E-05,0.909090909,1,0.081098351,7.06087653,22,Plankton,1.342422681,-4.897984692,2.829303773,0.848858617,DAPHNIA.LONGIREMIS,Cladocera
421,421,15,TR1,GASTROPUS.STYLIFER.1,GASTROPUS.STYLIFER,0.591850111,0.147048889,0.99999994,0.008534908,FALSE,0.727391652,trait affects abundance,3.38E-08,0.909090909,1,0.081098351,7.06087653,22,Plankton,1.342422681,-7.47059636,3.538866851,0.848858617,GASTROPUS.STYLIFER,rotifer
422,422,16,TR1,KERATELLA.EARLINAE.1,KERATELLA.EARLINAE,0.293671535,0.109520119,0.99999994,0.008534908,FALSE,0.360926219,trait affects abundance,1.13E-07,0.909090909,1,0.081098351,7.06087653,22,Plankton,1.342422681,-6.947486042,3.905870804,0.848858617,KERATELLA.EARLINAE,rotifer
423,423,17,TR1,NOTHOLCA.MICHIGANENSIS.1,NOTHOLCA.MICHIGANENSIS,0.481237968,0.159796694,0.99999994,0.008534908,FALSE,0.591447858,trait affects abundance,7.37E-08,0.909090909,1,0.081098351,7.06087653,22,Plankton,1.342422681,-7.132412445,3.296482368,0.848858617,NOTHOLCA.MICHIGANENSIS,rotifer
424,424,18,TR1,TROPOCYCLOPS.PRASINUS.MEXICANUS.1,TROPOCYCLOPS.PRASINUS.MEXICANUS,0.813660852,0.001468091,0.99999994,0.008534908,TRUE,1,trait affects abundance,5.72E-06,0.909090909,1,0.081098351,7.06087653,22,Plankton,1.342422681,-5.242752354,3.427999731,0.848858617,TROPOCYCLOPS.PRASINUS.MEXICANUS,copepod 
425,425,19,TR1,LEPTODIAPTOMUS.SICILIS.1,LEPTODIAPTOMUS.SICILIS,0.708957091,0.190453643,0.99999994,0.008534908,FALSE,0.871317686,trait affects abundance,5.02E-05,0.909090909,1,0.081098351,7.06087653,22,Plankton,1.342422681,-4.299266152,3.114870342,0.848858617,LEPTODIAPTOMUS.SICILIS,copepod 
426,426,20,TR1,POLYARTHRA.REMATA.1,POLYARTHRA.REMATA,0.274782079,0.287767742,1,0.027486324,FALSE,0.337710827,trait affects abundance,2.92E-08,0.909090909,1,0.081098351,7.06087653,22,Plankton,1.342422681,-7.534412704,4.141101222,0.848858617,POLYARTHRA.REMATA,rotifer
427,427,21,TR1,SKISTODIAPTOMUS.OREGONENSIS.1,SKISTODIAPTOMUS.OREGONENSIS,0.203545611,0.200870167,0.966091692,0.012898922,FALSE,0.250160261,trait affects abundance,2.27E-05,0.909090909,1,0.081098351,7.06087653,22,Plankton,1.342422681,-4.644369345,2.843371221,0.848858617,SKISTODIAPTOMUS.OREGONENSIS,copepod 
428,428,22,TR1,NOTHOLCA.FOLIACEA.1,NOTHOLCA.FOLIACEA,0.487414193,0.267239676,0.99999994,0.008534908,FALSE,0.599038521,trait affects abundance,1.60E-07,0.909090909,1,0.081098351,7.06087653,22,Plankton,1.342422681,-6.794654699,3.353788045,0.848858617,NOTHOLCA.FOLIACEA,rotifer
429,429,23,TR1,COPEPOD.NAUPLII,COPEPOD.NAUPLII.1,0.196102489,0.231611137,0.99999994,0.008534908,FALSE,0.241012565,abundance affects trait,4.36E-07,0.909090909,1,0.081098351,7.06087653,22,Plankton,1.342422681,-6.360906573,4.544928886,0.848858617,COPEPOD.NAUPLII.1,copepod 
430,430,24,TR1,DIACYCLOPS.THOMASI,DIACYCLOPS.THOMASI.1,0.366941765,0.058978346,1,0.027486324,FALSE,0.450976306,abundance affects trait,1.45E-05,0.909090909,1,0.081098351,7.06087653,22,Plankton,1.342422681,-4.838397035,3.894254509,0.848858617,DIACYCLOPS.THOMASI.1,copepod 
431,431,25,TR1,BOSMINIDAE,BOSMINIDAE.1,0.102512394,0.473452493,0.066666663,1,FALSE,0.125989095,abundance affects trait,3.23E-06,0.909090909,1,0.081098351,7.06087653,22,Plankton,1.342422681,-5.491077186,3.757459296,0.848858617,BOSMINIDAE.1,Cladocera
432,432,26,TR1,CONOCHILUS,CONOCHILUS.1,0.049998797,0.419463734,0.89442718,0.026772738,FALSE,0.061449186,abundance affects trait,1.80E-08,0.909090909,1,0.081098351,7.06087653,22,Plankton,1.342422681,-7.745439905,4.117915445,0.848858617,CONOCHILUS.1,rotifer
433,433,27,TR1,FILINIA.TERMINALIS,FILINIA.TERMINALIS.1,0.490161414,0.12637125,1,0.027486324,FALSE,0.602414892,abundance affects trait,1.04E-07,0.909090909,1,0.081098351,7.06087653,22,Plankton,1.342422681,-6.982690106,3.248858401,0.848858617,FILINIA.TERMINALIS.1,rotifer
434,434,28,TR1,KELLICOTTIA.LONGISPINA,KELLICOTTIA.LONGISPINA.1,0.086203342,0.403565814,0.599999964,0.132854939,FALSE,0.105945053,abundance affects trait,1.82E-07,0.909090909,1,0.081098351,7.06087653,22,Plankton,1.342422681,-6.739318845,4.229916371,0.848858617,KELLICOTTIA.LONGISPINA.1,rotifer
435,435,29,TR1,KERATELLA.COCHLEARIS,KERATELLA.COCHLEARIS.1,0.165725233,0.291115747,0.99999994,0.008534908,FALSE,0.203678514,abundance affects trait,6.80E-08,0.909090909,1,0.081098351,7.06087653,22,Plankton,1.342422681,-7.167470007,4.830169711,0.848858617,KERATELLA.COCHLEARIS.1,rotifer
436,436,30,TR1,KERATELLA.CRASSA,KERATELLA.CRASSA.1,0.077087847,0.376853638,0.836660028,0.096092343,FALSE,0.094741988,abundance affects trait,1.39E-07,0.909090909,1,0.081098351,7.06087653,22,Plankton,1.342422681,-6.85656264,3.663282025,0.848858617,KERATELLA.CRASSA.1,rotifer
437,437,31,TR1,KERATELLA.QUADRATA,KERATELLA.QUADRATA.1,0.399166833,0.276278978,0.99999994,0.008534908,FALSE,0.490581343,abundance affects trait,1.54E-07,0.909090909,1,0.081098351,7.06087653,22,Plankton,1.342422681,-6.813863789,3.184849098,0.848858617,KERATELLA.QUADRATA.1,rotifer
438,438,32,TR1,POLYARTHRA.VULGARIS,POLYARTHRA.VULGARIS.1,0.2450039,0.279867235,0.99999994,0.008534908,FALSE,0.301113049,abundance affects trait,8.59E-08,0.909090909,1,0.081098351,7.06087653,22,Plankton,1.342422681,-7.066094763,4.040514435,0.848858617,POLYARTHRA.VULGARIS.1,rotifer
439,439,33,TR1,CHYDORUS,CHYDORUS.1,0.622117985,0.308212268,0.99999994,0.008534908,FALSE,0.764591271,abundance affects trait,7.32E-07,0.909090909,1,0.081098351,7.06087653,22,Plankton,1.342422681,-6.135389643,3.063833554,0.848858617,CHYDORUS.1,Cladocera
440,440,34,TR1,ASPLANCHNA,ASPLANCHNA.1,0.505191718,0.154639501,0.99999994,0.008534908,FALSE,0.620887335,abundance affects trait,1.44E-06,0.909090909,1,0.081098351,7.06087653,22,Plankton,1.342422681,-5.841676922,3.165508114,0.848858617,ASPLANCHNA.1,rotifer
441,441,35,TR1,SYNCHAETA,SYNCHAETA.1,0,0.5,1,1,FALSE,0,abundance affects trait,2.48E-07,0.909090909,1,0.081098351,7.06087653,22,Plankton,1.342422681,-6.605062539,3.632766509,0.848858617,SYNCHAETA.1,rotifer
442,442,36,TR1,DAPHNIA.LONGIREMIS,DAPHNIA.LONGIREMIS.1,0.429177822,0.150638562,0.99999994,0.008534908,FALSE,0.527465246,abundance affects trait,1.26E-05,0.909090909,1,0.081098351,7.06087653,22,Plankton,1.342422681,-4.897984692,2.829303773,0.848858617,DAPHNIA.LONGIREMIS.1,Cladocera
443,443,37,TR1,GASTROPUS.STYLIFER,GASTROPUS.STYLIFER.1,0.579878325,0.078018438,0.99999994,0.008534908,FALSE,0.712678168,abundance affects trait,3.38E-08,0.909090909,1,0.081098351,7.06087653,22,Plankton,1.342422681,-7.47059636,3.538866851,0.848858617,GASTROPUS.STYLIFER.1,rotifer
444,444,38,TR1,KERATELLA.EARLINAE,KERATELLA.EARLINAE.1,0.239527398,0.175485278,0.800000012,0.086410761,FALSE,0.294382355,abundance affects trait,1.13E-07,0.909090909,1,0.081098351,7.06087653,22,Plankton,1.342422681,-6.947486042,3.905870804,0.848858617,KERATELLA.EARLINAE.1,rotifer
445,445,39,TR1,NOTHOLCA.MICHIGANENSIS,NOTHOLCA.MICHIGANENSIS.1,0.45623643,0.232235128,0.99999994,0.008534908,FALSE,0.560720636,abundance affects trait,7.37E-08,0.909090909,1,0.081098351,7.06087653,22,Plankton,1.342422681,-7.132412445,3.296482368,0.848858617,NOTHOLCA.MICHIGANENSIS.1,rotifer
446,446,40,TR1,TROPOCYCLOPS.PRASINUS.MEXICANUS,TROPOCYCLOPS.PRASINUS.MEXICANUS.1,0.420256076,0.097779594,0.99999994,0.008534908,FALSE,0.516500303,abundance affects trait,5.72E-06,0.909090909,1,0.081098351,7.06087653,22,Plankton,1.342422681,-5.242752354,3.427999731,0.848858617,TROPOCYCLOPS.PRASINUS.MEXICANUS.1,copepod 
447,447,41,TR1,LEPTODIAPTOMUS.SICILIS,LEPTODIAPTOMUS.SICILIS.1,0.592967416,0.072914634,0.99999994,0.008534908,FALSE,0.728764834,abundance affects trait,5.02E-05,0.909090909,1,0.081098351,7.06087653,22,Plankton,1.342422681,-4.299266152,3.114870342,0.848858617,LEPTODIAPTOMUS.SICILIS.1,copepod 
448,448,42,TR1,POLYARTHRA.REMATA,POLYARTHRA.REMATA.1,0.018511659,0.470026477,0.577350259,0.241566658,FALSE,0.022751075,abundance affects trait,2.92E-08,0.909090909,1,0.081098351,7.06087653,22,Plankton,1.342422681,-7.534412704,4.141101222,0.848858617,POLYARTHRA.REMATA.1,rotifer
449,449,43,TR1,SKISTODIAPTOMUS.OREGONENSIS,SKISTODIAPTOMUS.OREGONENSIS.1,0.543064187,0.109549931,0.99999994,0.008534908,FALSE,0.667433102,abundance affects trait,2.27E-05,0.909090909,1,0.081098351,7.06087653,22,Plankton,1.342422681,-4.644369345,2.843371221,0.848858617,SKISTODIAPTOMUS.OREGONENSIS.1,copepod 
450,450,44,TR1,NOTHOLCA.FOLIACEA,NOTHOLCA.FOLIACEA.1,0.553950758,0.107643845,0.99999994,0.008534908,FALSE,0.680812843,abundance affects trait,1.60E-07,0.909090909,1,0.081098351,7.06087653,22,Plankton,1.342422681,-6.794654699,3.353788045,0.848858617,NOTHOLCA.FOLIACEA.1,rotifer
451,451,1,TB1,BOSMINIDAE.1,BOSMINIDAE,0.247122491,0.256725796,0.99999994,0.008534908,FALSE,0.373076477,trait affects abundance,3.14E-06,1,0.833333333,0.002783978,6.817180591,6,Plankton,0.77815125,-5.502687804,4.456148325,0.833604799,BOSMINIDAE,Cladocera
452,452,2,TB1,CHYDORUS.1,CHYDORUS,0.532286694,0.261720358,1,0.002666712,FALSE,0.803583857,trait affects abundance,8.26E-07,1,0.833333333,0.002783978,6.817180591,6,Plankton,0.77815125,-6.082959407,2.573451822,0.833604799,CHYDORUS,Cladocera
453,453,3,TB1,CYCLOPOID.1,CYCLOPOID,0.662390975,0.101824871,1,0.002666712,FALSE,1,trait affects abundance,4.97E-06,1,0.833333333,0.002783978,6.817180591,6,Plankton,0.77815125,-5.303501287,2.842557238,0.833604799,CYCLOPOID,copepod 
454,454,4,TB1,DAPHNIA.PULICARIA.1,DAPHNIA.PULICARIA,0.27843986,0.285821278,0.333333313,0.452370405,FALSE,0.420355758,trait affects abundance,1.95E-05,1,0.833333333,0.002783978,6.817180591,6,Plankton,0.77815125,-4.710400348,3.24448329,0.833604799,DAPHNIA.PULICARIA,Cladocera
455,455,5,TB1,HOLOPEDIUM.GIBBERUM.1,HOLOPEDIUM.GIBBERUM,0.120844997,0.385197793,0.523809552,0.133128524,FALSE,0.182437565,trait affects abundance,9.26E-06,1,0.833333333,0.002783978,6.817180591,6,Plankton,0.77815125,-5.033198085,3.299434656,0.833604799,HOLOPEDIUM.GIBBERUM,Cladocera
456,456,6,TB1,MESOCYCLOPS.EDAX.1,MESOCYCLOPS.EDAX,0.341577976,0.127914121,1,0.002666712,FALSE,0.515674261,trait affects abundance,4.39E-05,1,0.833333333,0.002783978,6.817180591,6,Plankton,0.77815125,-4.357443773,3.499755795,0.833604799,MESOCYCLOPS.EDAX,copepod 
457,457,7,TB1,BOSMINIDAE,BOSMINIDAE.1,0.089730191,0.34938366,0.845154226,0.019067407,FALSE,0.135464091,abundance affects trait,3.14E-06,1,0.833333333,0.002783978,6.817180591,6,Plankton,0.77815125,-5.502687804,4.456148325,0.833604799,BOSMINIDAE.1,Cladocera
458,458,8,TB1,CHYDORUS,CHYDORUS.1,0.594094434,0.050211385,0.866666615,0.024170518,FALSE,0.896893914,abundance affects trait,8.26E-07,1,0.833333333,0.002783978,6.817180591,6,Plankton,0.77815125,-6.082959407,2.573451822,0.833604799,CHYDORUS.1,Cladocera
459,459,9,TB1,CYCLOPOID,CYCLOPOID.1,0.624131079,0.04224777,0.866666615,0.024170518,TRUE,0.942239709,abundance affects trait,4.97E-06,1,0.833333333,0.002783978,6.817180591,6,Plankton,0.77815125,-5.303501287,2.842557238,0.833604799,CYCLOPOID.1,copepod 
460,460,10,TB1,DAPHNIA.PULICARIA,DAPHNIA.PULICARIA.1,0,0.5,1,1,FALSE,0,abundance affects trait,1.95E-05,1,0.833333333,0.002783978,6.817180591,6,Plankton,0.77815125,-4.710400348,3.24448329,0.833604799,DAPHNIA.PULICARIA.1,Cladocera
461,461,11,TB1,HOLOPEDIUM.GIBBERUM,HOLOPEDIUM.GIBBERUM.1,0,0.5,1,1,FALSE,0,abundance affects trait,9.26E-06,1,0.833333333,0.002783978,6.817180591,6,Plankton,0.77815125,-5.033198085,3.299434656,0.833604799,HOLOPEDIUM.GIBBERUM.1,Cladocera
462,462,12,TB1,MESOCYCLOPS.EDAX,MESOCYCLOPS.EDAX.1,0.310217843,0.18044105,1,0.002666712,FALSE,0.468330419,abundance affects trait,4.39E-05,1,0.833333333,0.002783978,6.817180591,6,Plankton,0.77815125,-4.357443773,3.499755795,0.833604799,MESOCYCLOPS.EDAX.1,copepod 
463,463,1,AR2,Chinook.salmon.1,Chinook.salmon,0.279494772,0.223239915,1.000000119,0.000836611,FALSE,0.280706232,trait affects abundance,33.61079837,0.4,0.633333333,0.090107808,13.507913,30,Fish,1.477121255,1.526478829,0.36793297,1.130588255,Chinook.salmon,Salmonidae
464,464,2,AR2,largemouth.bass.1,largemouth.bass,0.440682866,0.025257681,0.928571463,0.001981735,TRUE,0.442592989,trait affects abundance,198.8652414,0.4,0.633333333,0.090107808,13.507913,30,Fish,1.477121255,2.298558882,-0.012554378,1.130588255,largemouth.bass,Centrarchidae
465,465,3,AR2,western.mosquitofish.1,western.mosquitofish,0.740429644,0.081454454,1.000000119,0.000836611,FALSE,0.743639008,trait affects abundance,4.816641747,0.4,0.633333333,0.090107808,13.507913,30,Fish,1.477121255,0.682744345,0.161992847,1.130588255,western.mosquitofish,Poeciliidae
466,466,4,AR2,black.crappie.1,black.crappie,0.850306824,0.011076479,1.000000119,0.000836611,TRUE,0.853992447,trait affects abundance,158.327843,0.4,0.633333333,0.090107808,13.507913,30,Fish,1.477121255,2.199557295,-0.099797203,1.130588255,black.crappie,Centrarchidae
467,467,5,AR2,Sacramento.pikeminnow.1,Sacramento.pikeminnow,0.138927861,0.366495253,0.785714328,0.009374738,FALSE,0.139530039,trait affects abundance,131.1524049,0.4,0.633333333,0.090107808,13.507913,30,Fish,1.477121255,2.117776259,0.09052354,1.130588255,Sacramento.pikeminnow,Cyprinidae
468,468,6,AR2,steelhead.trout.1,steelhead.trout,0.603652254,0.027560454,0.666666687,0.016488671,TRUE,0.606268762,trait affects abundance,1002.784521,0.4,0.633333333,0.090107808,13.507913,30,Fish,1.477121255,3.001207622,0.13513393,1.130588255,steelhead.trout,Salmonidae
469,469,7,AR2,green.sunfish.1,green.sunfish,0.743475774,0.114363962,1.000000119,0.000836611,FALSE,0.746698342,trait affects abundance,134.754914,0.4,0.633333333,0.090107808,13.507913,30,Fish,1.477121255,2.129544611,-0.227668104,1.130588255,green.sunfish,Centrarchidae
470,470,8,AR2,Pacific.staghorn.sculpin.1,Pacific.staghorn.sculpin,0.578968202,0.108338455,1.000000119,0.000836611,FALSE,0.581477717,trait affects abundance,52.91990996,0.4,0.633333333,0.090107808,13.507913,30,Fish,1.477121255,1.723619097,0.01197599,1.130588255,Pacific.staghorn.sculpin,Cottidae
471,471,9,AR2,Sacramento.sucker.1,Sacramento.sucker,0.070709603,0.448226406,0.785714328,0.009374738,FALSE,0.071016091,trait affects abundance,15.22267626,0.4,0.633333333,0.090107808,13.507913,30,Fish,1.477121255,1.182491011,0.269552798,1.130588255,Sacramento.sucker,Catostomidae
472,472,10,AR2,striped.bass.1,striped.bass,0.70019495,0.009800325,1.000000119,0.000836611,TRUE,0.703229918,trait affects abundance,110.1624723,0.4,0.633333333,0.090107808,13.507913,30,Fish,1.477121255,2.042033674,0.074877378,1.130588255,striped.bass,Moronidae
473,473,11,AR2,threadfin.shad.1,threadfin.shad,0.166179294,0.444035683,-0.50000006,0.107762292,FALSE,0.166899591,trait affects abundance,69.47557777,0.4,0.633333333,0.090107808,13.507913,30,Fish,1.477121255,1.841832167,0.316964876,1.130588255,threadfin.shad,Dorosomatidae
474,474,12,AR2,smallmouth.bass.1,smallmouth.bass,0.813577847,0.090065784,1,0.000263214,FALSE,0.817104269,trait affects abundance,121.0271936,0.4,0.633333333,0.090107808,13.507913,30,Fish,1.477121255,2.082882963,-0.102169786,1.130588255,smallmouth.bass,Centrarchidae
475,475,13,AR2,splittail.1,splittail,0.622243546,0.008696226,1.000000119,0.000836611,TRUE,0.624940637,trait affects abundance,35.15822832,0.4,0.633333333,0.090107808,13.507913,30,Fish,1.477121255,1.546026982,0.445751561,1.130588255,splittail,Cyprinidae
476,476,14,AR2,tule.perch.1,tule.perch,0.799404585,0.000765302,1,0.000263214,TRUE,0.802869574,trait affects abundance,97.49975816,0.4,0.633333333,0.090107808,13.507913,30,Fish,1.477121255,1.989003538,0.056979648,1.130588255,tule.perch,Embiotocidae
477,477,15,AR2,Delta.smelt.1,Delta.smelt,0.967445945,8.13E-08,1.000000119,0.000836611,TRUE,0.971639303,trait affects abundance,47.63969951,0.4,0.633333333,0.090107808,13.507913,30,Fish,1.477121255,1.677969013,-0.059930108,1.130588255,Delta.smelt,Osmeridae
478,478,16,AR2,Mississippi.silverside.1,Mississippi.silverside,0.77731356,0.136675629,1.000000119,0.000836611,FALSE,0.780682796,trait affects abundance,35.26638799,0.4,0.633333333,0.090107808,13.507913,30,Fish,1.477121255,1.547360981,0.624220889,1.130588255,Mississippi.silverside,Atherinidae
479,479,17,AR2,bluegill.1,bluegill,0.75606597,0.002081358,1,0.000263214,TRUE,0.75934311,trait affects abundance,60.00271743,0.4,0.633333333,0.090107808,13.507913,30,Fish,1.477121255,1.778170919,-0.000882238,1.130588255,bluegill,Centrarchidae
480,480,18,AR2,golden.shiner.1,golden.shiner,0.777924305,2.67E-05,1.000000119,0.000836611,TRUE,0.781296189,trait affects abundance,61.89830903,0.4,0.633333333,0.090107808,13.507913,30,Fish,1.477121255,1.791678785,0.067764877,1.130588255,golden.shiner,Cyprinidae
481,481,19,AR2,American.shad.1,American.shad,0.938609006,1.74E-06,1.000000119,0.000836611,TRUE,0.942677371,trait affects abundance,30.66968442,0.4,0.633333333,0.090107808,13.507913,30,Fish,1.477121255,1.486709307,-0.008746188,1.130588255,American.shad,Alosidae
482,482,20,AR2,bigscale.logperch.1,bigscale.logperch,0.695118677,0.001610304,1.000000119,0.000836611,TRUE,0.698131642,trait affects abundance,72.36442577,0.4,0.633333333,0.090107808,13.507913,30,Fish,1.477121255,1.85952512,0.025442132,1.130588255,bigscale.logperch,Percidae
483,483,21,AR2,prickly.sculpin.1,prickly.sculpin,0.643832039,0.105797524,1.000000119,0.000836611,FALSE,0.646622705,trait affects abundance,34.41145012,0.4,0.633333333,0.090107808,13.507913,30,Fish,1.477121255,1.536702974,-0.065953151,1.130588255,prickly.sculpin,Cottidae
484,484,22,AR2,hitch.1,hitch,0.597659795,0.034225418,1.000000119,0.000836611,TRUE,0.600250329,trait affects abundance,190.3879694,0.4,0.633333333,0.090107808,13.507913,30,Fish,1.477121255,2.279639502,0.124261167,1.130588255,hitch,Cyprinidae
485,485,23,AR2,fathead.minnow.1,fathead.minnow,0.951244737,0.016791917,1,0.000263214,TRUE,0.955367871,trait affects abundance,8.920136507,0.4,0.633333333,0.090107808,13.507913,30,Fish,1.477121255,0.950371501,-0.10945212,1.130588255,fathead.minnow,Cyprinidae
486,486,24,AR2,wakasagi.1,wakasagi,0.914255032,0.010994187,1.000000119,0.000836611,TRUE,0.918217835,trait affects abundance,25.5974857,0.4,0.633333333,0.090107808,13.507913,30,Fish,1.477121255,1.408197309,-0.193284759,1.130588255,wakasagi,Osmeridae
487,487,25,AR2,hardhead.1,hardhead,0.785332119,0.371227385,0.944444418,0.000580668,FALSE,0.788736111,trait affects abundance,28.31052281,0.4,0.633333333,0.090107808,13.507913,30,Fish,1.477121255,1.45194789,0.047953237,1.130588255,hardhead,Ariidae
488,488,26,AR2,lamprey.unknown.1,lamprey.unknown,0.821798264,0.257149035,1,0.000263214,FALSE,0.825360318,trait affects abundance,112.6529186,0.4,0.633333333,0.090107808,13.507913,30,Fish,1.477121255,2.051742448,-0.189529447,1.130588255,lamprey.unknown,Thelodonti
489,489,27,AR2,red.shiner.1,red.shiner,0.995684244,0.000747898,1,0.000263214,TRUE,1,trait affects abundance,4.750335475,0.4,0.633333333,0.090107808,13.507913,30,Fish,1.477121255,0.676724281,0.343107757,1.130588255,red.shiner,Cyprinidae
490,490,28,AR2,redear.sunfish.1,redear.sunfish,0.707188332,0.009974732,1.000000119,0.000836611,TRUE,0.710253613,trait affects abundance,340.9865835,0.4,0.633333333,0.090107808,13.507913,30,Fish,1.477121255,2.532737292,-0.04721477,1.130588255,redear.sunfish,Centrarchidae
491,491,29,AR2,threespine.stickleback.1,threespine.stickleback,0.931740862,0.001954895,0.833333313,0.002498984,TRUE,0.935779458,trait affects abundance,5.340264849,0.4,0.633333333,0.090107808,13.507913,30,Fish,1.477121255,0.727562796,-0.031063391,1.130588255,threespine.stickleback,Gasterosteidae
492,492,30,AR2,yellowfin.goby.1,yellowfin.goby,0.739710346,0.003565197,1.000000119,0.000836611,TRUE,0.742916592,trait affects abundance,78.77824255,0.4,0.633333333,0.090107808,13.507913,30,Fish,1.477121255,1.896406288,0.051286847,1.130588255,yellowfin.goby,Oxudercidae
493,493,31,AR2,Chinook.salmon,Chinook.salmon.1,0.285959894,0.393588781,0.214285731,0.536186695,FALSE,0.287199376,abundance affects trait,33.61079837,0.4,0.633333333,0.090107808,13.507913,30,Fish,1.477121255,1.526478829,0.36793297,1.130588255,Chinook.salmon.1,Salmonidae
494,494,32,AR2,largemouth.bass,largemouth.bass.1,0.786930728,0.000142653,1.000000119,0.000836611,TRUE,0.790341649,abundance affects trait,198.8652414,0.4,0.633333333,0.090107808,13.507913,30,Fish,1.477121255,2.298558882,-0.012554378,1.130588255,largemouth.bass.1,Centrarchidae
495,495,33,AR2,western.mosquitofish,western.mosquitofish.1,0.197083938,0.414211363,0.928571463,0.001981735,FALSE,0.19793819,abundance affects trait,4.816641747,0.4,0.633333333,0.090107808,13.507913,30,Fish,1.477121255,0.682744345,0.161992847,1.130588255,western.mosquitofish.1,Poeciliidae
496,496,34,AR2,black.crappie,black.crappie.1,0.979363841,3.80E-08,1.000000119,0.000836611,TRUE,0.983608856,abundance affects trait,158.327843,0.4,0.633333333,0.090107808,13.507913,30,Fish,1.477121255,2.199557295,-0.099797203,1.130588255,black.crappie.1,Centrarchidae
497,497,35,AR2,Sacramento.pikeminnow,Sacramento.pikeminnow.1,0,0.5,1,1,FALSE,0,abundance affects trait,131.1524049,0.4,0.633333333,0.090107808,13.507913,30,Fish,1.477121255,2.117776259,0.09052354,1.130588255,Sacramento.pikeminnow.1,Cyprinidae
498,498,36,AR2,steelhead.trout,steelhead.trout.1,0,0.448597205,-0.645497203,0.042582802,FALSE,0,abundance affects trait,1002.784521,0.4,0.633333333,0.090107808,13.507913,30,Fish,1.477121255,3.001207622,0.13513393,1.130588255,steelhead.trout.1,Salmonidae
499,499,37,AR2,green.sunfish,green.sunfish.1,0.984271783,4.01E-09,1,0.000263214,TRUE,0.988538072,abundance affects trait,134.754914,0.4,0.633333333,0.090107808,13.507913,30,Fish,1.477121255,2.129544611,-0.227668104,1.130588255,green.sunfish.1,Centrarchidae
500,500,38,AR2,Pacific.staghorn.sculpin,Pacific.staghorn.sculpin.1,0.616736395,0.013164554,1.000000119,0.000836611,TRUE,0.619409615,abundance affects trait,52.91990996,0.4,0.633333333,0.090107808,13.507913,30,Fish,1.477121255,1.723619097,0.01197599,1.130588255,Pacific.staghorn.sculpin.1,Cottidae
501,501,39,AR2,Sacramento.sucker,Sacramento.sucker.1,0.158872687,0.380377972,0.714285791,0.018741131,FALSE,0.159561315,abundance affects trait,15.22267626,0.4,0.633333333,0.090107808,13.507913,30,Fish,1.477121255,1.182491011,0.269552798,1.130588255,Sacramento.sucker.1,Catostomidae
502,502,40,AR2,striped.bass,striped.bass.1,0.159805446,0.388088608,0.666666687,0.016488671,FALSE,0.160498116,abundance affects trait,110.1624723,0.4,0.633333333,0.090107808,13.507913,30,Fish,1.477121255,2.042033674,0.074877378,1.130588255,striped.bass.1,Moronidae
503,503,41,AR2,threadfin.shad,threadfin.shad.1,0.3941368,0.154519187,0.928571463,0.001981735,FALSE,0.395845171,abundance affects trait,69.47557777,0.4,0.633333333,0.090107808,13.507913,30,Fish,1.477121255,1.841832167,0.316964876,1.130588255,threadfin.shad.1,Dorosomatidae
504,504,42,AR2,smallmouth.bass,smallmouth.bass.1,0.98874572,2.17E-13,1,0.000263214,TRUE,0.993031401,abundance affects trait,121.0271936,0.4,0.633333333,0.090107808,13.507913,30,Fish,1.477121255,2.082882963,-0.102169786,1.130588255,smallmouth.bass.1,Centrarchidae
505,505,43,AR2,splittail,splittail.1,0.183568154,0.3625968,0.928571463,0.001981735,FALSE,0.184363823,abundance affects trait,35.15822832,0.4,0.633333333,0.090107808,13.507913,30,Fish,1.477121255,1.546026982,0.445751561,1.130588255,splittail.1,Cyprinidae
506,506,44,AR2,tule.perch,tule.perch.1,0.834564747,0.002227469,1,0.000263214,TRUE,0.838182136,abundance affects trait,97.49975816,0.4,0.633333333,0.090107808,13.507913,30,Fish,1.477121255,1.989003538,0.056979648,1.130588255,tule.perch.1,Embiotocidae
507,507,45,AR2,Delta.smelt,Delta.smelt.1,0.955699018,5.45E-06,1.000000119,0.000836611,TRUE,0.959841459,abundance affects trait,47.63969951,0.4,0.633333333,0.090107808,13.507913,30,Fish,1.477121255,1.677969013,-0.059930108,1.130588255,Delta.smelt.1,Osmeridae
508,508,46,AR2,Mississippi.silverside,Mississippi.silverside.1,0.602454847,0.121106844,1.000000119,0.000836611,FALSE,0.605066164,abundance affects trait,35.26638799,0.4,0.633333333,0.090107808,13.507913,30,Fish,1.477121255,1.547360981,0.624220889,1.130588255,Mississippi.silverside.1,Atherinidae
509,509,47,AR2,bluegill,bluegill.1,0.719075173,0.002426156,1,0.000263214,TRUE,0.722191977,abundance affects trait,60.00271743,0.4,0.633333333,0.090107808,13.507913,30,Fish,1.477121255,1.778170919,-0.000882238,1.130588255,bluegill.1,Centrarchidae
510,510,48,AR2,golden.shiner,golden.shiner.1,0.162191954,0.278877693,0.928571463,0.001981735,FALSE,0.162894969,abundance affects trait,61.89830903,0.4,0.633333333,0.090107808,13.507913,30,Fish,1.477121255,1.791678785,0.067764877,1.130588255,golden.shiner.1,Cyprinidae
511,511,49,AR2,American.shad,American.shad.1,0.612675365,0.101275595,1.000000119,0.000836611,FALSE,0.615330983,abundance affects trait,30.66968442,0.4,0.633333333,0.090107808,13.507913,30,Fish,1.477121255,1.486709307,-0.008746188,1.130588255,American.shad.1,Alosidae
512,512,50,AR2,bigscale.logperch,bigscale.logperch.1,0.305747372,0.16176625,0.777777791,0.004878521,FALSE,0.307072623,abundance affects trait,72.36442577,0.4,0.633333333,0.090107808,13.507913,30,Fish,1.477121255,1.85952512,0.025442132,1.130588255,bigscale.logperch.1,Percidae
513,513,51,AR2,prickly.sculpin,prickly.sculpin.1,0.756178829,0.031868714,1.000000119,0.000836611,TRUE,0.759456457,abundance affects trait,34.41145012,0.4,0.633333333,0.090107808,13.507913,30,Fish,1.477121255,1.536702974,-0.065953151,1.130588255,prickly.sculpin.1,Cottidae
514,514,52,AR2,hitch,hitch.1,0.326656761,0.476377138,0,1,FALSE,0.328072642,abundance affects trait,190.3879694,0.4,0.633333333,0.090107808,13.507913,30,Fish,1.477121255,2.279639502,0.124261167,1.130588255,hitch.1,Cyprinidae
515,515,53,AR2,fathead.minnow,fathead.minnow.1,0.900597121,0.079841552,1.000000119,0.000836611,FALSE,0.904500725,abundance affects trait,8.920136507,0.4,0.633333333,0.090107808,13.507913,30,Fish,1.477121255,0.950371501,-0.10945212,1.130588255,fathead.minnow.1,Cyprinidae
516,516,54,AR2,wakasagi,wakasagi.1,0.961346398,0.000602674,1,0.000263214,TRUE,0.965513317,abundance affects trait,25.5974857,0.4,0.633333333,0.090107808,13.507913,30,Fish,1.477121255,1.408197309,-0.193284759,1.130588255,wakasagi.1,Osmeridae
517,517,55,AR2,hardhead,hardhead.1,0.123982273,0.453918659,0.071428575,0.90153861,FALSE,0.12451967,abundance affects trait,28.31052281,0.4,0.633333333,0.090107808,13.507913,30,Fish,1.477121255,1.45194789,0.047953237,1.130588255,hardhead.1,Ariidae
518,518,56,AR2,lamprey.unknown,lamprey.unknown.1,0.946166704,0.000507298,1,0.000263214,TRUE,0.950267827,abundance affects trait,112.6529186,0.4,0.633333333,0.090107808,13.507913,30,Fish,1.477121255,2.051742448,-0.189529447,1.130588255,lamprey.unknown.1,Thelodonti
519,519,57,AR2,red.shiner,red.shiner.1,0.653548749,0.351574072,0.785714328,0.009374738,FALSE,0.656381531,abundance affects trait,4.750335475,0.4,0.633333333,0.090107808,13.507913,30,Fish,1.477121255,0.676724281,0.343107757,1.130588255,red.shiner.1,Cyprinidae
520,520,58,AR2,redear.sunfish,redear.sunfish.1,0.832605501,0.040384136,0.50000006,0.107762337,FALSE,0.836214398,abundance affects trait,340.9865835,0.4,0.633333333,0.090107808,13.507913,30,Fish,1.477121255,2.532737292,-0.04721477,1.130588255,redear.sunfish.1,Centrarchidae
521,521,59,AR2,threespine.stickleback,threespine.stickleback.1,0.581057089,0.105920239,1.000000119,0.000836611,FALSE,0.583575659,abundance affects trait,5.340264849,0.4,0.633333333,0.090107808,13.507913,30,Fish,1.477121255,0.727562796,-0.031063391,1.130588255,threespine.stickleback.1,Gasterosteidae
522,522,60,AR2,yellowfin.goby,yellowfin.goby.1,0.288732914,0.250067377,0.714285791,0.018741131,FALSE,0.289984416,abundance affects trait,78.77824255,0.4,0.633333333,0.090107808,13.507913,30,Fish,1.477121255,1.896406288,0.051286847,1.130588255,yellowfin.goby.1,Oxudercidae
523,523,1,SJ2,Chinook.salmon.1,Chinook.salmon,0.330026442,0.062600082,1,0.002666712,FALSE,0.334022146,trait affects abundance,32.06392714,0.631578947,0.605263158,0.092155172,13.62655226,38,Fish,1.579783597,1.506016713,0.37650733,1.134385986,Chinook.salmon,Salmonidae
524,524,2,SJ2,golden.shiner.1,golden.shiner,0.2230302,0.236248813,0.714285731,0.035498142,FALSE,0.225730477,trait affects abundance,73.8254569,0.631578947,0.605263158,0.092155172,13.62655226,38,Fish,1.579783597,1.868206143,0.122066262,1.134385986,golden.shiner,Cyprinidae
525,525,3,SJ2,largemouth.bass.1,largemouth.bass,0.362548879,0.246141985,0.90476191,0.006863832,FALSE,0.366938339,trait affects abundance,382.8595302,0.631578947,0.605263158,0.092155172,13.62655226,38,Fish,1.579783597,2.583039462,0.009169261,1.134385986,largemouth.bass,Centrarchidae
526,526,4,SJ2,Mississippi.silverside.1,Mississippi.silverside,0.617270463,0.144090958,1,0.002666712,FALSE,0.624743894,trait affects abundance,36.74420769,0.631578947,0.605263158,0.092155172,13.62655226,38,Fish,1.579783597,1.565188887,0.544286152,1.134385986,Mississippi.silverside,Atherinidae
527,527,5,SJ2,Sacramento.pikeminnow.1,Sacramento.pikeminnow,0.220089216,0.243436959,1,0.002666712,FALSE,0.222753886,trait affects abundance,96.11162024,0.631578947,0.605263158,0.092155172,13.62655226,38,Fish,1.579783597,1.982775899,0.123040764,1.134385986,Sacramento.pikeminnow,Cyprinidae
528,528,6,SJ2,Sacramento.sucker.1,Sacramento.sucker,0.616914457,0.119761551,0.99999994,0.008534908,FALSE,0.624383578,trait affects abundance,13.53707722,0.631578947,0.605263158,0.092155172,13.62655226,38,Fish,1.579783597,1.131524906,0.286502935,1.134385986,Sacramento.sucker,Catostomidae
529,529,7,SJ2,Delta.smelt.1,Delta.smelt,0.988037608,1.46E-08,1.000000119,0.000836611,TRUE,1,trait affects abundance,40.13848211,0.631578947,0.605263158,0.092155172,13.62655226,38,Fish,1.579783597,1.603560945,-0.154102305,1.134385986,Delta.smelt,Osmeridae
530,530,8,SJ2,hitch.1,hitch,0.545525437,0.038045485,0.90476191,0.006863832,TRUE,0.552130235,trait affects abundance,109.6418411,0.631578947,0.605263158,0.092155172,13.62655226,38,Fish,1.579783597,2.03997632,0.036161884,1.134385986,hitch,Cyprinidae
531,531,9,SJ2,threadfin.shad.1,threadfin.shad,0.620344962,0.180783118,0.619047642,0.071505427,FALSE,0.627855617,trait affects abundance,79.84082933,0.631578947,0.605263158,0.092155172,13.62655226,38,Fish,1.579783597,1.902225039,0.45500238,1.134385986,threadfin.shad,Dorosomatidae
532,532,10,SJ2,green.sunfish.1,green.sunfish,0.828016149,0.123075314,1,0.002666712,FALSE,0.838041126,trait affects abundance,58.39724859,0.631578947,0.605263158,0.092155172,13.62655226,38,Fish,1.579783597,1.766392386,-0.160416171,1.134385986,green.sunfish,Centrarchidae
533,533,11,SJ2,steelhead.trout.1,steelhead.trout,0.884038644,0.055648738,1,0.002666712,FALSE,0.894741898,trait affects abundance,1243.0726,0.631578947,0.605263158,0.092155172,13.62655226,38,Fish,1.579783597,3.094496494,-0.082389345,1.134385986,steelhead.trout,Salmonidae
534,534,12,SJ2,tule.perch.1,tule.perch,0.811424306,0.0034896,1.000000119,0.000836611,TRUE,0.821248401,trait affects abundance,89.00859332,0.631578947,0.605263158,0.092155172,13.62655226,38,Fish,1.579783597,1.949431938,-0.005709477,1.134385986,tule.perch,Embiotocidae
535,535,13,SJ2,western.mosquitofish.1,western.mosquitofish,0.925398375,1.53E-07,1.000000119,0.000836611,TRUE,0.93660238,trait affects abundance,4.127631566,0.631578947,0.605263158,0.092155172,13.62655226,38,Fish,1.579783597,0.615700925,0.134162403,1.134385986,western.mosquitofish,Poeciliidae
536,536,14,SJ2,black.crappie.1,black.crappie,0.693329814,0.021703547,1,0.002666712,TRUE,0.701724113,trait affects abundance,208.6780565,0.631578947,0.605263158,0.092155172,13.62655226,38,Fish,1.579783597,2.319476783,-0.044260898,1.134385986,black.crappie,Centrarchidae
537,537,15,SJ2,splittail.1,splittail,0.742840142,0.014095783,1,0.002666712,TRUE,0.751833874,trait affects abundance,38.1022874,0.631578947,0.605263158,0.092155172,13.62655226,38,Fish,1.579783597,1.580951048,0.296557823,1.134385986,splittail,Cyprinidae
538,538,16,SJ2,bluegill.1,bluegill,0.731136257,0.001835601,1,0.002666712,TRUE,0.739988288,trait affects abundance,54.82311879,0.631578947,0.605263158,0.092155172,13.62655226,38,Fish,1.579783597,1.738963738,0.004305203,1.134385986,bluegill,Centrarchidae
539,539,17,SJ2,redear.sunfish.1,redear.sunfish,0.925951789,0.004548517,1.000000119,0.000836611,TRUE,0.937162495,trait affects abundance,211.7504598,0.631578947,0.605263158,0.092155172,13.62655226,38,Fish,1.579783597,2.325824362,-0.082206138,1.134385986,redear.sunfish,Centrarchidae
540,540,18,SJ2,Pacific.staghorn.sculpin.1,Pacific.staghorn.sculpin,0.917363797,0.0106621,1,0.002666712,TRUE,0.928470525,trait affects abundance,53.38025854,0.631578947,0.605263158,0.092155172,13.62655226,38,Fish,1.579783597,1.727380673,-0.180707942,1.134385986,Pacific.staghorn.sculpin,Cottidae
541,541,19,SJ2,Sacramento.blackfish.1,Sacramento.blackfish,0.762456039,0.272844828,1,0.002666712,FALSE,0.771687264,trait affects abundance,295.6356367,0.631578947,0.605263158,0.092155172,13.62655226,38,Fish,1.579783597,2.470756784,-0.246681078,1.134385986,Sacramento.blackfish,Cyprinidae
542,542,20,SJ2,smallmouth.bass.1,smallmouth.bass,0.899992936,0.253005561,1.000000119,0.000836611,FALSE,0.910889352,trait affects abundance,91.67839272,0.631578947,0.605263158,0.092155172,13.62655226,38,Fish,1.579783597,1.962266991,-0.163197024,1.134385986,smallmouth.bass,Centrarchidae
543,543,21,SJ2,threespine.stickleback.1,threespine.stickleback,0.823360999,0.083639364,1,0.002666712,FALSE,0.833329614,trait affects abundance,6.017759784,0.631578947,0.605263158,0.092155172,13.62655226,38,Fish,1.579783597,0.779434848,-0.068644932,1.134385986,threespine.stickleback,Gasterosteidae
544,544,22,SJ2,fathead.minnow.1,fathead.minnow,0.970355699,1.61E-07,1,0.002666712,TRUE,0.982104013,trait affects abundance,12.47886041,0.631578947,0.605263158,0.092155172,13.62655226,38,Fish,1.579783597,1.096174927,0.015314065,1.134385986,fathead.minnow,Cyprinidae
545,545,23,SJ2,hardhead.1,hardhead,0.876912108,0.085375866,1,0.002666712,FALSE,0.887529079,trait affects abundance,39.67212885,0.631578947,0.605263158,0.092155172,13.62655226,38,Fish,1.579783597,1.598485506,-0.108194643,1.134385986,hardhead,Ariidae
546,546,24,SJ2,common.carp.1,common.carp,0.633794211,0.107184831,1,0.002666712,FALSE,0.6414677,trait affects abundance,820.4342505,0.631578947,0.605263158,0.092155172,13.62655226,38,Fish,1.579783597,2.914043782,-0.017785818,1.134385986,common.carp,Ariidae
547,547,25,SJ2,wakasagi.1,wakasagi,0.924583339,0.089422243,1.000000119,0.000836611,FALSE,0.935777476,trait affects abundance,32.92588379,0.631578947,0.605263158,0.092155172,13.62655226,38,Fish,1.579783597,1.517537441,-0.18249687,1.134385986,wakasagi,Osmeridae
548,548,26,SJ2,bigscale.logperch.1,bigscale.logperch,0.09598725,0.3333819,0.845154226,0.019067407,FALSE,0.097149389,trait affects abundance,69.68902428,0.631578947,0.605263158,0.092155172,13.62655226,38,Fish,1.579783597,1.843164384,0.053439207,1.134385986,bigscale.logperch,Percidae
549,549,27,SJ2,American.shad.1,American.shad,0.942652343,0.035428159,1,0.002666712,TRUE,0.954065246,trait affects abundance,36.05057926,0.631578947,0.605263158,0.092155172,13.62655226,38,Fish,1.579783597,1.556912247,-0.049564404,1.134385986,American.shad,Alosidae
550,550,28,SJ2,channel.catfish.1,channel.catfish,0.776096464,0.213178006,1,0.002666712,FALSE,0.785492837,trait affects abundance,108.9221433,0.631578947,0.605263158,0.092155172,13.62655226,38,Fish,1.579783597,2.037116179,-0.259127515,1.134385986,channel.catfish,Ictaluridae
551,551,29,SJ2,prickly.sculpin.1,prickly.sculpin,0.874460575,0.005135578,1.000000119,0.000836611,TRUE,0.885047865,trait affects abundance,49.32884751,0.631578947,0.605263158,0.092155172,13.62655226,38,Fish,1.579783597,1.693100969,-0.121678811,1.134385986,prickly.sculpin,Cottidae
552,552,30,SJ2,goldfish.1,goldfish,0.650775693,0.191431381,1.000000119,0.000836611,FALSE,0.65865478,trait affects abundance,224.9758787,0.631578947,0.605263158,0.092155172,13.62655226,38,Fish,1.579783597,2.352135957,-0.144229877,1.134385986,goldfish,Cyprinidae
553,553,31,SJ2,white.crappie.1,white.crappie,0.757738267,0.010119826,1.000000119,0.000836611,TRUE,0.766912373,trait affects abundance,243.8991045,0.631578947,0.605263158,0.092155172,13.62655226,38,Fish,1.579783597,2.387210206,-0.021480657,1.134385986,white.crappie,Centrarchidae
554,554,32,SJ2,lamprey.unknown.1,lamprey.unknown,0.919150938,0.07017043,1.000000119,0.000836611,FALSE,0.930279304,trait affects abundance,94.64017239,0.631578947,0.605263158,0.092155172,13.62655226,38,Fish,1.579783597,1.976075523,0.024701994,1.134385986,lamprey.unknown,Thelodonti
555,555,33,SJ2,red.shiner.1,red.shiner,0.983002352,0.001272256,0.714285731,0.035498142,TRUE,0.994903781,trait affects abundance,5.455059231,0.631578947,0.605263158,0.092155172,13.62655226,38,Fish,1.579783597,0.73679947,0.390136071,1.134385986,red.shiner,Cyprinidae
556,556,34,SJ2,yellowfin.goby.1,yellowfin.goby,0.888804754,0.246808432,1,0.002666712,FALSE,0.899565711,trait affects abundance,99.17664004,0.631578947,0.605263158,0.092155172,13.62655226,38,Fish,1.579783597,1.996409391,-0.028241672,1.134385986,yellowfin.goby,Oxudercidae
557,557,35,SJ2,striped.bass.1,striped.bass,0.871293269,0.050542397,0.928571463,0.001981735,FALSE,0.881842212,trait affects abundance,111.6428055,0.631578947,0.605263158,0.092155172,13.62655226,38,Fish,1.579783597,2.047830741,-0.072117187,1.134385986,striped.bass,Moronidae
558,558,36,SJ2,spotted.bass.1,spotted.bass,0.968409653,0.375573033,1,0.002666712,FALSE,0.980134405,trait affects abundance,97.23876524,0.631578947,0.605263158,0.092155172,13.62655226,38,Fish,1.579783597,1.987839435,-0.16634406,1.134385986,spotted.bass,Centrarchidae
559,559,37,SJ2,Siberian.prawn.1,Siberian.prawn,0.088765734,0.476735184,0.333333343,0.367520809,FALSE,0.089840441,trait affects abundance,111.6530199,0.631578947,0.605263158,0.092155172,13.62655226,38,Fish,1.579783597,2.047870474,0.469194596,1.134385986,Siberian.prawn,Palaemonidae
560,560,38,SJ2,rainwater.killifish.1,rainwater.killifish,0.932198415,0.117155072,1,0.002666712,FALSE,0.94348475,trait affects abundance,3.723360438,0.631578947,0.605263158,0.092155172,13.62655226,38,Fish,1.579783597,0.57093508,-0.10961816,1.134385986,rainwater.killifish,Fundulidae
561,561,39,SJ2,Chinook.salmon,Chinook.salmon.1,0.162011594,0.341412436,0.523809552,0.133128524,FALSE,0.163973104,abundance affects trait,32.06392714,0.631578947,0.605263158,0.092155172,13.62655226,38,Fish,1.579783597,1.506016713,0.37650733,1.134385986,Chinook.salmon.1,Salmonidae
562,562,40,SJ2,golden.shiner,golden.shiner.1,0.068398186,0.493828984,-0.142857149,0.763890624,FALSE,0.069226298,abundance affects trait,73.8254569,0.631578947,0.605263158,0.092155172,13.62655226,38,Fish,1.579783597,1.868206143,0.122066262,1.134385986,golden.shiner.1,Cyprinidae
563,563,41,SJ2,largemouth.bass,largemouth.bass.1,0.187806488,0.365916354,0.714285731,0.035498142,FALSE,0.190080303,abundance affects trait,382.8595302,0.631578947,0.605263158,0.092155172,13.62655226,38,Fish,1.579783597,2.583039462,0.009169261,1.134385986,largemouth.bass.1,Centrarchidae
564,564,42,SJ2,Mississippi.silverside,Mississippi.silverside.1,0.721895329,0.13357935,0.90476191,0.006863832,FALSE,0.730635477,abundance affects trait,36.74420769,0.631578947,0.605263158,0.092155172,13.62655226,38,Fish,1.579783597,1.565188887,0.544286152,1.134385986,Mississippi.silverside.1,Atherinidae
565,565,43,SJ2,Sacramento.pikeminnow,Sacramento.pikeminnow.1,0,0.5,1,1,FALSE,0,abundance affects trait,96.11162024,0.631578947,0.605263158,0.092155172,13.62655226,38,Fish,1.579783597,1.982775899,0.123040764,1.134385986,Sacramento.pikeminnow.1,Cyprinidae
566,566,44,SJ2,Sacramento.sucker,Sacramento.sucker.1,0.376182896,0.225723964,0.428571433,0.229556203,FALSE,0.380737427,abundance affects trait,13.53707722,0.631578947,0.605263158,0.092155172,13.62655226,38,Fish,1.579783597,1.131524906,0.286502935,1.134385986,Sacramento.sucker.1,Catostomidae
567,567,45,SJ2,Delta.smelt,Delta.smelt.1,0.928436287,0.07724286,1,0.002666712,FALSE,0.939677073,abundance affects trait,40.13848211,0.631578947,0.605263158,0.092155172,13.62655226,38,Fish,1.579783597,1.603560945,-0.154102305,1.134385986,Delta.smelt.1,Osmeridae
568,568,46,SJ2,hitch,hitch.1,0.260946225,0.183466515,0.809523821,0.016260982,FALSE,0.264105559,abundance affects trait,109.6418411,0.631578947,0.605263158,0.092155172,13.62655226,38,Fish,1.579783597,2.03997632,0.036161884,1.134385986,hitch.1,Cyprinidae
569,569,47,SJ2,threadfin.shad,threadfin.shad.1,0.39067798,0.144986021,1,0.002666712,FALSE,0.395408005,abundance affects trait,79.84082933,0.631578947,0.605263158,0.092155172,13.62655226,38,Fish,1.579783597,1.902225039,0.45500238,1.134385986,threadfin.shad.1,Dorosomatidae
570,570,48,SJ2,green.sunfish,green.sunfish.1,0.980807482,3.86E-06,0.928571463,0.001981735,TRUE,0.992682338,abundance affects trait,58.39724859,0.631578947,0.605263158,0.092155172,13.62655226,38,Fish,1.579783597,1.766392386,-0.160416171,1.134385986,green.sunfish.1,Centrarchidae
571,571,49,SJ2,steelhead.trout,steelhead.trout.1,0.795393068,0.205665964,0.90476191,0.006863832,FALSE,0.80502307,abundance affects trait,1243.0726,0.631578947,0.605263158,0.092155172,13.62655226,38,Fish,1.579783597,3.094496494,-0.082389345,1.134385986,steelhead.trout.1,Salmonidae
572,572,50,SJ2,tule.perch,tule.perch.1,0.91345992,3.10E-05,1.000000119,0.000836611,TRUE,0.924519383,abundance affects trait,89.00859332,0.631578947,0.605263158,0.092155172,13.62655226,38,Fish,1.579783597,1.949431938,-0.005709477,1.134385986,tule.perch.1,Embiotocidae
573,573,51,SJ2,western.mosquitofish,western.mosquitofish.1,0.355928432,0.201186414,1,0.002666712,FALSE,0.360237737,abundance affects trait,4.127631566,0.631578947,0.605263158,0.092155172,13.62655226,38,Fish,1.579783597,0.615700925,0.134162403,1.134385986,western.mosquitofish.1,Poeciliidae
574,574,52,SJ2,black.crappie,black.crappie.1,0.958305892,5.29E-09,1,0.002666712,TRUE,0.969908315,abundance affects trait,208.6780565,0.631578947,0.605263158,0.092155172,13.62655226,38,Fish,1.579783597,2.319476783,-0.044260898,1.134385986,black.crappie.1,Centrarchidae
575,575,53,SJ2,splittail,splittail.1,0.361450365,0.180981901,1,0.002666712,FALSE,0.365826526,abundance affects trait,38.1022874,0.631578947,0.605263158,0.092155172,13.62655226,38,Fish,1.579783597,1.580951048,0.296557823,1.134385986,splittail.1,Cyprinidae
576,576,54,SJ2,bluegill,bluegill.1,0.519100261,0.129850303,0.90476191,0.006863832,FALSE,0.525385124,abundance affects trait,54.82311879,0.631578947,0.605263158,0.092155172,13.62655226,38,Fish,1.579783597,1.738963738,0.004305203,1.134385986,bluegill.1,Centrarchidae
577,577,55,SJ2,redear.sunfish,redear.sunfish.1,0.952510497,2.67E-05,1,0.002666712,TRUE,0.964042754,abundance affects trait,211.7504598,0.631578947,0.605263158,0.092155172,13.62655226,38,Fish,1.579783597,2.325824362,-0.082206138,1.134385986,redear.sunfish.1,Centrarchidae
578,578,56,SJ2,Pacific.staghorn.sculpin,Pacific.staghorn.sculpin.1,0.985930272,8.19E-05,1,0.002666712,TRUE,0.99786715,abundance affects trait,53.38025854,0.631578947,0.605263158,0.092155172,13.62655226,38,Fish,1.579783597,1.727380673,-0.180707942,1.134385986,Pacific.staghorn.sculpin.1,Cottidae
579,579,57,SJ2,Sacramento.blackfish,Sacramento.blackfish.1,0.927656172,0.001024397,1.000000119,0.000836611,TRUE,0.938887513,abundance affects trait,295.6356367,0.631578947,0.605263158,0.092155172,13.62655226,38,Fish,1.579783597,2.470756784,-0.246681078,1.134385986,Sacramento.blackfish.1,Cyprinidae
580,580,58,SJ2,smallmouth.bass,smallmouth.bass.1,0.979190997,0.002747038,1,0.002666712,TRUE,0.991046282,abundance affects trait,91.67839272,0.631578947,0.605263158,0.092155172,13.62655226,38,Fish,1.579783597,1.962266991,-0.163197024,1.134385986,smallmouth.bass.1,Centrarchidae
581,581,59,SJ2,threespine.stickleback,threespine.stickleback.1,0.78256011,0.066958209,1,0.002666712,FALSE,0.79203474,abundance affects trait,6.017759784,0.631578947,0.605263158,0.092155172,13.62655226,38,Fish,1.579783597,0.779434848,-0.068644932,1.134385986,threespine.stickleback.1,Gasterosteidae
582,582,60,SJ2,fathead.minnow,fathead.minnow.1,0.798403196,0.067279916,0.928571463,0.001981735,FALSE,0.808069641,abundance affects trait,12.47886041,0.631578947,0.605263158,0.092155172,13.62655226,38,Fish,1.579783597,1.096174927,0.015314065,1.134385986,fathead.minnow.1,Cyprinidae
583,583,61,SJ2,hardhead,hardhead.1,0.968839388,0.000177806,1,0.002666712,TRUE,0.980569343,abundance affects trait,39.67212885,0.631578947,0.605263158,0.092155172,13.62655226,38,Fish,1.579783597,1.598485506,-0.108194643,1.134385986,hardhead.1,Ariidae
584,584,62,SJ2,common.carp,common.carp.1,0.932430415,4.06E-07,1.000000119,0.000836611,TRUE,0.943719559,abundance affects trait,820.4342505,0.631578947,0.605263158,0.092155172,13.62655226,38,Fish,1.579783597,2.914043782,-0.017785818,1.134385986,common.carp.1,Ariidae
585,585,63,SJ2,wakasagi,wakasagi.1,0.960226788,0.018900506,1,0.002666712,TRUE,0.971852468,abundance affects trait,32.92588379,0.631578947,0.605263158,0.092155172,13.62655226,38,Fish,1.579783597,1.517537441,-0.18249687,1.134385986,wakasagi.1,Osmeridae
586,586,64,SJ2,bigscale.logperch,bigscale.logperch.1,0.150018948,0.285737167,1,0.002666712,FALSE,0.151835261,abundance affects trait,69.68902428,0.631578947,0.605263158,0.092155172,13.62655226,38,Fish,1.579783597,1.843164384,0.053439207,1.134385986,bigscale.logperch.1,Percidae
587,587,65,SJ2,American.shad,American.shad.1,0.891929641,0.067718392,1,0.002666712,FALSE,0.902728433,abundance affects trait,36.05057926,0.631578947,0.605263158,0.092155172,13.62655226,38,Fish,1.579783597,1.556912247,-0.049564404,1.134385986,American.shad.1,Alosidae
588,588,66,SJ2,channel.catfish,channel.catfish.1,0.955981426,0.00159624,1.000000119,0.000836611,TRUE,0.967555707,abundance affects trait,108.9221433,0.631578947,0.605263158,0.092155172,13.62655226,38,Fish,1.579783597,2.037116179,-0.259127515,1.134385986,channel.catfish.1,Ictaluridae
589,589,67,SJ2,prickly.sculpin,prickly.sculpin.1,0.916224468,0.006310641,1,0.002666712,TRUE,0.927317402,abundance affects trait,49.32884751,0.631578947,0.605263158,0.092155172,13.62655226,38,Fish,1.579783597,1.693100969,-0.121678811,1.134385986,prickly.sculpin.1,Cottidae
590,590,68,SJ2,goldfish,goldfish.1,0.95795981,6.52E-06,1.000000119,0.000836611,TRUE,0.969558044,abundance affects trait,224.9758787,0.631578947,0.605263158,0.092155172,13.62655226,38,Fish,1.579783597,2.352135957,-0.144229877,1.134385986,goldfish.1,Cyprinidae
591,591,69,SJ2,white.crappie,white.crappie.1,0.779002092,0.021404773,1,0.002666712,TRUE,0.788433644,abundance affects trait,243.8991045,0.631578947,0.605263158,0.092155172,13.62655226,38,Fish,1.579783597,2.387210206,-0.021480657,1.134385986,white.crappie.1,Centrarchidae
592,592,70,SJ2,lamprey.unknown,lamprey.unknown.1,0.090668684,0.486237807,-0.428571433,0.229556203,FALSE,0.09176643,abundance affects trait,94.64017239,0.631578947,0.605263158,0.092155172,13.62655226,38,Fish,1.579783597,1.976075523,0.024701994,1.134385986,lamprey.unknown.1,Thelodonti
593,593,71,SJ2,red.shiner,red.shiner.1,0.666646429,0.211726702,1,0.002666712,FALSE,0.674717667,abundance affects trait,5.455059231,0.631578947,0.605263158,0.092155172,13.62655226,38,Fish,1.579783597,0.73679947,0.390136071,1.134385986,red.shiner.1,Cyprinidae
594,594,72,SJ2,yellowfin.goby,yellowfin.goby.1,0.74227799,0.263908208,1,0.002666712,FALSE,0.751264915,abundance affects trait,99.17664004,0.631578947,0.605263158,0.092155172,13.62655226,38,Fish,1.579783597,1.996409391,-0.028241672,1.134385986,yellowfin.goby.1,Oxudercidae
595,595,73,SJ2,striped.bass,striped.bass.1,0.860944213,0.02954479,1.000000119,0.000836611,TRUE,0.871367857,abundance affects trait,111.6428055,0.631578947,0.605263158,0.092155172,13.62655226,38,Fish,1.579783597,2.047830741,-0.072117187,1.134385986,striped.bass.1,Moronidae
596,596,74,SJ2,spotted.bass,spotted.bass.1,0.603112962,0.482645422,0.333333343,0.367520809,FALSE,0.610414985,abundance affects trait,97.23876524,0.631578947,0.605263158,0.092155172,13.62655226,38,Fish,1.579783597,1.987839435,-0.16634406,1.134385986,spotted.bass.1,Centrarchidae
597,597,75,SJ2,Siberian.prawn,Siberian.prawn.1,0.085808544,0.35023225,0.925820053,0.007680297,FALSE,0.086847447,abundance affects trait,111.6530199,0.631578947,0.605263158,0.092155172,13.62655226,38,Fish,1.579783597,2.047870474,0.469194596,1.134385986,Siberian.prawn.1,Palaemonidae
598,598,76,SJ2,rainwater.killifish,rainwater.killifish.1,0.895380404,0.063868937,1,0.002666712,FALSE,0.906220975,abundance affects trait,3.723360438,0.631578947,0.605263158,0.092155172,13.62655226,38,Fish,1.579783597,0.57093508,-0.10961816,1.134385986,rainwater.killifish.1,Fundulidae
599,599,1,SR2,Chinook.salmon.1,Chinook.salmon,0.404024898,0.238798426,0.928571463,0.001981735,FALSE,0.40854716,trait affects abundance,36.68639001,0.485714286,0.485714286,0.075961788,15.16538623,35,Fish,1.544068044,1.564504979,0.32522841,1.180853475,Chinook.salmon,Salmonidae
600,600,2,SR2,Mississippi.silverside.1,Mississippi.silverside,0.771098485,0.165105651,1.000000119,0.000836611,FALSE,0.779729413,trait affects abundance,35.75019724,0.485714286,0.485714286,0.075961788,15.16538623,35,Fish,1.544068044,1.553278442,0.729183003,1.180853475,Mississippi.silverside,Atherinidae
601,601,3,SR2,steelhead.trout.1,steelhead.trout,0.706997491,0.012581238,1,0.000263214,TRUE,0.714910935,trait affects abundance,1087.636974,0.485714286,0.485714286,0.075961788,15.16538623,35,Fish,1.544068044,3.036483963,0.139489651,1.180853475,steelhead.trout,Salmonidae
602,602,4,SR2,red.shiner.1,red.shiner,0.98563539,1.49E-05,0.571428597,0.063486576,FALSE,0.996667637,trait affects abundance,4.915027627,0.485714286,0.485714286,0.075961788,15.16538623,35,Fish,1.544068044,0.691525963,0.379737497,1.180853475,red.shiner,Cyprinidae
603,603,5,SR2,Sacramento.pikeminnow.1,Sacramento.pikeminnow,0.103821471,0.310565017,0.909241259,0.002769589,FALSE,0.104983548,trait affects abundance,137.4640848,0.485714286,0.485714286,0.075961788,15.16538623,35,Fish,1.544068044,2.138189245,0.078456789,1.180853475,Sacramento.pikeminnow,Cyprinidae
604,604,6,SR2,Delta.smelt.1,Delta.smelt,0.94676706,6.47E-07,1.000000119,0.000836611,TRUE,0.957364252,trait affects abundance,49.10097518,0.485714286,0.485714286,0.075961788,15.16538623,35,Fish,1.544068044,1.691090118,-0.019169264,1.180853475,Delta.smelt,Osmeridae
605,605,7,SR2,Pacific.staghorn.sculpin.1,Pacific.staghorn.sculpin,0.37149883,0.078040772,0.857142925,0.00443399,FALSE,0.375657028,trait affects abundance,50.74823444,0.485714286,0.485714286,0.075961788,15.16538623,35,Fish,1.544068044,1.705420937,0.016163829,1.180853475,Pacific.staghorn.sculpin,Cottidae
606,606,8,SR2,Sacramento.sucker.1,Sacramento.sucker,0,0.5,1,1,FALSE,0,trait affects abundance,15.95255112,0.485714286,0.485714286,0.075961788,15.16538623,35,Fish,1.544068044,1.202830145,0.281612352,1.180853475,Sacramento.sucker,Catostomidae
607,607,9,SR2,tule.perch.1,tule.perch,0.722247172,0.002591398,1.000000119,0.000836611,TRUE,0.730331306,trait affects abundance,104.681237,0.485714286,0.485714286,0.075961788,15.16538623,35,Fish,1.544068044,2.019868846,0.063899386,1.180853475,tule.perch,Embiotocidae
608,608,10,SR2,splittail.1,splittail,0.662630026,0.019205558,1,0.000263214,TRUE,0.670046864,trait affects abundance,39.17707342,0.485714286,0.485714286,0.075961788,15.16538623,35,Fish,1.544068044,1.59303199,0.496378947,1.180853475,splittail,Cyprinidae
609,609,11,SR2,yellowfin.goby.1,yellowfin.goby,0.817535157,0.001048332,1.000000119,0.000836611,TRUE,0.826685852,trait affects abundance,90.73299994,0.485714286,0.485714286,0.075961788,15.16538623,35,Fish,1.544068044,1.95776527,0.029967966,1.180853475,yellowfin.goby,Oxudercidae
610,610,12,SR2,common.carp.1,common.carp,0.750178179,0.126403433,1.000000119,0.000836611,FALSE,0.758574946,trait affects abundance,1470.42767,0.485714286,0.485714286,0.075961788,15.16538623,35,Fish,1.544068044,3.167443666,-0.076279165,1.180853475,common.carp,Ariidae
611,611,13,SR2,striped.bass.1,striped.bass,0.663526247,0.006496872,1.000000119,0.000836611,TRUE,0.670953116,trait affects abundance,122.910787,0.485714286,0.485714286,0.075961788,15.16538623,35,Fish,1.544068044,2.089589999,0.091569745,1.180853475,striped.bass,Moronidae
612,612,14,SR2,American.shad.1,American.shad,0.887341697,0.007382569,1.000000119,0.000836611,TRUE,0.897273739,trait affects abundance,33.07026972,0.485714286,0.485714286,0.075961788,15.16538623,35,Fish,1.544068044,1.519437737,-0.016468329,1.180853475,American.shad,Alosidae
613,613,15,SR2,fathead.minnow.1,fathead.minnow,0.934449072,0.025746912,0.888888896,0.001229405,TRUE,0.944908388,trait affects abundance,11.13634284,0.485714286,0.485714286,0.075961788,15.16538623,35,Fish,1.544068044,1.046742592,-0.109202664,1.180853475,fathead.minnow,Cyprinidae
614,614,16,SR2,western.mosquitofish.1,western.mosquitofish,0.632357254,0.073375764,1.000000119,0.000836611,FALSE,0.639435247,trait affects abundance,4.687146296,0.485714286,0.485714286,0.075961788,15.16538623,35,Fish,1.544068044,0.670908509,0.141243779,1.180853475,western.mosquitofish,Poeciliidae
615,615,17,SR2,prickly.sculpin.1,prickly.sculpin,0.794678657,0.017689038,1.000000119,0.000836611,TRUE,0.803573519,trait affects abundance,33.59431244,0.485714286,0.485714286,0.075961788,15.16538623,35,Fish,1.544068044,1.526265757,-0.051423583,1.180853475,prickly.sculpin,Cottidae
616,616,18,SR2,starry.flounder.1,starry.flounder,0.80109216,0.136072133,1.000000119,0.000836611,FALSE,0.810058808,trait affects abundance,88.72236182,0.485714286,0.485714286,0.075961788,15.16538623,35,Fish,1.544068044,1.948033094,-0.23776489,1.180853475,starry.flounder,Pleuronectidae
617,617,19,SR2,bigscale.logperch.1,bigscale.logperch,0.808034661,5.56E-05,1,0.000263214,TRUE,0.817079017,trait affects abundance,72.14343918,0.485714286,0.485714286,0.075961788,15.16538623,35,Fish,1.544068044,1.858196842,0.005935039,1.180853475,bigscale.logperch,Percidae
618,618,20,SR2,bluegill.1,bluegill,0.790681684,0.005662308,1,0.000263214,TRUE,0.799531808,trait affects abundance,52.60397957,0.485714286,0.485714286,0.075961788,15.16538623,35,Fish,1.544068044,1.7210186,-0.009668275,1.180853475,bluegill,Centrarchidae
619,619,21,SR2,golden.shiner.1,golden.shiner,0.290561215,0.113110838,1,0.000263214,FALSE,0.293813476,trait affects abundance,68.17491775,0.485714286,0.485714286,0.075961788,15.16538623,35,Fish,1.544068044,1.833624623,0.060579406,1.180853475,golden.shiner,Cyprinidae
620,620,22,SR2,threespine.stickleback.1,threespine.stickleback,0.889141142,0.005134465,1,0.000263214,TRUE,0.899093326,trait affects abundance,5.962300847,0.485714286,0.485714286,0.075961788,15.16538623,35,Fish,1.544068044,0.775413886,-0.030417383,1.180853475,threespine.stickleback,Gasterosteidae
621,621,23,SR2,threadfin.shad.1,threadfin.shad,0.92626194,2.53E-09,1.000000119,0.000836611,TRUE,0.936629617,trait affects abundance,70.78357692,0.485714286,0.485714286,0.075961788,15.16538623,35,Fish,1.544068044,1.849932505,0.384069347,1.180853475,threadfin.shad,Dorosomatidae
622,622,24,SR2,largemouth.bass.1,largemouth.bass,0.40476684,0.03821562,0.928571463,0.001981735,TRUE,0.409297408,trait affects abundance,219.90648,0.485714286,0.485714286,0.075961788,15.16538623,35,Fish,1.544068044,2.342238027,-0.021313424,1.180853475,largemouth.bass,Centrarchidae
623,623,25,SR2,wakasagi.1,wakasagi,0.899174585,0.174701951,1.000000119,0.000836611,FALSE,0.909239073,trait affects abundance,28.27829122,0.485714286,0.485714286,0.075961788,15.16538623,35,Fish,1.544068044,1.451453163,-0.204110076,1.180853475,wakasagi,Osmeridae
624,624,26,SR2,hitch.1,hitch,0.666952589,0.023121309,1.000000119,0.000836611,TRUE,0.674417809,trait affects abundance,183.5307079,0.485714286,0.485714286,0.075961788,15.16538623,35,Fish,1.544068044,2.26370874,0.024703029,1.180853475,hitch,Cyprinidae
625,625,27,SR2,green.sunfish.1,green.sunfish,0.833579032,0.062884578,1.000000119,0.000836611,FALSE,0.842909307,trait affects abundance,157.6843069,0.485714286,0.485714286,0.075961788,15.16538623,35,Fish,1.544068044,2.197788474,-0.245874731,1.180853475,green.sunfish,Centrarchidae
626,626,28,SR2,black.crappie.1,black.crappie,0.828879925,0.07739155,1.000000119,0.000836611,FALSE,0.838157603,trait affects abundance,179.113431,0.485714286,0.485714286,0.075961788,15.16538623,35,Fish,1.544068044,2.253128153,-0.094477927,1.180853475,black.crappie,Centrarchidae
627,627,29,SR2,hardhead.1,hardhead,0.798117182,0.129977645,1,0.000263214,FALSE,0.807050531,trait affects abundance,41.3115875,0.485714286,0.485714286,0.075961788,15.16538623,35,Fish,1.544068044,1.616071884,0.060071142,1.180853475,hardhead,Ariidae
628,628,30,SR2,smallmouth.bass.1,smallmouth.bass,0.825024852,0.101036266,1,0.000263214,FALSE,0.83425938,trait affects abundance,122.8531687,0.485714286,0.485714286,0.075961788,15.16538623,35,Fish,1.544068044,2.089386362,-0.102012875,1.180853475,smallmouth.bass,Centrarchidae
629,629,31,SR2,lamprey.unknown.1,lamprey.unknown,0.838559271,0.28445215,1,0.000263214,FALSE,0.847945289,trait affects abundance,106.5896224,0.485714286,0.485714286,0.075961788,15.16538623,35,Fish,1.544068044,2.027714924,-0.216851059,1.180853475,lamprey.unknown,Thelodonti
630,630,32,SR2,redear.sunfish.1,redear.sunfish,0.693313759,0.018633565,1.000000119,0.000836611,TRUE,0.701074041,trait affects abundance,392.6587303,0.485714286,0.485714286,0.075961788,15.16538623,35,Fish,1.544068044,2.594015258,-0.039482307,1.180853475,redear.sunfish,Centrarchidae
631,631,33,SR2,white.crappie.1,white.crappie,0.834905323,0.095799803,1.000000119,0.000836611,FALSE,0.844250443,trait affects abundance,206.2994483,0.485714286,0.485714286,0.075961788,15.16538623,35,Fish,1.544068044,2.314498067,-0.163698962,1.180853475,white.crappie,Centrarchidae
632,632,34,SR2,shimofuri.goby.1,shimofuri.goby,0.988930867,0.026651832,0.928571463,0.001981735,TRUE,1,trait affects abundance,15.22723825,0.485714286,0.485714286,0.075961788,15.16538623,35,Fish,1.544068044,1.182621143,-0.194572153,1.180853475,shimofuri.goby,Oxudercidae
633,633,35,SR2,rainwater.killifish.1,rainwater.killifish,0.987721512,3.22E-09,1.000000119,0.000836611,TRUE,0.998777109,trait affects abundance,2.760745901,0.485714286,0.485714286,0.075961788,15.16538623,35,Fish,1.544068044,0.441026436,-0.188743546,1.180853475,rainwater.killifish,Fundulidae
634,634,36,SR2,Chinook.salmon,Chinook.salmon.1,0.404216531,0.263654923,0.928571463,0.001981735,FALSE,0.408740939,abundance affects trait,36.68639001,0.485714286,0.485714286,0.075961788,15.16538623,35,Fish,1.544068044,1.564504979,0.32522841,1.180853475,Chinook.salmon.1,Salmonidae
635,635,37,SR2,Mississippi.silverside,Mississippi.silverside.1,0.560190868,0.103662936,1,0.000263214,FALSE,0.566461101,abundance affects trait,35.75019724,0.485714286,0.485714286,0.075961788,15.16538623,35,Fish,1.544068044,1.553278442,0.729183003,1.180853475,Mississippi.silverside.1,Atherinidae
636,636,38,SR2,steelhead.trout,steelhead.trout.1,0,0.5,1,1,FALSE,0,abundance affects trait,1087.636974,0.485714286,0.485714286,0.075961788,15.16538623,35,Fish,1.544068044,3.036483963,0.139489651,1.180853475,steelhead.trout.1,Salmonidae
637,637,39,SR2,red.shiner,red.shiner.1,0.688790285,0.393536461,0.785714328,0.009374738,FALSE,0.696499935,abundance affects trait,4.915027627,0.485714286,0.485714286,0.075961788,15.16538623,35,Fish,1.544068044,0.691525963,0.379737497,1.180853475,red.shiner.1,Cyprinidae
638,638,40,SR2,Sacramento.pikeminnow,Sacramento.pikeminnow.1,0.036033271,0.43211391,0.681385159,0.048519731,FALSE,0.036436593,abundance affects trait,137.4640848,0.485714286,0.485714286,0.075961788,15.16538623,35,Fish,1.544068044,2.138189245,0.078456789,1.180853475,Sacramento.pikeminnow.1,Cyprinidae
639,639,41,SR2,Delta.smelt,Delta.smelt.1,0.933954202,5.93E-06,1.000000119,0.000836611,TRUE,0.944407979,abundance affects trait,49.10097518,0.485714286,0.485714286,0.075961788,15.16538623,35,Fish,1.544068044,1.691090118,-0.019169264,1.180853475,Delta.smelt.1,Osmeridae
640,640,42,SR2,Pacific.staghorn.sculpin,Pacific.staghorn.sculpin.1,0.520545381,0.046757944,1.000000119,0.000836611,TRUE,0.526371861,abundance affects trait,50.74823444,0.485714286,0.485714286,0.075961788,15.16538623,35,Fish,1.544068044,1.705420937,0.016163829,1.180853475,Pacific.staghorn.sculpin.1,Cottidae
641,641,43,SR2,Sacramento.sucker,Sacramento.sucker.1,0.242748903,0.378496637,0.714285791,0.018741131,FALSE,0.245465999,abundance affects trait,15.95255112,0.485714286,0.485714286,0.075961788,15.16538623,35,Fish,1.544068044,1.202830145,0.281612352,1.180853475,Sacramento.sucker.1,Catostomidae
642,642,44,SR2,tule.perch,tule.perch.1,0.786710244,0.001897136,1,0.000263214,TRUE,0.795515915,abundance affects trait,104.681237,0.485714286,0.485714286,0.075961788,15.16538623,35,Fish,1.544068044,2.019868846,0.063899386,1.180853475,tule.perch.1,Embiotocidae
643,643,45,SR2,splittail,splittail.1,0.305431837,0.376071425,0.428571463,0.173546195,FALSE,0.308850544,abundance affects trait,39.17707342,0.485714286,0.485714286,0.075961788,15.16538623,35,Fish,1.544068044,1.59303199,0.496378947,1.180853475,splittail.1,Cyprinidae
644,644,46,SR2,yellowfin.goby,yellowfin.goby.1,0.790230988,7.53E-05,1,0.000263214,TRUE,0.799076067,abundance affects trait,90.73299994,0.485714286,0.485714286,0.075961788,15.16538623,35,Fish,1.544068044,1.95776527,0.029967966,1.180853475,yellowfin.goby.1,Oxudercidae
645,645,47,SR2,common.carp,common.carp.1,0.815572556,0.089142004,1.000000119,0.000836611,FALSE,0.824701284,abundance affects trait,1470.42767,0.485714286,0.485714286,0.075961788,15.16538623,35,Fish,1.544068044,3.167443666,-0.076279165,1.180853475,common.carp.1,Ariidae
646,646,48,SR2,striped.bass,striped.bass.1,0.217782143,0.146894823,1.000000119,0.000836611,FALSE,0.220219785,abundance affects trait,122.910787,0.485714286,0.485714286,0.075961788,15.16538623,35,Fish,1.544068044,2.089589999,0.091569745,1.180853475,striped.bass.1,Moronidae
647,647,49,SR2,American.shad,American.shad.1,0.665300046,0.034434334,1.000000119,0.000836611,TRUE,0.672746769,abundance affects trait,33.07026972,0.485714286,0.485714286,0.075961788,15.16538623,35,Fish,1.544068044,1.519437737,-0.016468329,1.180853475,American.shad.1,Alosidae
648,648,50,SR2,fathead.minnow,fathead.minnow.1,0.951068029,0.009472096,0.928571463,0.001981735,TRUE,0.961713362,abundance affects trait,11.13634284,0.485714286,0.485714286,0.075961788,15.16538623,35,Fish,1.544068044,1.046742592,-0.109202664,1.180853475,fathead.minnow.1,Cyprinidae
649,649,51,SR2,western.mosquitofish,western.mosquitofish.1,0.253133178,0.342928777,0.285714298,0.386476278,FALSE,0.255966505,abundance affects trait,4.687146296,0.485714286,0.485714286,0.075961788,15.16538623,35,Fish,1.544068044,0.670908509,0.141243779,1.180853475,western.mosquitofish.1,Poeciliidae
650,650,52,SR2,prickly.sculpin,prickly.sculpin.1,0.57008577,0.163816634,0.888888896,0.001229405,FALSE,0.576466757,abundance affects trait,33.59431244,0.485714286,0.485714286,0.075961788,15.16538623,35,Fish,1.544068044,1.526265757,-0.051423583,1.180853475,prickly.sculpin.1,Cottidae
651,651,53,SR2,starry.flounder,starry.flounder.1,0.982057355,2.27E-09,1,0.000263214,TRUE,0.993049552,abundance affects trait,88.72236182,0.485714286,0.485714286,0.075961788,15.16538623,35,Fish,1.544068044,1.948033094,-0.23776489,1.180853475,starry.flounder.1,Pleuronectidae
652,652,54,SR2,bigscale.logperch,bigscale.logperch.1,0.810514586,0.000609906,1.000000119,0.000836611,TRUE,0.8195867,abundance affects trait,72.14343918,0.485714286,0.485714286,0.075961788,15.16538623,35,Fish,1.544068044,1.858196842,0.005935039,1.180853475,bigscale.logperch.1,Percidae
653,653,55,SR2,bluegill,bluegill.1,0.74308652,0.012052061,1.000000119,0.000836611,TRUE,0.75140391,abundance affects trait,52.60397957,0.485714286,0.485714286,0.075961788,15.16538623,35,Fish,1.544068044,1.7210186,-0.009668275,1.180853475,bluegill.1,Centrarchidae
654,654,56,SR2,golden.shiner,golden.shiner.1,0.163238457,0.217313713,0.909241259,0.002769589,FALSE,0.16506559,abundance affects trait,68.17491775,0.485714286,0.485714286,0.075961788,15.16538623,35,Fish,1.544068044,1.833624623,0.060579406,1.180853475,golden.shiner.1,Cyprinidae
655,655,57,SR2,threespine.stickleback,threespine.stickleback.1,0.725988057,0.018075548,1.000000119,0.000836611,TRUE,0.734114062,abundance affects trait,5.962300847,0.485714286,0.485714286,0.075961788,15.16538623,35,Fish,1.544068044,0.775413886,-0.030417383,1.180853475,threespine.stickleback.1,Gasterosteidae
656,656,58,SR2,threadfin.shad,threadfin.shad.1,0.631062539,0.126589515,1.000000119,0.000836611,FALSE,0.63812604,abundance affects trait,70.78357692,0.485714286,0.485714286,0.075961788,15.16538623,35,Fish,1.544068044,1.849932505,0.384069347,1.180853475,threadfin.shad.1,Dorosomatidae
657,657,59,SR2,largemouth.bass,largemouth.bass.1,0.857921218,4.87E-07,1,0.000263214,TRUE,0.867523956,abundance affects trait,219.90648,0.485714286,0.485714286,0.075961788,15.16538623,35,Fish,1.544068044,2.342238027,-0.021313424,1.180853475,largemouth.bass.1,Centrarchidae
658,658,60,SR2,wakasagi,wakasagi.1,0.947053647,0.003072266,1.000000119,0.000836611,TRUE,0.957654046,abundance affects trait,28.27829122,0.485714286,0.485714286,0.075961788,15.16538623,35,Fish,1.544068044,1.451453163,-0.204110076,1.180853475,wakasagi.1,Osmeridae
659,659,61,SR2,hitch,hitch.1,0.73527798,0.06436877,0.928571463,0.001981735,FALSE,0.743507968,abundance affects trait,183.5307079,0.485714286,0.485714286,0.075961788,15.16538623,35,Fish,1.544068044,2.26370874,0.024703029,1.180853475,hitch.1,Cyprinidae
660,660,62,SR2,green.sunfish,green.sunfish.1,0.987346949,7.35E-11,1,0.000263214,TRUE,0.998398353,abundance affects trait,157.6843069,0.485714286,0.485714286,0.075961788,15.16538623,35,Fish,1.544068044,2.197788474,-0.245874731,1.180853475,green.sunfish.1,Centrarchidae
661,661,63,SR2,black.crappie,black.crappie.1,0.938324797,0.000639107,1,0.000263214,TRUE,0.948827494,abundance affects trait,179.113431,0.485714286,0.485714286,0.075961788,15.16538623,35,Fish,1.544068044,2.253128153,-0.094477927,1.180853475,black.crappie.1,Centrarchidae
662,662,64,SR2,hardhead,hardhead.1,0.220465368,0.318753518,-0.785714328,0.00937477,FALSE,0.222933043,abundance affects trait,41.3115875,0.485714286,0.485714286,0.075961788,15.16538623,35,Fish,1.544068044,1.616071884,0.060071142,1.180853475,hardhead.1,Ariidae
663,663,65,SR2,smallmouth.bass,smallmouth.bass.1,0.976911819,1.34E-08,1.000000119,0.000836611,TRUE,0.987846422,abundance affects trait,122.8531687,0.485714286,0.485714286,0.075961788,15.16538623,35,Fish,1.544068044,2.089386362,-0.102012875,1.180853475,smallmouth.bass.1,Centrarchidae
664,664,66,SR2,lamprey.unknown,lamprey.unknown.1,0.905940351,0.013290602,1,0.000263214,TRUE,0.916080568,abundance affects trait,106.5896224,0.485714286,0.485714286,0.075961788,15.16538623,35,Fish,1.544068044,2.027714924,-0.216851059,1.180853475,lamprey.unknown.1,Thelodonti
665,665,67,SR2,redear.sunfish,redear.sunfish.1,0.913590704,2.08E-06,1.000000119,0.000836611,TRUE,0.923816552,abundance affects trait,392.6587303,0.485714286,0.485714286,0.075961788,15.16538623,35,Fish,1.544068044,2.594015258,-0.039482307,1.180853475,redear.sunfish.1,Centrarchidae
666,666,68,SR2,white.crappie,white.crappie.1,0.929233035,0.00162211,1,0.000263214,TRUE,0.939633968,abundance affects trait,206.2994483,0.485714286,0.485714286,0.075961788,15.16538623,35,Fish,1.544068044,2.314498067,-0.163698962,1.180853475,white.crappie.1,Centrarchidae
667,667,69,SR2,shimofuri.goby,shimofuri.goby.1,0.988321257,0.132802581,0,1,FALSE,0.999383567,abundance affects trait,15.22723825,0.485714286,0.485714286,0.075961788,15.16538623,35,Fish,1.544068044,1.182621143,-0.194572153,1.180853475,shimofuri.goby.1,Oxudercidae
668,668,70,SR2,rainwater.killifish,rainwater.killifish.1,0.829279111,0.174486917,0.928571463,0.001981735,FALSE,0.838561256,abundance affects trait,2.760745901,0.485714286,0.485714286,0.075961788,15.16538623,35,Fish,1.544068044,0.441026436,-0.188743546,1.180853475,rainwater.killifish.1,Fundulidae
669,669,1,KB2,Chinook.salmon.1,Chinook.salmon,0.161817596,0.313720182,0.99999994,0.089429379,FALSE,0.161817596,trait affects abundance,33.48010269,1,1,0.003099168,14.9230234,30,Fish,1.477121255,1.524786781,0.231736249,1.17385682,Chinook.salmon,Salmonidae
670,670,2,KB2,Mississippi.silverside.1,Mississippi.silverside,0.267501319,0.42254967,0.99999994,0.089429379,FALSE,0.267501319,trait affects abundance,32.29263697,1,1,0.003099168,14.9230234,30,Fish,1.477121255,1.50910351,0.819470292,1.17385682,Mississippi.silverside,Atherinidae
671,671,3,KB2,tule.perch.1,tule.perch,0.815569615,0.037771918,0.99999994,0.089429379,FALSE,0.815569615,trait affects abundance,73.10573876,1,1,0.003099168,14.9230234,30,Fish,1.477121255,1.86395147,0.016514769,1.17385682,tule.perch,Embiotocidae
672,672,4,KB2,topsmelt.1,topsmelt,0.434026584,0.086817303,0.99999994,0.089429379,FALSE,0.434026584,trait affects abundance,31.60378978,1,1,0.003099168,14.9230234,30,Fish,1.477121255,1.499739164,0.556369292,1.17385682,topsmelt,Atherinopsidae
673,673,5,KB2,threespine.stickleback.1,threespine.stickleback,0.051524621,0.468640626,-0.333333313,0.734095216,FALSE,0.051524621,trait affects abundance,6.029527973,1,1,0.003099168,14.9230234,30,Fish,1.477121255,0.780283314,0.009259218,1.17385682,threespine.stickleback,Gasterosteidae
674,674,6,KB2,barred.surfperch.1,barred.surfperch,0.240506281,0.482463649,0.666666627,0.308179498,FALSE,0.240506281,trait affects abundance,103.5064467,1,1,0.003099168,14.9230234,30,Fish,1.477121255,2.0149674,0.011230147,1.17385682,barred.surfperch,Embiotocidae
675,675,7,KB2,American.shad.1,American.shad,0.34162573,0.295471303,0.99999994,0.089429379,FALSE,0.34162573,trait affects abundance,100.1216723,1,1,0.003099168,14.9230234,30,Fish,1.477121255,2.000528095,0.031643094,1.17385682,American.shad,Alosidae
676,676,8,KB2,northern.anchovy.1,northern.anchovy,0.397336817,0.366381484,NA,NA,FALSE,0.397336817,trait affects abundance,31.58520981,1,1,0.003099168,14.9230234,30,Fish,1.477121255,1.499483766,0.201571159,1.17385682,northern.anchovy,Engraulidae
677,677,9,KB2,shiner.perch.1,shiner.perch,0.620354994,0.208920285,0.99999994,0.089429379,FALSE,0.620354994,trait affects abundance,73.73702664,1,1,0.003099168,14.9230234,30,Fish,1.477121255,1.867685621,0.021159602,1.17385682,shiner.perch,Embiotocidae
678,678,10,KB2,threadfin.shad.1,threadfin.shad,0.245322225,0.443259234,0,1,FALSE,0.245322225,trait affects abundance,51.72133611,1,1,0.003099168,14.9230234,30,Fish,1.477121255,1.713669735,0.517950582,1.17385682,threadfin.shad,Dorosomatidae
679,679,11,KB2,walleye.surfperch.1,walleye.surfperch,0.90955083,0.170699625,0.99999994,0.089429379,FALSE,0.90955083,trait affects abundance,48.7389719,1,1,0.003099168,14.9230234,30,Fish,1.477121255,1.687876364,-0.026141985,1.17385682,walleye.surfperch,Embiotocidae
680,680,12,KB2,bay.pipefish.1,bay.pipefish,0.027780934,0.466251833,-0.333333313,0.734095216,FALSE,0.027780934,trait affects abundance,536.7221828,1,1,0.003099168,14.9230234,30,Fish,1.477121255,2.729749545,-0.002793312,1.17385682,bay.pipefish,Syngnathidae
681,681,13,KB2,Pacific.staghorn.sculpin.1,Pacific.staghorn.sculpin,0,0.5,1,1,FALSE,0,trait affects abundance,126.8326988,1,1,0.003099168,14.9230234,30,Fish,1.477121255,2.103231234,0.01362139,1.17385682,Pacific.staghorn.sculpin,Cottidae
682,682,14,KB2,dwarf.surfperch.1,dwarf.surfperch,0.220221184,0.219000661,0.912870884,0.148561716,FALSE,0.220221184,trait affects abundance,67.608894,1,1,0.003099168,14.9230234,30,Fish,1.477121255,1.830003831,0.03710026,1.17385682,dwarf.surfperch,Embiotocidae
683,683,15,KB2,yellowfin.goby.1,yellowfin.goby,0.213508542,0.362153166,0.99999994,0.089429379,FALSE,0.213508542,trait affects abundance,123.6382969,1,1,0.003099168,14.9230234,30,Fish,1.477121255,2.092153014,0.023738009,1.17385682,yellowfin.goby,Oxudercidae
684,684,16,KB2,Pacific.herring.1,Pacific.herring,0.534547054,0.234863659,0.99999994,0.089429379,FALSE,0.534547054,trait affects abundance,10.55377608,1,1,0.003099168,14.9230234,30,Fish,1.477121255,1.023407875,0.564577531,1.17385682,Pacific.herring,Clupeidae
685,685,17,KB2,starry.flounder.1,starry.flounder,0.817294118,0.189002175,0.99999994,0.089429379,FALSE,0.817294118,trait affects abundance,156.3839719,1,1,0.003099168,14.9230234,30,Fish,1.477121255,2.194192239,-0.126735626,1.17385682,starry.flounder,Pleuronectidae
686,686,18,KB2,English.sole.1,English.sole,0.837397369,0.318839783,0.99999994,0.089429379,FALSE,0.837397369,trait affects abundance,56.05531904,1,1,0.003099168,14.9230234,30,Fish,1.477121255,1.748616829,-0.214896244,1.17385682,English.sole,Pleuronectidae
687,687,19,KB2,shimofuri.goby.1,shimofuri.goby,0.699296197,0.114197415,0.99999994,0.089429379,FALSE,0.699296197,trait affects abundance,30.67180349,1,1,0.003099168,14.9230234,30,Fish,1.477121255,1.486739313,-0.064042703,1.17385682,shimofuri.goby,Oxudercidae
688,688,20,KB2,Delta.smelt.1,Delta.smelt,0.980115297,0.031679642,0.99999994,0.089429379,FALSE,0.980115297,trait affects abundance,25.59988287,1,1,0.003099168,14.9230234,30,Fish,1.477121255,1.408237978,-0.253072148,1.17385682,Delta.smelt,Osmeridae
689,689,21,KB2,comb.jelly.1,comb.jelly,0,0.5,1,1,FALSE,0,trait affects abundance,2.841058734,1,1,0.003099168,14.9230234,30,Fish,1.477121255,0.453480212,1.375105786,1.17385682,comb.jelly,Bolinopsidae
690,690,22,KB2,arrow.goby.1,arrow.goby,0.942480448,0.001847156,0.99999994,0.089429379,FALSE,0.942480448,trait affects abundance,9.386543094,1,1,0.003099168,14.9230234,30,Fish,1.477121255,0.972505678,-0.063321816,1.17385682,arrow.goby,Oxudercidae
691,691,23,KB2,California.halibut.1,California.halibut,0.977738308,0.000150029,0.99999994,0.089429379,FALSE,0.977738308,trait affects abundance,81.06825503,1,1,0.003099168,14.9230234,30,Fish,1.477121255,1.908850825,-0.285235728,1.17385682,California.halibut,Paralichthyidae
692,692,24,KB2,striped.bass.1,striped.bass,0.20554279,0.288346136,0.99999994,0.089429379,FALSE,0.20554279,trait affects abundance,729.3168964,1,1,0.003099168,14.9230234,30,Fish,1.477121255,2.862916275,0.015344876,1.17385682,striped.bass,Moronidae
693,693,25,KB2,wakasagi.1,wakasagi,0.909275085,0.174877654,0.99999994,0.089429379,FALSE,0.909275085,trait affects abundance,28.89065739,1,1,0.003099168,14.9230234,30,Fish,1.477121255,1.460757424,-0.239223645,1.17385682,wakasagi,Osmeridae
694,694,26,KB2,rainwater.killifish.1,rainwater.killifish,0.875483833,0.00017736,0.99999994,0.089429379,FALSE,0.875483833,trait affects abundance,5.342933729,1,1,0.003099168,14.9230234,30,Fish,1.477121255,0.727779787,0.017152378,1.17385682,rainwater.killifish,Fundulidae
695,695,27,KB2,diamond.turbot.1,diamond.turbot,0.946482819,0.193883085,0.99999994,0.089429379,FALSE,0.946482819,trait affects abundance,107.99519,1,1,0.003099168,14.9230234,30,Fish,1.477121255,2.033404413,-0.196546046,1.17385682,diamond.turbot,Pleuronectidae
696,696,28,KB2,Siberian.prawn.1,Siberian.prawn,0.45878623,0.315122749,0.99999994,0.089429379,FALSE,0.45878623,trait affects abundance,2.17021132,1,1,0.003099168,14.9230234,30,Fish,1.477121255,0.336502024,0.624879194,1.17385682,Siberian.prawn,Palaemonidae
697,697,29,KB2,splittail.1,splittail,0.519058602,0.241139164,0.99999994,0.089429379,FALSE,0.519058602,trait affects abundance,39.77909383,1,1,0.003099168,14.9230234,30,Fish,1.477121255,1.599654886,0.386035847,1.17385682,splittail,Cyprinidae
698,698,30,KB2,prickly.sculpin.1,prickly.sculpin,0.809701575,0.07560881,0.99999994,0.089429379,FALSE,0.809701575,trait affects abundance,31.01412169,1,1,0.003099168,14.9230234,30,Fish,1.477121255,1.491559487,0.047945377,1.17385682,prickly.sculpin,Cottidae
699,699,31,KB2,Chinook.salmon,Chinook.salmon.1,0.433488549,0.270381407,0.99999994,0.089429379,FALSE,0.433488549,abundance affects trait,33.48010269,1,1,0.003099168,14.9230234,30,Fish,1.477121255,1.524786781,0.231736249,1.17385682,Chinook.salmon.1,Salmonidae
700,700,32,KB2,Mississippi.silverside,Mississippi.silverside.1,0.004961007,0.456674141,-0.666666627,0.308179498,FALSE,0.004961007,abundance affects trait,32.29263697,1,1,0.003099168,14.9230234,30,Fish,1.477121255,1.50910351,0.819470292,1.17385682,Mississippi.silverside.1,Atherinidae
701,701,33,KB2,tule.perch,tule.perch.1,0.755856177,0.162297391,0.99999994,0.089429379,FALSE,0.755856177,abundance affects trait,73.10573876,1,1,0.003099168,14.9230234,30,Fish,1.477121255,1.86395147,0.016514769,1.17385682,tule.perch.1,Embiotocidae
702,702,34,KB2,topsmelt,topsmelt.1,0.168488107,0.277837074,0.99999994,0.089429379,FALSE,0.168488107,abundance affects trait,31.60378978,1,1,0.003099168,14.9230234,30,Fish,1.477121255,1.499739164,0.556369292,1.17385682,topsmelt.1,Atherinopsidae
703,703,35,KB2,threespine.stickleback,threespine.stickleback.1,0.239094185,0.40233405,0.666666627,0.308179498,FALSE,0.239094185,abundance affects trait,6.029527973,1,1,0.003099168,14.9230234,30,Fish,1.477121255,0.780283314,0.009259218,1.17385682,threespine.stickleback.1,Gasterosteidae
704,704,36,KB2,barred.surfperch,barred.surfperch.1,0.31858234,0.218461766,0.99999994,0.089429379,FALSE,0.31858234,abundance affects trait,103.5064467,1,1,0.003099168,14.9230234,30,Fish,1.477121255,2.0149674,0.011230147,1.17385682,barred.surfperch.1,Embiotocidae
705,705,37,KB2,American.shad,American.shad.1,0.310417836,0.279496036,0.99999994,0.089429379,FALSE,0.310417836,abundance affects trait,100.1216723,1,1,0.003099168,14.9230234,30,Fish,1.477121255,2.000528095,0.031643094,1.17385682,American.shad.1,Alosidae
706,706,38,KB2,northern.anchovy,northern.anchovy.1,0.707853729,0.043979764,0.99999994,0.089429379,FALSE,0.707853729,abundance affects trait,31.58520981,1,1,0.003099168,14.9230234,30,Fish,1.477121255,1.499483766,0.201571159,1.17385682,northern.anchovy.1,Engraulidae
707,707,39,KB2,shiner.perch,shiner.perch.1,0.571563141,0.157963838,0.99999994,0.089429379,FALSE,0.571563141,abundance affects trait,73.73702664,1,1,0.003099168,14.9230234,30,Fish,1.477121255,1.867685621,0.021159602,1.17385682,shiner.perch.1,Embiotocidae
708,708,40,KB2,threadfin.shad,threadfin.shad.1,0.317092007,0.169137902,0.99999994,0.089429379,FALSE,0.317092007,abundance affects trait,51.72133611,1,1,0.003099168,14.9230234,30,Fish,1.477121255,1.713669735,0.517950582,1.17385682,threadfin.shad.1,Dorosomatidae
709,709,41,KB2,walleye.surfperch,walleye.surfperch.1,0.579591289,0.468549168,0.99999994,0.089429379,FALSE,0.579591289,abundance affects trait,48.7389719,1,1,0.003099168,14.9230234,30,Fish,1.477121255,1.687876364,-0.026141985,1.17385682,walleye.surfperch.1,Embiotocidae
710,710,42,KB2,bay.pipefish,bay.pipefish.1,0.416686097,0.173128128,0.99999994,0.089429379,FALSE,0.416686097,abundance affects trait,536.7221828,1,1,0.003099168,14.9230234,30,Fish,1.477121255,2.729749545,-0.002793312,1.17385682,bay.pipefish.1,Syngnathidae
711,711,43,KB2,Pacific.staghorn.sculpin,Pacific.staghorn.sculpin.1,0,0.5,1,1,FALSE,0,abundance affects trait,126.8326988,1,1,0.003099168,14.9230234,30,Fish,1.477121255,2.103231234,0.01362139,1.17385682,Pacific.staghorn.sculpin.1,Cottidae
712,712,44,KB2,dwarf.surfperch,dwarf.surfperch.1,0.364023596,0.21777023,0.99999994,0.089429379,FALSE,0.364023596,abundance affects trait,67.608894,1,1,0.003099168,14.9230234,30,Fish,1.477121255,1.830003831,0.03710026,1.17385682,dwarf.surfperch.1,Embiotocidae
713,713,45,KB2,yellowfin.goby,yellowfin.goby.1,0.192012871,0.316580205,0.99999994,0.089429379,FALSE,0.192012871,abundance affects trait,123.6382969,1,1,0.003099168,14.9230234,30,Fish,1.477121255,2.092153014,0.023738009,1.17385682,yellowfin.goby.1,Oxudercidae
714,714,46,KB2,Pacific.herring,Pacific.herring.1,0,0.5,1,1,FALSE,0,abundance affects trait,10.55377608,1,1,0.003099168,14.9230234,30,Fish,1.477121255,1.023407875,0.564577531,1.17385682,Pacific.herring.1,Clupeidae
715,715,47,KB2,starry.flounder,starry.flounder.1,0.999139505,0,0.99999994,0.089429379,FALSE,0.999139505,abundance affects trait,156.3839719,1,1,0.003099168,14.9230234,30,Fish,1.477121255,2.194192239,-0.126735626,1.17385682,starry.flounder.1,Pleuronectidae
716,716,48,KB2,English.sole,English.sole.1,0.989380925,1.84E-05,0.99999994,0.089429379,FALSE,0.989380925,abundance affects trait,56.05531904,1,1,0.003099168,14.9230234,30,Fish,1.477121255,1.748616829,-0.214896244,1.17385682,English.sole.1,Pleuronectidae
717,717,49,KB2,shimofuri.goby,shimofuri.goby.1,0.951837014,0.000184251,0.99999994,0.089429379,FALSE,0.951837014,abundance affects trait,30.67180349,1,1,0.003099168,14.9230234,30,Fish,1.477121255,1.486739313,-0.064042703,1.17385682,shimofuri.goby.1,Oxudercidae
718,718,50,KB2,Delta.smelt,Delta.smelt.1,0.959671183,0.124336111,0.666666627,0.308179498,FALSE,0.959671183,abundance affects trait,25.59988287,1,1,0.003099168,14.9230234,30,Fish,1.477121255,1.408237978,-0.253072148,1.17385682,Delta.smelt.1,Osmeridae
719,719,51,KB2,comb.jelly,comb.jelly.1,0.052414745,0.42789474,0.912870884,0.148561716,FALSE,0.052414745,abundance affects trait,2.841058734,1,1,0.003099168,14.9230234,30,Fish,1.477121255,0.453480212,1.375105786,1.17385682,comb.jelly.1,Bolinopsidae
720,720,52,KB2,arrow.goby,arrow.goby.1,0.821731565,0.166717953,0.99999994,0.089429379,FALSE,0.821731565,abundance affects trait,9.386543094,1,1,0.003099168,14.9230234,30,Fish,1.477121255,0.972505678,-0.063321816,1.17385682,arrow.goby.1,Oxudercidae
721,721,53,KB2,California.halibut,California.halibut.1,1,0,0.99999994,0.089429379,FALSE,1,abundance affects trait,81.06825503,1,1,0.003099168,14.9230234,30,Fish,1.477121255,1.908850825,-0.285235728,1.17385682,California.halibut.1,Paralichthyidae
722,722,54,KB2,striped.bass,striped.bass.1,0.107529149,0.481837492,0.333333313,0.734095216,FALSE,0.107529149,abundance affects trait,729.3168964,1,1,0.003099168,14.9230234,30,Fish,1.477121255,2.862916275,0.015344876,1.17385682,striped.bass.1,Moronidae
723,723,55,KB2,wakasagi,wakasagi.1,0.921591193,0.074292156,0.99999994,0.089429379,FALSE,0.921591193,abundance affects trait,28.89065739,1,1,0.003099168,14.9230234,30,Fish,1.477121255,1.460757424,-0.239223645,1.17385682,wakasagi.1,Osmeridae
724,724,56,KB2,rainwater.killifish,rainwater.killifish.1,0.758696541,0.00914385,0.99999994,0.089429379,FALSE,0.758696541,abundance affects trait,5.342933729,1,1,0.003099168,14.9230234,30,Fish,1.477121255,0.727779787,0.017152378,1.17385682,rainwater.killifish.1,Fundulidae
725,725,57,KB2,diamond.turbot,diamond.turbot.1,0.998165325,6.41E-10,0.99999994,0.089429379,FALSE,0.998165325,abundance affects trait,107.99519,1,1,0.003099168,14.9230234,30,Fish,1.477121255,2.033404413,-0.196546046,1.17385682,diamond.turbot.1,Pleuronectidae
726,726,58,KB2,Siberian.prawn,Siberian.prawn.1,0,0.5,1,1,FALSE,0,abundance affects trait,2.17021132,1,1,0.003099168,14.9230234,30,Fish,1.477121255,0.336502024,0.624879194,1.17385682,Siberian.prawn.1,Palaemonidae
727,727,59,KB2,splittail,splittail.1,0.277432828,0.263555897,0.99999994,0.089429379,FALSE,0.277432828,abundance affects trait,39.77909383,1,1,0.003099168,14.9230234,30,Fish,1.477121255,1.599654886,0.386035847,1.17385682,splittail.1,Cyprinidae
728,728,60,KB2,prickly.sculpin,prickly.sculpin.1,0,0.5,1,1,FALSE,0,abundance affects trait,31.01412169,1,1,0.003099168,14.9230234,30,Fish,1.477121255,1.491559487,0.047945377,1.17385682,prickly.sculpin.1,Cottidae
729,729,1,SM2,Chinook.salmon.1,Chinook.salmon,0.254739156,0.242048933,0.857142925,0.00443399,FALSE,0.257885178,trait affects abundance,40.17556585,0.310344828,0.551724138,0.071106292,15.0935315,29,Fish,1.462397998,1.603962002,0.297755702,1.178790865,Chinook.salmon,Salmonidae
730,730,2,SM2,Delta.smelt.1,Delta.smelt,0.909721039,0.001126741,1.000000119,0.000836611,TRUE,0.92095607,trait affects abundance,48.76281114,0.310344828,0.551724138,0.071106292,15.0935315,29,Fish,1.462397998,1.688088734,-0.033023892,1.178790865,Delta.smelt,Osmeridae
731,731,3,SM2,steelhead.trout.1,steelhead.trout,0.776551716,0.048337602,1.000000119,0.000836611,TRUE,0.786142109,trait affects abundance,1019.904516,0.310344828,0.551724138,0.071106292,15.0935315,29,Fish,1.462397998,3.008559515,0.069850814,1.178790865,steelhead.trout,Salmonidae
732,732,4,SM2,tule.perch.1,tule.perch,0.542468572,0.08104719,1.000000119,0.000836611,FALSE,0.549168045,trait affects abundance,93.52543646,0.310344828,0.551724138,0.071106292,15.0935315,29,Fish,1.462397998,1.970929744,0.041684335,1.178790865,tule.perch,Embiotocidae
733,733,5,SM2,Pacific.staghorn.sculpin.1,Pacific.staghorn.sculpin,0.742326001,0.033395115,1.000000119,0.000836611,TRUE,0.751493707,trait affects abundance,39.20855622,0.310344828,0.551724138,0.071106292,15.0935315,29,Fish,1.462397998,1.593380851,-0.056413153,1.178790865,Pacific.staghorn.sculpin,Cottidae
734,734,6,SM2,Sacramento.pikeminnow.1,Sacramento.pikeminnow,0.781452476,6.29E-05,1.000000119,0.000836611,TRUE,0.791103393,trait affects abundance,146.169573,0.310344828,0.551724138,0.071106292,15.0935315,29,Fish,1.462397998,2.164856978,0.07909554,1.178790865,Sacramento.pikeminnow,Cyprinidae
735,735,7,SM2,striped.bass.1,striped.bass,0.70066105,0.036541885,1.000000119,0.000836611,TRUE,0.709314195,trait affects abundance,130.663542,0.310344828,0.551724138,0.071106292,15.0935315,29,Fish,1.462397998,2.116154427,0.072322972,1.178790865,striped.bass,Moronidae
736,736,8,SM2,yellowfin.goby.1,yellowfin.goby,0.89042011,4.13E-05,1.000000119,0.000836611,TRUE,0.901416775,trait affects abundance,88.13668994,0.310344828,0.551724138,0.071106292,15.0935315,29,Fish,1.462397998,1.945156736,0.030864215,1.178790865,yellowfin.goby,Oxudercidae
737,737,9,SM2,splittail.1,splittail,0.727949721,0.003405965,1.000000119,0.000836611,TRUE,0.736939881,trait affects abundance,34.03858171,0.310344828,0.551724138,0.071106292,15.0935315,29,Fish,1.462397998,1.531971456,0.449478494,1.178790865,splittail,Cyprinidae
738,738,10,SM2,Mississippi.silverside.1,Mississippi.silverside,0.615825924,0.206523298,1,0.002666712,FALSE,0.623431358,trait affects abundance,35.26042521,0.310344828,0.551724138,0.071106292,15.0935315,29,Fish,1.462397998,1.547287545,0.707760043,1.178790865,Mississippi.silverside,Atherinidae
739,739,11,SM2,threadfin.shad.1,threadfin.shad,0.854016139,4.91E-07,1.000000119,0.000836611,TRUE,0.864563216,trait affects abundance,72.04144711,0.310344828,0.551724138,0.071106292,15.0935315,29,Fish,1.462397998,1.857582428,0.42563715,1.178790865,threadfin.shad,Dorosomatidae
740,740,12,SM2,threespine.stickleback.1,threespine.stickleback,0.902248502,0.078360126,0.928571463,0.001981735,FALSE,0.913391247,trait affects abundance,5.097840488,0.310344828,0.551724138,0.071106292,15.0935315,29,Fish,1.462397998,0.707386242,-0.082135242,1.178790865,threespine.stickleback,Gasterosteidae
741,741,13,SM2,golden.shiner.1,golden.shiner,0.833692277,7.17E-05,1.000000119,0.000836611,TRUE,0.843988354,trait affects abundance,85.7121296,0.310344828,0.551724138,0.071106292,15.0935315,29,Fish,1.462397998,1.933042286,0.034062033,1.178790865,golden.shiner,Cyprinidae
742,742,14,SM2,Sacramento.sucker.1,Sacramento.sucker,0.106156135,0.308608125,0.69102335,0.024821877,FALSE,0.10746716,trait affects abundance,16.5668211,0.310344828,0.551724138,0.071106292,15.0935315,29,Fish,1.462397998,1.219239182,0.287186768,1.178790865,Sacramento.sucker,Catostomidae
743,743,15,SM2,western.mosquitofish.1,western.mosquitofish,0.461121924,0.076554561,1.000000119,0.000836611,FALSE,0.466816767,trait affects abundance,4.624472171,0.310344828,0.551724138,0.071106292,15.0935315,29,Fish,1.462397998,0.66506217,0.126301539,1.178790865,western.mosquitofish,Poeciliidae
744,744,16,SM2,bigscale.logperch.1,bigscale.logperch,0.873650427,1.79E-05,1.000000119,0.000836611,TRUE,0.884439986,trait affects abundance,68.70020255,0.310344828,0.551724138,0.071106292,15.0935315,29,Fish,1.462397998,1.836958017,0.002310912,1.178790865,bigscale.logperch,Percidae
745,745,17,SM2,smallmouth.bass.1,smallmouth.bass,0.887769648,0.003664546,1.000000119,0.000836611,TRUE,0.898733579,trait affects abundance,79.65014605,0.310344828,0.551724138,0.071106292,15.0935315,29,Fish,1.462397998,1.901186576,-0.110003347,1.178790865,smallmouth.bass,Centrarchidae
746,746,18,SM2,redear.sunfish.1,redear.sunfish,0.920689838,0.00030083,1.000000119,0.000836611,TRUE,0.932060332,trait affects abundance,289.9527136,0.310344828,0.551724138,0.071106292,15.0935315,29,Fish,1.462397998,2.462327178,-0.085972383,1.178790865,redear.sunfish,Centrarchidae
747,747,19,SM2,American.shad.1,American.shad,0.905260126,0.001948774,1.000000119,0.000836611,TRUE,0.916440064,trait affects abundance,36.88385657,0.310344828,0.551724138,0.071106292,15.0935315,29,Fish,1.462397998,1.566836324,-0.007505046,1.178790865,American.shad,Alosidae
748,748,20,SM2,bluegill.1,bluegill,0.803414228,0.045374793,1.000000119,0.000836611,TRUE,0.813336372,trait affects abundance,57.7306938,0.310344828,0.551724138,0.071106292,15.0935315,29,Fish,1.462397998,1.761406777,-0.031373662,1.178790865,bluegill,Centrarchidae
749,749,21,SM2,black.crappie.1,black.crappie,0.757042957,0.16920667,1.000000119,0.000836611,FALSE,0.766392418,trait affects abundance,179.3451703,0.310344828,0.551724138,0.071106292,15.0935315,29,Fish,1.462397998,2.253689686,-0.110910159,1.178790865,black.crappie,Centrarchidae
750,750,22,SM2,common.carp.1,common.carp,0.858136053,0.005003905,1.000000119,0.000836611,TRUE,0.86873401,trait affects abundance,1546.261068,0.310344828,0.551724138,0.071106292,15.0935315,29,Fish,1.462397998,3.189282821,-0.163085915,1.178790865,common.carp,Ariidae
751,751,23,SM2,hitch.1,hitch,0.83196829,0.000981651,1.000000119,0.000836611,TRUE,0.842243076,trait affects abundance,203.2905681,0.310344828,0.551724138,0.071106292,15.0935315,29,Fish,1.462397998,2.308117229,-0.010318493,1.178790865,hitch,Cyprinidae
752,752,24,SM2,largemouth.bass.1,largemouth.bass,0.683650736,0.00768483,1,0.002666712,TRUE,0.692093805,trait affects abundance,236.874024,0.310344828,0.551724138,0.071106292,15.0935315,29,Fish,1.462397998,2.374517438,-0.030818103,1.178790865,largemouth.bass,Centrarchidae
753,753,25,SM2,prickly.sculpin.1,prickly.sculpin,0.862111447,0.032592486,0.928571463,0.001981735,TRUE,0.872758501,trait affects abundance,28.60249149,0.310344828,0.551724138,0.071106292,15.0935315,29,Fish,1.462397998,1.456403865,-0.095281876,1.178790865,prickly.sculpin,Cottidae
754,754,26,SM2,fathead.minnow.1,fathead.minnow,0.966677724,9.79E-05,1.000000119,0.000836611,TRUE,0.978616168,trait affects abundance,9.55189359,0.310344828,0.551724138,0.071106292,15.0935315,29,Fish,1.462397998,0.980089476,-0.122256231,1.178790865,fathead.minnow,Cyprinidae
755,755,27,SM2,red.shiner.1,red.shiner,0.919282992,0.03931861,1.000000119,0.000836611,TRUE,0.930636112,trait affects abundance,4.753409302,0.310344828,0.551724138,0.071106292,15.0935315,29,Fish,1.462397998,0.677005212,0.41606629,1.178790865,red.shiner,Cyprinidae
756,756,28,SM2,shimofuri.goby.1,shimofuri.goby,0.969123344,0.252584293,1.000000119,0.000836611,FALSE,0.981091992,trait affects abundance,14.5433158,0.310344828,0.551724138,0.071106292,15.0935315,29,Fish,1.462397998,1.162663435,-0.230695812,1.178790865,shimofuri.goby,Oxudercidae
757,757,29,SM2,rainwater.killifish.1,rainwater.killifish,0.985070647,0.413888867,-0.785714328,0.00937477,FALSE,0.997236243,trait affects abundance,2.514103757,0.310344828,0.551724138,0.071106292,15.0935315,29,Fish,1.462397998,0.400383197,-0.193983105,1.178790865,rainwater.killifish,Fundulidae
758,758,30,SM2,Chinook.salmon,Chinook.salmon.1,0.363954558,0.488308655,0,1,FALSE,0.368449387,abundance affects trait,40.17556585,0.310344828,0.551724138,0.071106292,15.0935315,29,Fish,1.462397998,1.603962002,0.297755702,1.178790865,Chinook.salmon.1,Salmonidae
759,759,31,SM2,Delta.smelt,Delta.smelt.1,0.932834325,2.64E-05,1.000000119,0.000836611,TRUE,0.944354804,abundance affects trait,48.76281114,0.310344828,0.551724138,0.071106292,15.0935315,29,Fish,1.462397998,1.688088734,-0.033023892,1.178790865,Delta.smelt.1,Osmeridae
760,760,32,SM2,steelhead.trout,steelhead.trout.1,0.021658221,0.380328244,-0.642857194,0.035447899,FALSE,0.021925699,abundance affects trait,1019.904516,0.310344828,0.551724138,0.071106292,15.0935315,29,Fish,1.462397998,3.008559515,0.069850814,1.178790865,steelhead.trout.1,Salmonidae
761,761,33,SM2,tule.perch,tule.perch.1,0.748521034,0.001851042,1.000000119,0.000836611,TRUE,0.757765249,abundance affects trait,93.52543646,0.310344828,0.551724138,0.071106292,15.0935315,29,Fish,1.462397998,1.970929744,0.041684335,1.178790865,tule.perch.1,Embiotocidae
762,762,34,SM2,Pacific.staghorn.sculpin,Pacific.staghorn.sculpin.1,0.769195626,0.016630805,1.000000119,0.000836611,TRUE,0.778695171,abundance affects trait,39.20855622,0.310344828,0.551724138,0.071106292,15.0935315,29,Fish,1.462397998,1.593380851,-0.056413153,1.178790865,Pacific.staghorn.sculpin.1,Cottidae
763,763,35,SM2,Sacramento.pikeminnow,Sacramento.pikeminnow.1,0.562337793,0.002428917,1.000000119,0.000836611,TRUE,0.56928265,abundance affects trait,146.169573,0.310344828,0.551724138,0.071106292,15.0935315,29,Fish,1.462397998,2.164856978,0.07909554,1.178790865,Sacramento.pikeminnow.1,Cyprinidae
764,764,36,SM2,striped.bass,striped.bass.1,0.225827802,0.158195663,0.928571463,0.001981735,FALSE,0.228616769,abundance affects trait,130.663542,0.310344828,0.551724138,0.071106292,15.0935315,29,Fish,1.462397998,2.116154427,0.072322972,1.178790865,striped.bass.1,Moronidae
765,765,37,SM2,yellowfin.goby,yellowfin.goby.1,0.860941497,6.19E-06,1.000000119,0.000836611,TRUE,0.871574102,abundance affects trait,88.13668994,0.310344828,0.551724138,0.071106292,15.0935315,29,Fish,1.462397998,1.945156736,0.030864215,1.178790865,yellowfin.goby.1,Oxudercidae
766,766,38,SM2,splittail,splittail.1,0.171779049,0.312017853,1.000000119,0.000836611,FALSE,0.173900516,abundance affects trait,34.03858171,0.310344828,0.551724138,0.071106292,15.0935315,29,Fish,1.462397998,1.531971456,0.449478494,1.178790865,splittail.1,Cyprinidae
767,767,39,SM2,Mississippi.silverside,Mississippi.silverside.1,0.317822071,0.223057677,0.928571463,0.001981735,FALSE,0.321747165,abundance affects trait,35.26042521,0.310344828,0.551724138,0.071106292,15.0935315,29,Fish,1.462397998,1.547287545,0.707760043,1.178790865,Mississippi.silverside.1,Atherinidae
768,768,40,SM2,threadfin.shad,threadfin.shad.1,0.558817895,0.140438986,1.000000119,0.000836611,FALSE,0.565719281,abundance affects trait,72.04144711,0.310344828,0.551724138,0.071106292,15.0935315,29,Fish,1.462397998,1.857582428,0.42563715,1.178790865,threadfin.shad.1,Dorosomatidae
769,769,41,SM2,threespine.stickleback,threespine.stickleback.1,0.669470225,0.118115871,1.000000119,0.000836611,FALSE,0.677738164,abundance affects trait,5.097840488,0.310344828,0.551724138,0.071106292,15.0935315,29,Fish,1.462397998,0.707386242,-0.082135242,1.178790865,threespine.stickleback.1,Gasterosteidae
770,770,42,SM2,golden.shiner,golden.shiner.1,0.633356166,0.020571694,1.000000119,0.000836611,TRUE,0.641178098,abundance affects trait,85.7121296,0.310344828,0.551724138,0.071106292,15.0935315,29,Fish,1.462397998,1.933042286,0.034062033,1.178790865,golden.shiner.1,Cyprinidae
771,771,43,SM2,Sacramento.sucker,Sacramento.sucker.1,0.305268353,0.136250247,1.000000119,0.000836611,FALSE,0.309038409,abundance affects trait,16.5668211,0.310344828,0.551724138,0.071106292,15.0935315,29,Fish,1.462397998,1.219239182,0.287186768,1.178790865,Sacramento.sucker.1,Catostomidae
772,772,44,SM2,western.mosquitofish,western.mosquitofish.1,0.414978174,0.219467556,1.000000119,0.000836611,FALSE,0.420103143,abundance affects trait,4.624472171,0.310344828,0.551724138,0.071106292,15.0935315,29,Fish,1.462397998,0.66506217,0.126301539,1.178790865,western.mosquitofish.1,Poeciliidae
773,773,45,SM2,bigscale.logperch,bigscale.logperch.1,0.735790951,0.006599758,1.000000119,0.000836611,TRUE,0.74487795,abundance affects trait,68.70020255,0.310344828,0.551724138,0.071106292,15.0935315,29,Fish,1.462397998,1.836958017,0.002310912,1.178790865,bigscale.logperch.1,Percidae
774,774,46,SM2,smallmouth.bass,smallmouth.bass.1,0.983979137,1.24E-08,1.000000119,0.000836611,TRUE,0.996131253,abundance affects trait,79.65014605,0.310344828,0.551724138,0.071106292,15.0935315,29,Fish,1.462397998,1.901186576,-0.110003347,1.178790865,smallmouth.bass.1,Centrarchidae
775,775,47,SM2,redear.sunfish,redear.sunfish.1,0.917203171,0.001388021,1.000000119,0.000836611,TRUE,0.928530606,abundance affects trait,289.9527136,0.310344828,0.551724138,0.071106292,15.0935315,29,Fish,1.462397998,2.462327178,-0.085972383,1.178790865,redear.sunfish.1,Centrarchidae
776,776,48,SM2,American.shad,American.shad.1,0.582707845,0.225494075,1.000000119,0.000836611,FALSE,0.589904271,abundance affects trait,36.88385657,0.310344828,0.551724138,0.071106292,15.0935315,29,Fish,1.462397998,1.566836324,-0.007505046,1.178790865,American.shad.1,Alosidae
777,777,49,SM2,bluegill,bluegill.1,0.808832678,0.033183947,1.000000119,0.000836611,TRUE,0.81882174,abundance affects trait,57.7306938,0.310344828,0.551724138,0.071106292,15.0935315,29,Fish,1.462397998,1.761406777,-0.031373662,1.178790865,bluegill.1,Centrarchidae
778,778,50,SM2,black.crappie,black.crappie.1,0.966012312,9.60E-06,1.000000119,0.000836611,TRUE,0.977942538,abundance affects trait,179.3451703,0.310344828,0.551724138,0.071106292,15.0935315,29,Fish,1.462397998,2.253689686,-0.110910159,1.178790865,black.crappie.1,Centrarchidae
779,779,51,SM2,common.carp,common.carp.1,0.846638218,0.071060308,1.000000119,0.000836611,FALSE,0.857094178,abundance affects trait,1546.261068,0.310344828,0.551724138,0.071106292,15.0935315,29,Fish,1.462397998,3.189282821,-0.163085915,1.178790865,common.carp.1,Ariidae
780,780,52,SM2,hitch,hitch.1,0.865201421,0.00032182,1.000000119,0.000836611,TRUE,0.875886636,abundance affects trait,203.2905681,0.310344828,0.551724138,0.071106292,15.0935315,29,Fish,1.462397998,2.308117229,-0.010318493,1.178790865,hitch.1,Cyprinidae
781,781,53,SM2,largemouth.bass,largemouth.bass.1,0.928080073,2.96E-08,1.000000119,0.000836611,TRUE,0.939541837,abundance affects trait,236.874024,0.310344828,0.551724138,0.071106292,15.0935315,29,Fish,1.462397998,2.374517438,-0.030818103,1.178790865,largemouth.bass.1,Centrarchidae
782,782,54,SM2,prickly.sculpin,prickly.sculpin.1,0.68888997,0.198590837,0.928571463,0.001981735,FALSE,0.697397743,abundance affects trait,28.60249149,0.310344828,0.551724138,0.071106292,15.0935315,29,Fish,1.462397998,1.456403865,-0.095281876,1.178790865,prickly.sculpin.1,Cottidae
783,783,55,SM2,fathead.minnow,fathead.minnow.1,0.930040292,0.062631294,1.000000119,0.000836611,FALSE,0.941526265,abundance affects trait,9.55189359,0.310344828,0.551724138,0.071106292,15.0935315,29,Fish,1.462397998,0.980089476,-0.122256231,1.178790865,fathead.minnow.1,Cyprinidae
784,784,56,SM2,red.shiner,red.shiner.1,0.633052388,0.460082418,0.785714328,0.009374738,FALSE,0.640870568,abundance affects trait,4.753409302,0.310344828,0.551724138,0.071106292,15.0935315,29,Fish,1.462397998,0.677005212,0.41606629,1.178790865,red.shiner.1,Cyprinidae
785,785,57,SM2,shimofuri.goby,shimofuri.goby.1,0.987800688,0.059073218,1.000000119,0.000836611,FALSE,1,abundance affects trait,14.5433158,0.310344828,0.551724138,0.071106292,15.0935315,29,Fish,1.462397998,1.162663435,-0.230695812,1.178790865,shimofuri.goby.1,Oxudercidae
786,786,58,SM2,rainwater.killifish,rainwater.killifish.1,0.840817164,0.204099146,0.785714328,0.009374738,FALSE,0.851201233,abundance affects trait,2.514103757,0.310344828,0.551724138,0.071106292,15.0935315,29,Fish,1.462397998,0.400383197,-0.193983105,1.178790865,rainwater.killifish.1,Fundulidae
787,787,1,OR2,Mississippi.silverside.1,Mississippi.silverside,0.058051341,0.434958131,0.666666627,0.308179498,FALSE,0.05807732,trait affects abundance,34.36173537,1,1,0.077287298,17.22774576,28,Fish,1.447158031,1.536075089,0.780724229,1.236228454,Mississippi.silverside,Atherinidae
788,788,2,OR2,American.shad.1,American.shad,0.811991948,0.095791803,NA,NA,FALSE,0.812355328,trait affects abundance,35.81039969,1,1,0.077287298,17.22774576,28,Fish,1.447158031,1.554009168,0.102431739,1.236228454,American.shad,Alosidae
789,789,3,OR2,Chinook.salmon.1,Chinook.salmon,0.055557563,0.442983397,-0.99999994,0.089429371,FALSE,0.055582426,trait affects abundance,115.1482819,1,1,0.077287298,17.22774576,28,Fish,1.447158031,2.061257462,0.185303666,1.236228454,Chinook.salmon,Salmonidae
790,790,4,OR2,yellowfin.goby.1,yellowfin.goby,0.61764955,0.019737619,0.99999994,0.089429379,FALSE,0.617925959,trait affects abundance,101.8423982,1,1,0.077287298,17.22774576,28,Fish,1.447158031,2.007928618,0.012990399,1.236228454,yellowfin.goby,Oxudercidae
791,791,5,OR2,striped.bass.1,striped.bass,0.160935732,0.466632041,-0.666666627,0.308179498,FALSE,0.161007753,trait affects abundance,1036.461666,1,1,0.077287298,17.22774576,28,Fish,1.447158031,3.015553244,0.032533449,1.236228454,striped.bass,Moronidae
792,792,6,OR2,Sacramento.pikeminnow.1,Sacramento.pikeminnow,0.006985155,0.490347465,NA,NA,FALSE,0.006988281,trait affects abundance,192.2756082,1,1,0.077287298,17.22774576,28,Fish,1.447158031,2.283924194,0.068909077,1.236228454,Sacramento.pikeminnow,Cyprinidae
793,793,7,OR2,Pacific.staghorn.sculpin.1,Pacific.staghorn.sculpin,0.855162673,0.177469159,0.99999994,0.089429379,FALSE,0.855545373,trait affects abundance,55.28709192,1,1,0.077287298,17.22774576,28,Fish,1.447158031,1.742623747,-0.078089257,1.236228454,Pacific.staghorn.sculpin,Cottidae
794,794,8,OR2,largemouth.bass.1,largemouth.bass,0.237781236,0.217264296,0.99999994,0.089429379,FALSE,0.237887647,trait affects abundance,224.0204317,1,1,0.077287298,17.22774576,28,Fish,1.447158031,2.35028763,-0.017745152,1.236228454,largemouth.bass,Centrarchidae
795,795,9,OR2,golden.shiner.1,golden.shiner,0.081680142,0.388366099,NA,NA,FALSE,0.081716696,trait affects abundance,81.71156516,1,1,0.077287298,17.22774576,28,Fish,1.447158031,1.912283529,0.154945605,1.236228454,golden.shiner,Cyprinidae
796,796,10,OR2,threadfin.shad.1,threadfin.shad,0.256423372,0.216234644,0.99999994,0.089429379,FALSE,0.256538126,trait affects abundance,56.52370379,1,1,0.077287298,17.22774576,28,Fish,1.447158031,1.752230612,0.684276112,1.236228454,threadfin.shad,Dorosomatidae
797,797,11,OR2,bluegill.1,bluegill,0,0.5,1,1,FALSE,0,trait affects abundance,66.54673888,1,1,0.077287298,17.22774576,28,Fish,1.447158031,1.823126778,0.049516526,1.236228454,bluegill,Centrarchidae
798,798,12,OR2,western.mosquitofish.1,western.mosquitofish,0.39846027,0.472204049,0.333333313,0.734095216,FALSE,0.398638587,trait affects abundance,4.846834077,1,1,0.077287298,17.22774576,28,Fish,1.447158031,0.685458153,0.132760368,1.236228454,western.mosquitofish,Poeciliidae
799,799,13,OR2,splittail.1,splittail,0.026523262,0.464575227,-0.99999994,0.089429371,FALSE,0.026535131,trait affects abundance,43.28862309,1,1,0.077287298,17.22774576,28,Fish,1.447158031,1.636373772,0.380419679,1.236228454,splittail,Cyprinidae
800,800,14,OR2,smallmouth.bass.1,smallmouth.bass,0.784312183,0.192651479,0.99999994,0.089429379,FALSE,0.784663175,trait affects abundance,124.5724535,1,1,0.077287298,17.22774576,28,Fish,1.447158031,2.095422018,-0.194574665,1.236228454,smallmouth.bass,Centrarchidae
801,801,15,OR2,red.shiner.1,red.shiner,0.80126436,0.054775587,0.99999994,0.089429379,FALSE,0.801622939,trait affects abundance,6.220405083,1,1,0.077287298,17.22774576,28,Fish,1.447158031,0.793818668,0.329440017,1.236228454,red.shiner,Cyprinidae
802,802,16,OR2,redear.sunfish.1,redear.sunfish,0.559797484,0.164413308,0.99999994,0.089429379,FALSE,0.560048003,trait affects abundance,282.1744379,1,1,0.077287298,17.22774576,28,Fish,1.447158031,2.450517669,0.015438052,1.236228454,redear.sunfish,Centrarchidae
803,803,17,OR2,bigscale.logperch.1,bigscale.logperch,0.854072878,0.012543015,0.99999994,0.089429379,FALSE,0.85445509,trait affects abundance,72.73914309,1,1,0.077287298,17.22774576,28,Fish,1.447158031,1.861768181,-0.03618488,1.236228454,bigscale.logperch,Percidae
804,804,18,OR2,prickly.sculpin.1,prickly.sculpin,0.762578505,0.022006624,NA,NA,NA,0.762919771,trait affects abundance,42.54650382,1,1,0.077287298,17.22774576,28,Fish,1.447158031,1.628863879,-0.044367722,1.236228454,prickly.sculpin,prickly.sculpin
805,805,19,OR2,Sacramento.sucker.1,Sacramento.sucker,0.283543504,0.332524775,0.666666627,0.308179498,FALSE,0.283670395,trait affects abundance,9.857653368,1,1,0.077287298,17.22774576,28,Fish,1.447158031,0.993773543,0.404829159,1.236228454,Sacramento.sucker,Catostomidae
806,806,20,OR2,common.carp.1,common.carp,0.223177126,0.375309639,0.666666627,0.308179498,FALSE,0.223277002,trait affects abundance,1744.548866,1,1,0.077287298,17.22774576,28,Fish,1.447158031,3.241683139,0.0040119,1.236228454,common.carp,Ariidae
807,807,21,OR2,tule.perch.1,tule.perch,0.876424016,0.065803087,0.99999994,0.089429379,FALSE,0.876816231,trait affects abundance,76.567432,1,1,0.077287298,17.22774576,28,Fish,1.447158031,1.884044082,-0.05228029,1.236228454,tule.perch,Embiotocidae
808,808,22,OR2,rainwater.killifish.1,rainwater.killifish,0.971849208,0.000115919,0.99999994,0.089429379,FALSE,0.972284127,trait affects abundance,3.837090291,1,1,0.077287298,17.22774576,28,Fish,1.447158031,0.584002019,-0.06056104,1.236228454,rainwater.killifish,Fundulidae
809,809,23,OR2,hitch.1,hitch,0.859765333,0.096263091,0.99999994,0.089429379,FALSE,0.860150092,trait affects abundance,142.2603542,1,1,0.077287298,17.22774576,28,Fish,1.447158031,2.153083886,-0.02079847,1.236228454,hitch,Cyprinidae
810,810,24,OR2,threespine.stickleback.1,threespine.stickleback,0.840067253,0.098972929,0.99999994,0.089429379,FALSE,0.840443197,trait affects abundance,4.71989236,1,1,0.077287298,17.22774576,28,Fish,1.447158031,0.673932094,-0.034037161,1.236228454,threespine.stickleback,Gasterosteidae
811,811,25,OR2,spotted.bass.1,spotted.bass,0.945482814,0.098167338,0.99999994,0.089429379,FALSE,0.945905934,trait affects abundance,123.073157,1,1,0.077287298,17.22774576,28,Fish,1.447158031,2.090163341,-0.199005714,1.236228454,spotted.bass,Centrarchidae
812,812,26,OR2,shimofuri.goby.1,shimofuri.goby,0.912219896,0.015883775,0.99999994,0.089429379,FALSE,0.91262813,trait affects abundance,18.76714351,1,1,0.077287298,17.22774576,28,Fish,1.447158031,1.273398175,-0.111774175,1.236228454,shimofuri.goby,Oxudercidae
813,813,27,OR2,Siberian.prawn.1,Siberian.prawn,0.024702829,0.38697217,-0.99999994,0.089429371,FALSE,0.024713884,trait affects abundance,1.729099108,1,1,0.077287298,17.22774576,28,Fish,1.447158031,0.237819887,0.558180519,1.236228454,Siberian.prawn,Palaemonidae
814,814,28,OR2,black.crappie.1,black.crappie,0.806627443,0.301329487,0.99999994,0.089429379,FALSE,0.806988422,trait affects abundance,122.690265,1,1,0.077287298,17.22774576,28,Fish,1.447158031,2.088810105,-0.109446023,1.236228454,black.crappie,Centrarchidae
815,815,29,OR2,Mississippi.silverside,Mississippi.silverside.1,0.302454711,0.139724196,NA,NA,FALSE,0.302590065,abundance affects trait,34.36173537,1,1,0.077287298,17.22774576,28,Fish,1.447158031,1.536075089,0.780724229,1.236228454,Mississippi.silverside.1,Atherinidae
816,816,30,OR2,American.shad,American.shad.1,0.215279057,0.404628838,0.99999994,0.089429379,FALSE,0.215375398,abundance affects trait,35.81039969,1,1,0.077287298,17.22774576,28,Fish,1.447158031,1.554009168,0.102431739,1.236228454,American.shad.1,Alosidae
817,817,31,OR2,Chinook.salmon,Chinook.salmon.1,0.367890962,0.154278897,NA,NA,FALSE,0.3680556,abundance affects trait,115.1482819,1,1,0.077287298,17.22774576,28,Fish,1.447158031,2.061257462,0.185303666,1.236228454,Chinook.salmon.1,Salmonidae
818,818,32,OR2,yellowfin.goby,yellowfin.goby.1,0.195185777,0.347631315,0.99999994,0.089429379,FALSE,0.195273126,abundance affects trait,101.8423982,1,1,0.077287298,17.22774576,28,Fish,1.447158031,2.007928618,0.012990399,1.236228454,yellowfin.goby.1,Oxudercidae
819,819,33,OR2,striped.bass,striped.bass.1,0.034672581,0.452179188,0.666666627,0.308179498,FALSE,0.034688097,abundance affects trait,1036.461666,1,1,0.077287298,17.22774576,28,Fish,1.447158031,3.015553244,0.032533449,1.236228454,striped.bass.1,Moronidae
820,820,34,OR2,Sacramento.pikeminnow,Sacramento.pikeminnow.1,0.207452618,0.23293329,NA,NA,FALSE,0.207545456,abundance affects trait,192.2756082,1,1,0.077287298,17.22774576,28,Fish,1.447158031,2.283924194,0.068909077,1.236228454,Sacramento.pikeminnow.1,Cyprinidae
821,821,35,OR2,Pacific.staghorn.sculpin,Pacific.staghorn.sculpin.1,0.953373922,0.013889243,0.99999994,0.089429379,FALSE,0.953800572,abundance affects trait,55.28709192,1,1,0.077287298,17.22774576,28,Fish,1.447158031,1.742623747,-0.078089257,1.236228454,Pacific.staghorn.sculpin.1,Cottidae
822,822,36,OR2,largemouth.bass,largemouth.bass.1,0.16012783,0.4437044,0.333333313,0.734095216,FALSE,0.16019949,abundance affects trait,224.0204317,1,1,0.077287298,17.22774576,28,Fish,1.447158031,2.35028763,-0.017745152,1.236228454,largemouth.bass.1,Centrarchidae
823,823,37,OR2,golden.shiner,golden.shiner.1,0.125756953,0.330710032,0.666666627,0.308179498,FALSE,0.125813232,abundance affects trait,81.71156516,1,1,0.077287298,17.22774576,28,Fish,1.447158031,1.912283529,0.154945605,1.236228454,golden.shiner.1,Cyprinidae
824,824,38,OR2,threadfin.shad,threadfin.shad.1,0.189364433,0.253347825,NA,NA,FALSE,0.189449177,abundance affects trait,56.52370379,1,1,0.077287298,17.22774576,28,Fish,1.447158031,1.752230612,0.684276112,1.236228454,threadfin.shad.1,Dorosomatidae
825,825,39,OR2,bluegill,bluegill.1,0.015900874,0.478034621,0.707106709,0.371093273,FALSE,0.01590799,abundance affects trait,66.54673888,1,1,0.077287298,17.22774576,28,Fish,1.447158031,1.823126778,0.049516526,1.236228454,bluegill.1,Centrarchidae
826,826,40,OR2,western.mosquitofish,western.mosquitofish.1,0,0.5,1,1,FALSE,0,abundance affects trait,4.846834077,1,1,0.077287298,17.22774576,28,Fish,1.447158031,0.685458153,0.132760368,1.236228454,western.mosquitofish.1,Poeciliidae
827,827,41,OR2,splittail,splittail.1,0.193039177,0.316891252,0.99999994,0.089429379,FALSE,0.193125565,abundance affects trait,43.28862309,1,1,0.077287298,17.22774576,28,Fish,1.447158031,1.636373772,0.380419679,1.236228454,splittail.1,Cyprinidae
828,828,42,OR2,smallmouth.bass,smallmouth.bass.1,0.975436293,0.001121758,0.99999994,0.089429379,FALSE,0.975872817,abundance affects trait,124.5724535,1,1,0.077287298,17.22774576,28,Fish,1.447158031,2.095422018,-0.194574665,1.236228454,smallmouth.bass.1,Centrarchidae
829,829,43,OR2,red.shiner,red.shiner.1,0.460806647,0.21233271,0.99999994,0.089429379,FALSE,0.461012866,abundance affects trait,6.220405083,1,1,0.077287298,17.22774576,28,Fish,1.447158031,0.793818668,0.329440017,1.236228454,red.shiner.1,Cyprinidae
830,830,44,OR2,redear.sunfish,redear.sunfish.1,0.694933576,0.177551693,0.99999994,0.089429379,FALSE,0.69524457,abundance affects trait,282.1744379,1,1,0.077287298,17.22774576,28,Fish,1.447158031,2.450517669,0.015438052,1.236228454,redear.sunfish.1,Centrarchidae
831,831,45,OR2,bigscale.logperch,bigscale.logperch.1,0.899581278,0.002506004,0.99999994,0.089429379,FALSE,0.899983856,abundance affects trait,72.73914309,1,1,0.077287298,17.22774576,28,Fish,1.447158031,1.861768181,-0.03618488,1.236228454,bigscale.logperch.1,Percidae
832,832,46,OR2,prickly.sculpin,prickly.sculpin.1,0.85513771,0.009443125,0.99999994,0.089429379,FALSE,0.855520398,abundance affects trait,42.54650382,1,1,0.077287298,17.22774576,28,Fish,1.447158031,1.628863879,-0.044367722,1.236228454,prickly.sculpin.1,Cottidae
833,833,47,OR2,Sacramento.sucker,Sacramento.sucker.1,0.411010255,0.077778505,0.99999994,0.089429379,FALSE,0.411194189,abundance affects trait,9.857653368,1,1,0.077287298,17.22774576,28,Fish,1.447158031,0.993773543,0.404829159,1.236228454,Sacramento.sucker.1,Catostomidae
834,834,48,OR2,common.carp,common.carp.1,0.28438199,0.476014634,0.666666627,0.308179498,FALSE,0.284509256,abundance affects trait,1744.548866,1,1,0.077287298,17.22774576,28,Fish,1.447158031,3.241683139,0.0040119,1.236228454,common.carp.1,Ariidae
835,835,49,OR2,tule.perch,tule.perch.1,0.78031823,0.329009411,0.99999994,0.089429379,FALSE,0.780667436,abundance affects trait,76.567432,1,1,0.077287298,17.22774576,28,Fish,1.447158031,1.884044082,-0.05228029,1.236228454,tule.perch.1,Embiotocidae
836,836,50,OR2,rainwater.killifish,rainwater.killifish.1,0.951262752,0.001411196,0.99999994,0.089429379,FALSE,0.951688458,abundance affects trait,3.837090291,1,1,0.077287298,17.22774576,28,Fish,1.447158031,0.584002019,-0.06056104,1.236228454,rainwater.killifish.1,Fundulidae
837,837,51,OR2,hitch,hitch.1,0.658715532,0.076526516,0.99999994,0.089429379,FALSE,0.659010319,abundance affects trait,142.2603542,1,1,0.077287298,17.22774576,28,Fish,1.447158031,2.153083886,-0.02079847,1.236228454,hitch.1,Cyprinidae
838,838,52,OR2,threespine.stickleback,threespine.stickleback.1,0.698992705,0.373776745,0.99999994,0.089429379,FALSE,0.699305516,abundance affects trait,4.71989236,1,1,0.077287298,17.22774576,28,Fish,1.447158031,0.673932094,-0.034037161,1.236228454,threespine.stickleback.1,Gasterosteidae
839,839,53,OR2,spotted.bass,spotted.bass.1,0.999552683,0,0.99999994,0.089429379,FALSE,1,abundance affects trait,123.073157,1,1,0.077287298,17.22774576,28,Fish,1.447158031,2.090163341,-0.199005714,1.236228454,spotted.bass.1,Centrarchidae
840,840,54,OR2,shimofuri.goby,shimofuri.goby.1,0.874106553,0.045674331,0.99999994,0.089429379,FALSE,0.874497731,abundance affects trait,18.76714351,1,1,0.077287298,17.22774576,28,Fish,1.447158031,1.273398175,-0.111774175,1.236228454,shimofuri.goby.1,Oxudercidae
841,841,55,OR2,Siberian.prawn,Siberian.prawn.1,0.395206088,0.249453981,0.99999994,0.089429379,FALSE,0.39538295,abundance affects trait,1.729099108,1,1,0.077287298,17.22774576,28,Fish,1.447158031,0.237819887,0.558180519,1.236228454,Siberian.prawn.1,Palaemonidae
842,842,56,OR2,black.crappie,black.crappie.1,0.943926212,0.019464745,0.99999994,0.089429379,FALSE,0.944348635,abundance affects trait,122.690265,1,1,0.077287298,17.22774576,28,Fish,1.447158031,2.088810105,-0.109446023,1.236228454,black.crappie.1,Centrarchidae
843,843,1,AL2,BLACKCRAPPIE.1,BLACKCRAPPIE,0.290251198,0.237517181,0.99999994,0.008534908,FALSE,0.385934212,trait affects abundance,509.3766691,0.909090909,1,0.013687469,10.94321427,11,Fish,1.041392685,2.707039049,0.465817094,1.039144903,BLACKCRAPPIE,Centrarchidae
844,844,2,AL2,BLACKNOSESHINER.1,BLACKNOSESHINER,0.319796107,0.317741079,0.99999994,0.008534908,FALSE,0.425218773,trait affects abundance,18.33833224,0.909090909,1,0.013687469,10.94321427,11,Fish,1.041392685,1.263359837,-0.050968948,1.039144903,BLACKNOSESHINER,Cyprinidae
845,845,3,AL2,BLUEGILL.1,BLUEGILL,0,0.5,1,1,FALSE,0,trait affects abundance,331.7967059,0.909090909,1,0.013687469,10.94321427,11,Fish,1.041392685,2.52087207,1.077194046,1.039144903,BLUEGILL,Centrarchidae
846,846,4,AL2,BLUNTNOSEMINNOW.1,BLUNTNOSEMINNOW,0.361225584,0.099173055,0.99999994,0.008534908,FALSE,0.480305721,trait affects abundance,26.69146864,0.909090909,1,0.013687469,10.94321427,11,Fish,1.041392685,1.426372471,0.650250925,1.039144903,BLUNTNOSEMINNOW,Cyprinidae
847,847,5,AL2,COMMONSHINER.1,COMMONSHINER,0.190008967,0.210512854,0.966091692,0.012898922,FALSE,0.25264654,trait affects abundance,165.7899251,0.909090909,1,0.013687469,10.94321427,11,Fish,1.041392685,2.219558135,0.106267024,1.039144903,COMMONSHINER,Cyprinidae
848,848,6,AL2,GOLDENSHINER.1,GOLDENSHINER,0.58933728,0.028708124,0.99999994,0.008534908,TRUE,0.783615779,trait affects abundance,169.4906986,0.909090909,1,0.013687469,10.94321427,11,Fish,1.041392685,2.22914587,0.39986371,1.039144903,GOLDENSHINER,Cyprinidae
849,849,7,AL2,IOWADARTER.1,IOWADARTER,0.724052252,0.095440401,0.99999994,0.008534908,FALSE,0.962740333,trait affects abundance,14.36320649,0.909090909,1,0.013687469,10.94321427,11,Fish,1.041392685,1.157251404,-0.669057055,1.039144903,IOWADARTER,Percidae
850,850,8,AL2,JOHNNYDARTER.1,JOHNNYDARTER,0.44833241,0.159592156,0.73333329,0.060289145,FALSE,0.596127824,trait affects abundance,13.43694613,0.909090909,1,0.013687469,10.94321427,11,Fish,1.041392685,1.128300576,0.131679325,1.039144903,JOHNNYDARTER,Percidae
851,851,9,AL2,LARGEMOUTHBASS.1,LARGEMOUTHBASS,0.645184505,0.085760266,0.99999994,0.008534908,FALSE,0.857873369,trait affects abundance,218.4751378,0.909090909,1,0.013687469,10.94321427,11,Fish,1.041392685,2.339402022,0.826049429,1.039144903,LARGEMOUTHBASS,Centrarchidae
852,852,10,AL2,LOGPERCH.1,LOGPERCH,0.514239589,0.097522592,0.99999994,0.008534908,FALSE,0.683761692,trait affects abundance,70.98549479,0.909090909,1,0.013687469,10.94321427,11,Fish,1.041392685,1.851169614,-0.17810078,1.039144903,LOGPERCH,Percidae
853,853,11,AL2,MIMICSHINER.1,MIMICSHINER,0.752074289,0.135971242,0.99999994,0.008534908,FALSE,1,trait affects abundance,16.09483128,0.909090909,1,0.013687469,10.94321427,11,Fish,1.041392685,1.206686428,-0.47264268,1.039144903,MIMICSHINER,Cyprinidae
854,854,12,AL2,BLACKCRAPPIE,BLACKCRAPPIE.1,0.356062808,0.328625422,0.599999964,0.132854939,FALSE,0.473441006,abundance affects trait,509.3766691,0.909090909,1,0.013687469,10.94321427,11,Fish,1.041392685,2.707039049,0.465817094,1.039144903,BLACKCRAPPIE.1,Centrarchidae
855,855,13,AL2,BLACKNOSESHINER,BLACKNOSESHINER.1,0.237865516,0.284347765,0.599999964,0.132854939,FALSE,0.316279281,abundance affects trait,18.33833224,0.909090909,1,0.013687469,10.94321427,11,Fish,1.041392685,1.263359837,-0.050968948,1.039144903,BLACKNOSESHINER.1,Cyprinidae
856,856,14,AL2,BLUEGILL,BLUEGILL.1,0.358572481,0.089900125,0.99999994,0.008534908,FALSE,0.476778007,abundance affects trait,331.7967059,0.909090909,1,0.013687469,10.94321427,11,Fish,1.041392685,2.52087207,1.077194046,1.039144903,BLUEGILL.1,Centrarchidae
857,857,15,AL2,BLUNTNOSEMINNOW,BLUNTNOSEMINNOW.1,0.191983862,0.293378111,0.99999994,0.008534908,FALSE,0.255272471,abundance affects trait,26.69146864,0.909090909,1,0.013687469,10.94321427,11,Fish,1.041392685,1.426372471,0.650250925,1.039144903,BLUNTNOSEMINNOW.1,Cyprinidae
858,858,16,AL2,COMMONSHINER,COMMONSHINER.1,0.01450944,0.475798428,0.845154226,0.019067407,FALSE,0.019292562,abundance affects trait,165.7899251,0.909090909,1,0.013687469,10.94321427,11,Fish,1.041392685,2.219558135,0.106267024,1.039144903,COMMONSHINER.1,Cyprinidae
859,859,17,AL2,GOLDENSHINER,GOLDENSHINER.1,0.168059537,0.497512614,-0.066666663,1,FALSE,0.223461352,abundance affects trait,169.4906986,0.909090909,1,0.013687469,10.94321427,11,Fish,1.041392685,2.22914587,0.39986371,1.039144903,GOLDENSHINER.1,Cyprinidae
860,860,18,AL2,IOWADARTER,IOWADARTER.1,0.424131826,0.094392787,0.99999994,0.008534908,FALSE,0.563949376,abundance affects trait,14.36320649,0.909090909,1,0.013687469,10.94321427,11,Fish,1.041392685,1.157251404,-0.669057055,1.039144903,IOWADARTER.1,Percidae
861,861,19,AL2,JOHNNYDARTER,JOHNNYDARTER.1,0.302468734,0.137388242,0.99999994,0.008534908,FALSE,0.402179331,abundance affects trait,13.43694613,0.909090909,1,0.013687469,10.94321427,11,Fish,1.041392685,1.128300576,0.131679325,1.039144903,JOHNNYDARTER.1,Percidae
862,862,20,AL2,LARGEMOUTHBASS,LARGEMOUTHBASS.1,0.470604602,0.253682302,0.99999994,0.008534908,FALSE,0.625742175,abundance affects trait,218.4751378,0.909090909,1,0.013687469,10.94321427,11,Fish,1.041392685,2.339402022,0.826049429,1.039144903,LARGEMOUTHBASS.1,Centrarchidae
863,863,21,AL2,LOGPERCH,LOGPERCH.1,0.369815067,0.088979172,0.99999994,0.008534908,FALSE,0.491726778,abundance affects trait,70.98549479,0.909090909,1,0.013687469,10.94321427,11,Fish,1.041392685,1.851169614,-0.17810078,1.039144903,LOGPERCH.1,Percidae
864,864,22,AL2,MIMICSHINER,MIMICSHINER.1,0.1542947,0.348975845,-0.99999994,0.008534921,FALSE,0.205158855,abundance affects trait,16.09483128,0.909090909,1,0.013687469,10.94321427,11,Fish,1.041392685,1.206686428,-0.47264268,1.039144903,MIMICSHINER.1,Cyprinidae
865,865,1,BM2,BLUEGILL.1,BLUEGILL,0.3100389,0.145199776,0.99999994,0.008534908,FALSE,0.353517353,trait affects abundance,144.6294448,0.833333333,1,0.017625043,9.691206907,18,Fish,1.255272505,2.160256719,0.320390556,0.986377866,BLUEGILL,Centrarchidae
866,866,2,BM2,BLUNTNOSEMINNOW.1,BLUNTNOSEMINNOW,0.226970919,0.184921336,0.99999994,0.008534908,FALSE,0.258800294,trait affects abundance,45.90157053,0.833333333,1,0.017625043,9.691206907,18,Fish,1.255272505,1.661827545,0.67911306,0.986377866,BLUNTNOSEMINNOW,Cyprinidae
867,867,3,BM2,CISCO.1,CISCO,0.429042382,0.073584291,0.99999994,0.008534908,FALSE,0.489209346,trait affects abundance,2588.100052,0.833333333,1,0.017625043,9.691206907,18,Fish,1.255272505,3.412981061,0.573802632,0.986377866,CISCO,Salmonidae
868,868,4,BM2,IOWADARTER.1,IOWADARTER,0.877011826,0.037034272,0.99999994,0.008534908,TRUE,1,trait affects abundance,8.515488227,0.833333333,1,0.017625043,9.691206907,18,Fish,1.255272505,0.930209553,-0.741634417,0.986377866,IOWADARTER,Percidae
869,869,5,BM2,JOHNNYDARTER.1,JOHNNYDARTER,0.209442865,0.196099404,0.866666615,0.024170518,FALSE,0.238814186,trait affects abundance,15.0409276,0.833333333,1,0.017625043,9.691206907,18,Fish,1.255272505,1.177274621,-0.092540446,0.986377866,JOHNNYDARTER,Percidae
870,870,6,BM2,LARGEMOUTHBASS.1,LARGEMOUTHBASS,0.706627394,0.226135136,0.99999994,0.008534908,FALSE,0.805721625,trait affects abundance,38.84034898,0.833333333,1,0.017625043,9.691206907,18,Fish,1.255272505,1.589283123,-0.058681851,0.986377866,LARGEMOUTHBASS,Centrarchidae
871,871,7,BM2,LOGPERCH.1,LOGPERCH,0.819397825,0.109054454,0.90476191,0.006863832,FALSE,0.934306471,trait affects abundance,67.46806579,0.833333333,1,0.017625043,9.691206907,18,Fish,1.255272505,1.82909826,-0.290326779,0.986377866,LOGPERCH,Percidae
872,872,8,BM2,MIMICSHINER.1,MIMICSHINER,0.248280066,0.235831651,0.99999994,0.008534908,FALSE,0.283097739,trait affects abundance,50.54216756,0.833333333,1,0.017625043,9.691206907,18,Fish,1.255272505,1.703653863,1.18160593,0.986377866,MIMICSHINER,Cyprinidae
873,873,9,BM2,NORTHERNPIKE.1,NORTHERNPIKE,0.77513803,0.009151897,1,0.002666712,TRUE,0.883839884,trait affects abundance,16018.74648,0.833333333,1,0.017625043,9.691206907,18,Fish,1.255272505,4.204628528,-0.036664453,0.986377866,NORTHERNPIKE,Esocidae
874,874,10,BM2,PUMPKINSEED.1,PUMPKINSEED,0.638363775,0.102799232,0.99999994,0.008534908,FALSE,0.727885024,trait affects abundance,238.84776,0.833333333,1,0.017625043,9.691206907,18,Fish,1.255272505,2.378121173,0.561981665,0.986377866,PUMPKINSEED,Centrarchidae
875,875,11,BM2,ROCKBASS.1,ROCKBASS,0.34913945,0.323150303,0.99999994,0.008534908,FALSE,0.398101188,trait affects abundance,358.5781678,0.833333333,1,0.017625043,9.691206907,18,Fish,1.255272505,2.554583844,0.532609267,0.986377866,ROCKBASS,Centrarchidae
876,876,12,BM2,SMALLMOUTHBASS.1,SMALLMOUTHBASS,0.35247942,0.127719427,0.99999994,0.008534908,FALSE,0.40190954,trait affects abundance,165.285484,0.833333333,1,0.017625043,9.691206907,18,Fish,1.255272505,2.218234714,0.757052999,0.986377866,SMALLMOUTHBASS,Centrarchidae
877,877,13,BM2,WALLEYE.1,WALLEYE,0.254251493,0.138416548,0.99999994,0.008534908,FALSE,0.289906573,trait affects abundance,1788.212579,0.833333333,1,0.017625043,9.691206907,18,Fish,1.255272505,3.252419146,0.643619302,0.986377866,WALLEYE,Percidae
878,878,14,BM2,WHITESUCKER.1,WHITESUCKER,0.525770153,0.102084102,0.99999994,0.008534908,FALSE,0.599501782,trait affects abundance,2282.774925,0.833333333,1,0.017625043,9.691206907,18,Fish,1.255272505,3.358463093,0.698333335,0.986377866,WHITESUCKER,Catostomidae
879,879,15,BM2,YELLOWPERCH.1,YELLOWPERCH,0.621322699,0.135951071,0.99999994,0.008534908,FALSE,0.708454186,trait affects abundance,69.4414795,0.833333333,1,0.017625043,9.691206907,18,Fish,1.255272505,1.841618965,2.043514758,0.986377866,YELLOWPERCH,Percidae
880,880,16,BM2,MUSKELLUNGE.1,MUSKELLUNGE,0.470993398,0.363929003,-0.90476191,0.006863796,FALSE,0.537043383,trait affects abundance,24438.50347,0.833333333,1,0.017625043,9.691206907,18,Fish,1.255272505,4.388074608,-0.773038503,0.986377866,MUSKELLUNGE,Esocidae
881,881,17,BM2,MOTTLEDSCULPIN.1,MOTTLEDSCULPIN,0.618080154,0.010668037,0.99999994,0.008534908,TRUE,0.70475692,trait affects abundance,25.47411726,0.833333333,1,0.017625043,9.691206907,18,Fish,1.255272505,1.406099144,-0.565193061,0.986377866,MOTTLEDSCULPIN,Cottidae
882,882,18,BM2,BURBOT.1,BURBOT,0.525610581,0.135898628,0.99999994,0.008534908,FALSE,0.599319833,trait affects abundance,223.407581,0.833333333,1,0.017625043,9.691206907,18,Fish,1.255272505,2.349097906,-0.751267766,0.986377866,BURBOT,Lotidae
883,883,19,BM2,BLUEGILL,BLUEGILL.1,0.350264799,0.152488702,1,0.002666712,FALSE,0.399384351,abundance affects trait,144.6294448,0.833333333,1,0.017625043,9.691206907,18,Fish,1.255272505,2.160256719,0.320390556,0.986377866,BLUEGILL.1,Centrarchidae
884,884,20,BM2,BLUNTNOSEMINNOW,BLUNTNOSEMINNOW.1,0.308197164,0.302942657,0.466666639,0.25965631,FALSE,0.351417341,abundance affects trait,45.90157053,0.833333333,1,0.017625043,9.691206907,18,Fish,1.255272505,1.661827545,0.67911306,0.986377866,BLUNTNOSEMINNOW.1,Cyprinidae
885,885,21,BM2,CISCO,CISCO.1,0.328657425,0.312029258,1,0.002666712,FALSE,0.374746856,abundance affects trait,2588.100052,0.833333333,1,0.017625043,9.691206907,18,Fish,1.255272505,3.412981061,0.573802632,0.986377866,CISCO.1,Salmonidae
886,886,22,BM2,IOWADARTER,IOWADARTER.1,0.418988752,0.404326548,0.466666639,0.25965631,FALSE,0.47774584,abundance affects trait,8.515488227,0.833333333,1,0.017625043,9.691206907,18,Fish,1.255272505,0.930209553,-0.741634417,0.986377866,IOWADARTER.1,Percidae
887,887,23,BM2,JOHNNYDARTER,JOHNNYDARTER.1,0,0.5,1,1,FALSE,0,abundance affects trait,15.0409276,0.833333333,1,0.017625043,9.691206907,18,Fish,1.255272505,1.177274621,-0.092540446,0.986377866,JOHNNYDARTER.1,Percidae
888,888,24,BM2,LARGEMOUTHBASS,LARGEMOUTHBASS.1,0.50266699,0.42971944,0.400000006,0.462432742,FALSE,0.573158737,abundance affects trait,38.84034898,0.833333333,1,0.017625043,9.691206907,18,Fish,1.255272505,1.589283123,-0.058681851,0.986377866,LARGEMOUTHBASS.1,Centrarchidae
889,889,25,BM2,LOGPERCH,LOGPERCH.1,0.498109329,0.267696226,0.99999994,0.008534908,FALSE,0.56796193,abundance affects trait,67.46806579,0.833333333,1,0.017625043,9.691206907,18,Fish,1.255272505,1.82909826,-0.290326779,0.986377866,LOGPERCH.1,Percidae
890,890,26,BM2,MIMICSHINER,MIMICSHINER.1,0.126189462,0.378149366,0.73333329,0.060289145,FALSE,0.143885702,abundance affects trait,50.54216756,0.833333333,1,0.017625043,9.691206907,18,Fish,1.255272505,1.703653863,1.18160593,0.986377866,MIMICSHINER.1,Cyprinidae
891,891,27,BM2,NORTHERNPIKE,NORTHERNPIKE.1,0.477021304,0.189926656,0.800000012,0.086410761,FALSE,0.543916615,abundance affects trait,16018.74648,0.833333333,1,0.017625043,9.691206907,18,Fish,1.255272505,4.204628528,-0.036664453,0.986377866,NORTHERNPIKE.1,Esocidae
892,892,28,BM2,PUMPKINSEED,PUMPKINSEED.1,0.572321518,0.289123368,-0.99999994,0.008534921,FALSE,0.652581301,abundance affects trait,238.84776,0.833333333,1,0.017625043,9.691206907,18,Fish,1.255272505,2.378121173,0.561981665,0.986377866,PUMPKINSEED.1,Centrarchidae
893,893,29,BM2,ROCKBASS,ROCKBASS.1,0.405680122,0.265897197,1,0.002666712,FALSE,0.462570868,abundance affects trait,358.5781678,0.833333333,1,0.017625043,9.691206907,18,Fish,1.255272505,2.554583844,0.532609267,0.986377866,ROCKBASS.1,Centrarchidae
894,894,30,BM2,SMALLMOUTHBASS,SMALLMOUTHBASS.1,0.451251575,0.186170769,0.99999994,0.008534908,FALSE,0.514533055,abundance affects trait,165.285484,0.833333333,1,0.017625043,9.691206907,18,Fish,1.255272505,2.218234714,0.757052999,0.986377866,SMALLMOUTHBASS.1,Centrarchidae
895,895,31,BM2,WALLEYE,WALLEYE.1,0,0.5,1,1,FALSE,0,abundance affects trait,1788.212579,0.833333333,1,0.017625043,9.691206907,18,Fish,1.255272505,3.252419146,0.643619302,0.986377866,WALLEYE.1,Percidae
896,896,32,BM2,WHITESUCKER,WHITESUCKER.1,0.366162358,0.417608364,-0.73333329,0.060289178,FALSE,0.417511312,abundance affects trait,2282.774925,0.833333333,1,0.017625043,9.691206907,18,Fish,1.255272505,3.358463093,0.698333335,0.986377866,WHITESUCKER.1,Catostomidae
897,897,33,BM2,YELLOWPERCH,YELLOWPERCH.1,0.33244075,0.456779482,0.066666663,1,FALSE,0.379060737,abundance affects trait,69.4414795,0.833333333,1,0.017625043,9.691206907,18,Fish,1.255272505,1.841618965,2.043514758,0.986377866,YELLOWPERCH.1,Percidae
898,898,34,BM2,MUSKELLUNGE,MUSKELLUNGE.1,0.712421791,0.075254781,0.99999994,0.008534908,FALSE,0.812328603,abundance affects trait,24438.50347,0.833333333,1,0.017625043,9.691206907,18,Fish,1.255272505,4.388074608,-0.773038503,0.986377866,MUSKELLUNGE.1,Esocidae
899,899,35,BM2,MOTTLEDSCULPIN,MOTTLEDSCULPIN.1,0.383000268,0.347432764,0.199999988,0.70711422,FALSE,0.436710494,abundance affects trait,25.47411726,0.833333333,1,0.017625043,9.691206907,18,Fish,1.255272505,1.406099144,-0.565193061,0.986377866,MOTTLEDSCULPIN.1,Cottidae
900,900,36,BM2,BURBOT,BURBOT.1,0.41202679,0.29929325,0.866666615,0.024170518,FALSE,0.469807565,abundance affects trait,223.407581,0.833333333,1,0.017625043,9.691206907,18,Fish,1.255272505,2.349097906,-0.751267766,0.986377866,BURBOT.1,Lotidae
901,901,1,CR2,PUMPKINSEED.1,PUMPKINSEED,0.776972512,0.251505283,0.99999994,0.008534908,FALSE,0.89444044,trait affects abundance,180.1041487,0.375,1,0.007413346,9.195601118,8,Fish,0.903089987,2.255523717,-0.311432955,0.963580124,PUMPKINSEED,Centrarchidae
902,902,2,CR2,ROCKBASS.1,ROCKBASS,0.773104089,0.000917031,0.99999994,0.008534908,TRUE,0.889987163,trait affects abundance,1031.897164,0.375,1,0.007413346,9.195601118,8,Fish,0.903089987,3.013636419,-0.24210253,0.963580124,ROCKBASS,Centrarchidae
903,903,3,CR2,WHITESUCKER.1,WHITESUCKER,0.848230513,0.006080749,0.99999994,0.008534908,TRUE,0.976471705,trait affects abundance,12046.88241,0.375,1,0.007413346,9.195601118,8,Fish,0.903089987,4.080874671,0.048510706,0.963580124,WHITESUCKER,Catostomidae
904,904,4,CR2,YELLOWBULLHEAD.1,YELLOWBULLHEAD,0.39265136,0.208393762,1,0.002666712,FALSE,0.452015033,trait affects abundance,2020.277029,0.375,1,0.007413346,9.195601118,8,Fish,0.903089987,3.305410926,0.461166526,0.963580124,YELLOWBULLHEAD,Ictaluridae
905,905,5,CR2,YELLOWPERCH.1,YELLOWPERCH,0.225603365,0.436147638,0.73333329,0.060289145,FALSE,0.259711599,trait affects abundance,621.6153295,0.375,1,0.007413346,9.195601118,8,Fish,0.903089987,2.793521716,1.170345022,0.963580124,YELLOWPERCH,Percidae
906,906,6,CR2,LARGEMOUTHBASS.1,LARGEMOUTHBASS,0.868668809,0.000567838,0.99999994,0.008534908,TRUE,1,trait affects abundance,971.2527423,0.375,1,0.007413346,9.195601118,8,Fish,0.903089987,2.987332258,1.328410645,0.963580124,LARGEMOUTHBASS,Centrarchidae
907,907,7,CR2,RAINBOWSMELT.1,RAINBOWSMELT,0.66952386,0.004620712,0.99999994,0.008534908,TRUE,0.770746978,trait affects abundance,326.612836,0.375,1,0.007413346,9.195601118,8,Fish,0.903089987,2.514033249,1.717798367,0.963580124,RAINBOWSMELT,Osmeridae
908,908,8,CR2,BLUEGILL.1,BLUEGILL,0.777802428,0.009087749,0.99999994,0.008534908,TRUE,0.895395828,trait affects abundance,305.7700942,0.375,1,0.007413346,9.195601118,8,Fish,0.903089987,2.485395007,0.855262568,0.963580124,BLUEGILL,Centrarchidae
909,909,9,CR2,PUMPKINSEED,PUMPKINSEED.1,0.109032142,0.307460074,-0.866666615,0.024170551,FALSE,0.125516354,abundance affects trait,180.1041487,0.375,1,0.007413346,9.195601118,8,Fish,0.903089987,2.255523717,-0.311432955,0.963580124,PUMPKINSEED.1,Centrarchidae
910,910,10,CR2,ROCKBASS,ROCKBASS.1,0.4334346,0.290380529,0.99999994,0.008534908,FALSE,0.498964157,abundance affects trait,1031.897164,0.375,1,0.007413346,9.195601118,8,Fish,0.903089987,3.013636419,-0.24210253,0.963580124,ROCKBASS.1,Centrarchidae
911,911,11,CR2,WHITESUCKER,WHITESUCKER.1,0.700982702,0.199998247,0.99999994,0.008534908,FALSE,0.806961979,abundance affects trait,12046.88241,0.375,1,0.007413346,9.195601118,8,Fish,0.903089987,4.080874671,0.048510706,0.963580124,WHITESUCKER.1,Catostomidae
912,912,12,CR2,YELLOWBULLHEAD,YELLOWBULLHEAD.1,0.436875509,0.147374205,0.99999994,0.008534908,FALSE,0.502925286,abundance affects trait,2020.277029,0.375,1,0.007413346,9.195601118,8,Fish,0.903089987,3.305410926,0.461166526,0.963580124,YELLOWBULLHEAD.1,Ictaluridae
913,913,13,CR2,YELLOWPERCH,YELLOWPERCH.1,0.7037377,0.152100986,0.99999994,0.008534908,FALSE,0.810133497,abundance affects trait,621.6153295,0.375,1,0.007413346,9.195601118,8,Fish,0.903089987,2.793521716,1.170345022,0.963580124,YELLOWPERCH.1,Percidae
914,914,14,CR2,LARGEMOUTHBASS,LARGEMOUTHBASS.1,0.526167818,0.059502737,0.99999994,0.008534908,FALSE,0.605717406,abundance affects trait,971.2527423,0.375,1,0.007413346,9.195601118,8,Fish,0.903089987,2.987332258,1.328410645,0.963580124,LARGEMOUTHBASS.1,Centrarchidae
915,915,15,CR2,RAINBOWSMELT,RAINBOWSMELT.1,0.433060194,0.077846179,1,0.002666712,FALSE,0.498533146,abundance affects trait,326.612836,0.375,1,0.007413346,9.195601118,8,Fish,0.903089987,2.514033249,1.717798367,0.963580124,RAINBOWSMELT.1,Osmeridae
916,916,16,CR2,BLUEGILL,BLUEGILL.1,0.216646275,0.494936129,-0.466666639,0.25965631,FALSE,0.249400315,abundance affects trait,305.7700942,0.375,1,0.007413346,9.195601118,8,Fish,0.903089987,2.485395007,0.855262568,0.963580124,BLUEGILL.1,Centrarchidae
917,917,1,ME2,BLACKCRAPPIE.1,BLACKCRAPPIE,0.622375648,0.025514721,0.99999994,0.008534908,TRUE,0.657731158,trait affects abundance,238.8416721,0.578947368,1,-0.01122065,10.31063465,19,Fish,1.278753601,2.378110103,0.586438141,1.013285398,BLACKCRAPPIE,Centrarchidae
918,918,2,ME2,BLUEGILL.1,BLUEGILL,0.224569748,0.169604087,0.99999994,0.008534908,FALSE,0.23732696,trait affects abundance,59.70186945,0.578947368,1,-0.01122065,10.31063465,19,Fish,1.278753601,1.77598793,1.482159956,1.013285398,BLUEGILL,Centrarchidae
919,919,3,ME2,BLUNTNOSEMINNOW.1,BLUNTNOSEMINNOW,0.698081212,0.00275486,0.99999994,0.008534908,TRUE,0.737737354,trait affects abundance,22.87645555,0.578947368,1,-0.01122065,10.31063465,19,Fish,1.278753601,1.359388736,0.359416613,1.013285398,BLUNTNOSEMINNOW,Cyprinidae
920,920,4,ME2,BROOKSILVERSIDE.1,BROOKSILVERSIDE,0.368180501,0.325824303,0.466666639,0.25965631,FALSE,0.389095859,trait affects abundance,39.53128532,0.578947368,1,-0.01122065,10.31063465,19,Fish,1.278753601,1.596940935,1.540722699,1.013285398,BROOKSILVERSIDE,Atherinopsidae
921,921,5,ME2,CISCO.1,CISCO,0.905869628,0.012424255,0.90476191,0.006863832,TRUE,0.957329679,trait affects abundance,7679.24098,0.578947368,1,-0.01122065,10.31063465,19,Fish,1.278753601,3.885318296,0.621932076,1.013285398,CISCO,Salmonidae
922,922,6,ME2,COMMONCARP.1,COMMONCARP,0.930117033,0.002101886,1,0.002666712,TRUE,0.982954515,trait affects abundance,32057.0571,0.578947368,1,-0.01122065,10.31063465,19,Fish,1.278753601,4.505923651,0.303649119,1.013285398,COMMONCARP,Cyprinidae
923,923,7,ME2,FRESHWATERDRUM.1,FRESHWATERDRUM,0.480723115,0.259367796,0.866666615,0.024170518,FALSE,0.50803172,trait affects abundance,4178.498869,0.578947368,1,-0.01122065,10.31063465,19,Fish,1.278753601,3.621020289,0.462005549,1.013285398,FRESHWATERDRUM,Sciaenidae
924,924,8,ME2,LARGEMOUTHBASS.1,LARGEMOUTHBASS,0.728100107,0.304442042,0.866666615,0.024170518,FALSE,0.769461543,trait affects abundance,2042.233535,0.578947368,1,-0.01122065,10.31063465,19,Fish,1.278753601,3.310105403,-0.148576242,1.013285398,LARGEMOUTHBASS,Centrarchidae
925,925,9,ME2,LOGPERCH.1,LOGPERCH,0.920213192,0.006386113,0.99999994,0.008534908,TRUE,0.972488063,trait affects abundance,82.84347506,0.578947368,1,-0.01122065,10.31063465,19,Fish,1.278753601,1.918258308,-0.017226402,1.013285398,LOGPERCH,Percidae
926,926,10,ME2,LONGNOSEGAR.1,LONGNOSEGAR,0.867809304,0.282135093,0.866666615,0.024170518,FALSE,0.917107249,trait affects abundance,56312.43318,0.578947368,1,-0.01122065,10.31063465,19,Fish,1.278753601,4.750604293,-0.466149681,1.013285398,LONGNOSEGAR,Lepisosteidae
927,927,11,ME2,PUMPKINSEED.1,PUMPKINSEED,0.732724892,0.078339742,0.99999994,0.008534908,FALSE,0.77434905,trait affects abundance,285.0853557,0.578947368,1,-0.01122065,10.31063465,19,Fish,1.278753601,2.454974909,-0.255615505,1.013285398,PUMPKINSEED,Centrarchidae
928,928,12,ME2,ROCKBASS.1,ROCKBASS,0.920867852,0.00021953,1,0.002666712,TRUE,0.973179913,trait affects abundance,605.6952543,0.578947368,1,-0.01122065,10.31063465,19,Fish,1.278753601,2.782254171,0.06994585,1.013285398,ROCKBASS,Centrarchidae
929,929,13,ME2,SMALLMOUTHBASS.1,SMALLMOUTHBASS,0.895154824,0.140970046,0.866666615,0.024170518,FALSE,0.946006195,trait affects abundance,720.2274147,0.578947368,1,-0.01122065,10.31063465,19,Fish,1.278753601,2.857469648,0.17998107,1.013285398,SMALLMOUTHBASS,Centrarchidae
930,930,14,ME2,WALLEYE.1,WALLEYE,0.851238343,0.03656671,0.99999994,0.008534908,TRUE,0.899594935,trait affects abundance,4945.820138,0.578947368,1,-0.01122065,10.31063465,19,Fish,1.278753601,3.694238319,0.113393543,1.013285398,WALLEYE,Percidae
931,931,15,ME2,WHITEBASS.1,WHITEBASS,0.104800224,0.329958962,0.866666615,0.024170518,FALSE,0.110753647,trait affects abundance,2557.519255,0.578947368,1,-0.01122065,10.31063465,19,Fish,1.278753601,3.407818912,1.031260546,1.013285398,WHITEBASS,Moronidae
932,932,16,ME2,WHITESUCKER.1,WHITESUCKER,0.94624626,0.121128805,0.99999994,0.008534908,FALSE,1,trait affects abundance,12632.53863,0.578947368,1,-0.01122065,10.31063465,19,Fish,1.278753601,4.101490635,-0.166483833,1.013285398,WHITESUCKER,Catostomidae
933,933,17,ME2,YELLOWPERCH.1,YELLOWPERCH,0.293657484,0.231918888,0.800000012,0.086410761,FALSE,0.310339386,trait affects abundance,1382.804332,0.578947368,1,-0.01122065,10.31063465,19,Fish,1.278753601,3.140760731,1.255656357,1.013285398,YELLOWPERCH,Percidae
934,934,18,ME2,NORTHERNPIKE.1,NORTHERNPIKE,0.868593144,0.045766711,0.99999994,0.008534908,TRUE,0.917935617,trait affects abundance,28900.81062,0.578947368,1,-0.01122065,10.31063465,19,Fish,1.278753601,4.460910024,-0.513561235,1.013285398,NORTHERNPIKE,Esocidae
935,935,19,ME2,YELLOWBULLHEAD.1,YELLOWBULLHEAD,0.826650344,0.15498064,1,0.002666712,FALSE,0.873610157,trait affects abundance,1911.874257,0.578947368,1,-0.01122065,10.31063465,19,Fish,1.278753601,3.281459325,-0.148330481,1.013285398,YELLOWBULLHEAD,Ictaluridae
936,936,20,ME2,BLACKCRAPPIE,BLACKCRAPPIE.1,0.130869083,0.290946209,0.828078628,0.035378218,FALSE,0.138303409,abundance affects trait,238.8416721,0.578947368,1,-0.01122065,10.31063465,19,Fish,1.278753601,2.378110103,0.586438141,1.013285398,BLACKCRAPPIE.1,Centrarchidae
937,937,21,ME2,BLUEGILL,BLUEGILL.1,0.332128668,0.283616881,0.99999994,0.008534908,FALSE,0.350996017,abundance affects trait,59.70186945,0.578947368,1,-0.01122065,10.31063465,19,Fish,1.278753601,1.77598793,1.482159956,1.013285398,BLUEGILL.1,Centrarchidae
938,938,22,ME2,BLUNTNOSEMINNOW,BLUNTNOSEMINNOW.1,0.268592967,0.277968959,0.99999994,0.008534908,FALSE,0.283851021,abundance affects trait,22.87645555,0.578947368,1,-0.01122065,10.31063465,19,Fish,1.278753601,1.359388736,0.359416613,1.013285398,BLUNTNOSEMINNOW.1,Cyprinidae
939,939,23,ME2,BROOKSILVERSIDE,BROOKSILVERSIDE.1,0,0.5,1,1,FALSE,0,abundance affects trait,39.53128532,0.578947368,1,-0.01122065,10.31063465,19,Fish,1.278753601,1.596940935,1.540722699,1.013285398,BROOKSILVERSIDE.1,Atherinopsidae
940,940,24,ME2,CISCO,CISCO.1,0.35524375,0.363820369,0.866666615,0.024170518,FALSE,0.375424205,abundance affects trait,7679.24098,0.578947368,1,-0.01122065,10.31063465,19,Fish,1.278753601,3.885318296,0.621932076,1.013285398,CISCO.1,Salmonidae
941,941,25,ME2,COMMONCARP,COMMONCARP.1,0.65814623,0.259857435,0.99999994,0.008534908,FALSE,0.695533772,abundance affects trait,32057.0571,0.578947368,1,-0.01122065,10.31063465,19,Fish,1.278753601,4.505923651,0.303649119,1.013285398,COMMONCARP.1,Cyprinidae
942,942,26,ME2,FRESHWATERDRUM,FRESHWATERDRUM.1,0.469741514,0.140602391,0.99999994,0.008534908,FALSE,0.496426283,abundance affects trait,4178.498869,0.578947368,1,-0.01122065,10.31063465,19,Fish,1.278753601,3.621020289,0.462005549,1.013285398,FRESHWATERDRUM.1,Sciaenidae
943,943,27,ME2,LARGEMOUTHBASS,LARGEMOUTHBASS.1,0.554733061,0.247320259,0.99999994,0.008534908,FALSE,0.586245975,abundance affects trait,2042.233535,0.578947368,1,-0.01122065,10.31063465,19,Fish,1.278753601,3.310105403,-0.148576242,1.013285398,LARGEMOUTHBASS.1,Centrarchidae
944,944,28,ME2,LOGPERCH,LOGPERCH.1,0.701868387,0.272215779,1,0.027486324,FALSE,0.741739669,abundance affects trait,82.84347506,0.578947368,1,-0.01122065,10.31063465,19,Fish,1.278753601,1.918258308,-0.017226402,1.013285398,LOGPERCH.1,Percidae
945,945,29,ME2,LONGNOSEGAR,LONGNOSEGAR.1,0.823352159,0.072412914,0.99999994,0.008534908,FALSE,0.870124612,abundance affects trait,56312.43318,0.578947368,1,-0.01122065,10.31063465,19,Fish,1.278753601,4.750604293,-0.466149681,1.013285398,LONGNOSEGAR.1,Lepisosteidae
946,946,30,ME2,PUMPKINSEED,PUMPKINSEED.1,0.298828406,0.458193307,0.599999964,0.132854939,FALSE,0.315804055,abundance affects trait,285.0853557,0.578947368,1,-0.01122065,10.31063465,19,Fish,1.278753601,2.454974909,-0.255615505,1.013285398,PUMPKINSEED.1,Centrarchidae
947,947,31,ME2,ROCKBASS,ROCKBASS.1,0.683230893,0.225857542,0.99999994,0.008534908,FALSE,0.722043428,abundance affects trait,605.6952543,0.578947368,1,-0.01122065,10.31063465,19,Fish,1.278753601,2.782254171,0.06994585,1.013285398,ROCKBASS.1,Centrarchidae
948,948,32,ME2,SMALLMOUTHBASS,SMALLMOUTHBASS.1,0.734107992,0.297418633,0.99999994,0.008534908,FALSE,0.77581072,abundance affects trait,720.2274147,0.578947368,1,-0.01122065,10.31063465,19,Fish,1.278753601,2.857469648,0.17998107,1.013285398,SMALLMOUTHBASS.1,Centrarchidae
949,949,33,ME2,WALLEYE,WALLEYE.1,0.554641287,0.323349171,0.866666615,0.024170518,FALSE,0.586148987,abundance affects trait,4945.820138,0.578947368,1,-0.01122065,10.31063465,19,Fish,1.278753601,3.694238319,0.113393543,1.013285398,WALLEYE.1,Percidae
950,950,34,ME2,WHITEBASS,WHITEBASS.1,0,0.5,1,1,FALSE,0,abundance affects trait,2557.519255,0.578947368,1,-0.01122065,10.31063465,19,Fish,1.278753601,3.407818912,1.031260546,1.013285398,WHITEBASS.1,Moronidae
951,951,35,ME2,WHITESUCKER,WHITESUCKER.1,0.697877641,0.332169856,0.99999994,0.008534908,FALSE,0.737522219,abundance affects trait,12632.53863,0.578947368,1,-0.01122065,10.31063465,19,Fish,1.278753601,4.101490635,-0.166483833,1.013285398,WHITESUCKER.1,Catostomidae
952,952,36,ME2,YELLOWPERCH,YELLOWPERCH.1,0.39650142,0.139546021,0.99999994,0.008534908,FALSE,0.419025614,abundance affects trait,1382.804332,0.578947368,1,-0.01122065,10.31063465,19,Fish,1.278753601,3.140760731,1.255656357,1.013285398,YELLOWPERCH.1,Percidae
953,953,37,ME2,NORTHERNPIKE,NORTHERNPIKE.1,0.691759797,0.259063853,0.99999994,0.008534908,FALSE,0.731056837,abundance affects trait,28900.81062,0.578947368,1,-0.01122065,10.31063465,19,Fish,1.278753601,4.460910024,-0.513561235,1.013285398,NORTHERNPIKE.1,Esocidae
954,954,38,ME2,YELLOWBULLHEAD,YELLOWBULLHEAD.1,0.59440074,0.151681992,0.99999994,0.008534908,FALSE,0.628167069,abundance affects trait,1911.874257,0.578947368,1,-0.01122065,10.31063465,19,Fish,1.278753601,3.281459325,-0.148330481,1.013285398,YELLOWBULLHEAD.1,Ictaluridae
955,955,1,SP2,BLUNTNOSEMINNOW.1,BLUNTNOSEMINNOW,0.014897302,0.47515221,0.60246408,0.176067472,FALSE,0.017267463,trait affects abundance,32.97188969,0.916666667,0.916666667,0.013846636,8.632201069,12,Fish,1.079181246,1.518143838,0.652559447,0.936121548,BLUNTNOSEMINNOW,Cyprinidae
956,956,2,SP2,IOWADARTER.1,IOWADARTER,0.804229209,0.121985067,0.99999994,0.008534908,FALSE,0.932182093,trait affects abundance,12.91577754,0.916666667,0.916666667,0.013846636,8.632201069,12,Fish,1.079181246,1.111120556,-0.505747974,0.936121548,IOWADARTER,Percidae
957,957,3,SP2,JOHNNYDARTER.1,JOHNNYDARTER,0.563605384,0.04345513,0.866666615,0.024170518,TRUE,0.653275013,trait affects abundance,11.92346762,0.916666667,0.916666667,0.013846636,8.632201069,12,Fish,1.079181246,1.076402577,-0.31604875,0.936121548,JOHNNYDARTER,Percidae
958,958,4,SP2,ROCKBASS.1,ROCKBASS,0.143087252,0.289438387,0.866666615,0.024170518,FALSE,0.165852437,trait affects abundance,340.6207505,0.916666667,0.916666667,0.013846636,8.632201069,12,Fish,1.079181246,2.532271102,0.787236499,0.936121548,ROCKBASS,Centrarchidae
959,959,5,SP2,SMALLMOUTHBASS.1,SMALLMOUTHBASS,0.446824506,0.08742832,0.99999994,0.008534908,FALSE,0.517914294,trait affects abundance,886.9453235,0.916666667,0.916666667,0.013846636,8.632201069,12,Fish,1.079181246,2.947896848,0.613219212,0.936121548,SMALLMOUTHBASS,Centrarchidae
960,960,6,SP2,WALLEYE.1,WALLEYE,0.344193632,0.163725193,0.99999994,0.008534908,FALSE,0.398954846,trait affects abundance,8154.42024,0.916666667,0.916666667,0.013846636,8.632201069,12,Fish,1.079181246,3.911393089,0.277811463,0.936121548,WALLEYE,Percidae
961,961,7,SP2,WHITESUCKER.1,WHITESUCKER,0.853958241,0.133079619,0.99999994,0.008534908,FALSE,0.989823015,trait affects abundance,3091.377613,0.916666667,0.916666667,0.013846636,8.632201069,12,Fish,1.079181246,3.490152058,-0.315814248,0.936121548,WHITESUCKER,Catostomidae
962,962,8,SP2,YELLOWPERCH.1,YELLOWPERCH,0.460557183,0.373686423,0.800000012,0.086410761,FALSE,0.53383184,trait affects abundance,643.9595754,0.916666667,0.916666667,0.013846636,8.632201069,12,Fish,1.079181246,2.808858605,0.684059636,0.936121548,YELLOWPERCH,Percidae
963,963,9,SP2,MIMICSHINER.1,MIMICSHINER,0,0.5,1,1,FALSE,0,trait affects abundance,36.32651179,0.916666667,0.916666667,0.013846636,8.632201069,12,Fish,1.079181246,1.560223697,1.503231615,0.936121548,MIMICSHINER,Cyprinidae
964,964,10,SP2,MUSKELLUNGE.1,MUSKELLUNGE,0.858907181,0.093068532,0.99999994,0.008534908,FALSE,0.995559331,trait affects abundance,19865.75753,0.916666667,0.916666667,0.013846636,8.632201069,12,Fish,1.079181246,4.29810513,-0.810775726,0.936121548,MUSKELLUNGE,Esocidae
965,965,11,SP2,RAINBOWSMELT.1,RAINBOWSMELT,0.181922607,0.220767609,0.99999994,0.008534908,FALSE,0.210866498,trait affects abundance,412.388349,0.916666667,0.916666667,0.013846636,8.632201069,12,Fish,1.079181246,2.615306387,1.069625865,0.936121548,RAINBOWSMELT,Osmeridae
966,966,12,SP2,PUMPKINSEED.1,PUMPKINSEED,0.447925335,0.13322065,1,0.002666712,FALSE,0.519190265,trait affects abundance,205.6501237,0.916666667,0.916666667,0.013846636,8.632201069,12,Fish,1.079181246,2.313128975,-0.062840339,0.936121548,PUMPKINSEED,Centrarchidae
967,967,13,SP2,BLUNTNOSEMINNOW,BLUNTNOSEMINNOW.1,0.263544348,0.129421669,0.99999994,0.008534908,FALSE,0.30547426,abundance affects trait,32.97188969,0.916666667,0.916666667,0.013846636,8.632201069,12,Fish,1.079181246,1.518143838,0.652559447,0.936121548,BLUNTNOSEMINNOW.1,Cyprinidae
968,968,14,SP2,IOWADARTER,IOWADARTER.1,0.477792106,0.299602344,0.866666615,0.024170518,FALSE,0.55380884,abundance affects trait,12.91577754,0.916666667,0.916666667,0.013846636,8.632201069,12,Fish,1.079181246,1.111120556,-0.505747974,0.936121548,IOWADARTER.1,Percidae
969,969,15,SP2,JOHNNYDARTER,JOHNNYDARTER.1,0.28596885,0.312313138,0.99999994,0.008534908,FALSE,0.3314665,abundance affects trait,11.92346762,0.916666667,0.916666667,0.013846636,8.632201069,12,Fish,1.079181246,1.076402577,-0.31604875,0.936121548,JOHNNYDARTER.1,Percidae
970,970,16,SP2,ROCKBASS,ROCKBASS.1,0,0.5,1,1,FALSE,0,abundance affects trait,340.6207505,0.916666667,0.916666667,0.013846636,8.632201069,12,Fish,1.079181246,2.532271102,0.787236499,0.936121548,ROCKBASS.1,Centrarchidae
971,971,17,SP2,SMALLMOUTHBASS,SMALLMOUTHBASS.1,0.658375993,0.032871188,0.99999994,0.008534908,TRUE,0.763123627,abundance affects trait,886.9453235,0.916666667,0.916666667,0.013846636,8.632201069,12,Fish,1.079181246,2.947896848,0.613219212,0.936121548,SMALLMOUTHBASS.1,Centrarchidae
972,972,18,SP2,WALLEYE,WALLEYE.1,0.180717676,0.357530124,0.599999964,0.132854939,FALSE,0.209469862,abundance affects trait,8154.42024,0.916666667,0.916666667,0.013846636,8.632201069,12,Fish,1.079181246,3.911393089,0.277811463,0.936121548,WALLEYE.1,Percidae
973,973,19,SP2,WHITESUCKER,WHITESUCKER.1,0.589376352,0.3379977,0.99999994,0.008534908,FALSE,0.683146141,abundance affects trait,3091.377613,0.916666667,0.916666667,0.013846636,8.632201069,12,Fish,1.079181246,3.490152058,-0.315814248,0.936121548,WHITESUCKER.1,Catostomidae
974,974,20,SP2,YELLOWPERCH,YELLOWPERCH.1,0.385221085,0.153093627,0.99999994,0.008534908,FALSE,0.446509768,abundance affects trait,643.9595754,0.916666667,0.916666667,0.013846636,8.632201069,12,Fish,1.079181246,2.808858605,0.684059636,0.936121548,YELLOWPERCH.1,Percidae
975,975,21,SP2,MIMICSHINER,MIMICSHINER.1,0.144917162,0.284421234,1,0.002666712,FALSE,0.167973485,abundance affects trait,36.32651179,0.916666667,0.916666667,0.013846636,8.632201069,12,Fish,1.079181246,1.560223697,1.503231615,0.936121548,MIMICSHINER.1,Cyprinidae
976,976,22,SP2,MUSKELLUNGE,MUSKELLUNGE.1,0.862738316,0.196348999,0.99999994,0.008534908,FALSE,1,abundance affects trait,19865.75753,0.916666667,0.916666667,0.013846636,8.632201069,12,Fish,1.079181246,4.29810513,-0.810775726,0.936121548,MUSKELLUNGE.1,Esocidae
977,977,23,SP2,RAINBOWSMELT,RAINBOWSMELT.1,0.268628976,0.124656317,0.99999994,0.008534908,FALSE,0.311367851,abundance affects trait,412.388349,0.916666667,0.916666667,0.013846636,8.632201069,12,Fish,1.079181246,2.615306387,1.069625865,0.936121548,RAINBOWSMELT.1,Osmeridae
978,978,24,SP2,PUMPKINSEED,PUMPKINSEED.1,0.292326251,0.231202571,0.99999994,0.008534908,FALSE,0.338835364,abundance affects trait,205.6501237,0.916666667,0.916666667,0.013846636,8.632201069,12,Fish,1.079181246,2.313128975,-0.062840339,0.936121548,PUMPKINSEED.1,Centrarchidae
979,979,1,TR2,BLACKCRAPPIE.1,BLACKCRAPPIE,0.650383737,0.092014976,0.99999994,0.008534908,FALSE,0.685569698,trait affects abundance,192.8565415,0.545454545,1,0.008918221,7.277733868,11,Fish,1.041392685,2.285234374,-0.799292932,0.86199617,BLACKCRAPPIE,Centrarchidae
980,980,2,TR2,BLUEGILL.1,BLUEGILL,0,0.5,1,1,FALSE,0,trait affects abundance,199.0173342,0.545454545,1,0.008918221,7.277733868,11,Fish,1.041392685,2.298890905,0.200351867,0.86199617,BLUEGILL,Centrarchidae
981,981,3,TR2,BLUNTNOSEMINNOW.1,BLUNTNOSEMINNOW,0.158253192,0.252184352,0.966091692,0.012898922,FALSE,0.166814738,trait affects abundance,33.63279073,0.545454545,1,0.008918221,7.277733868,11,Fish,1.041392685,1.526762905,0.77163292,0.86199617,BLUNTNOSEMINNOW,Cyprinidae
982,982,4,TR2,CISCO.1,CISCO,0.428192696,0.163125249,0.99999994,0.008534908,FALSE,0.451358053,trait affects abundance,1165.793021,0.545454545,1,0.008918221,7.277733868,11,Fish,1.041392685,3.066621451,1.589278474,0.86199617,CISCO,Salmonidae
983,983,5,TR2,COMMONSHINER.1,COMMONSHINER,0.806190537,5.80E-05,0.99999994,0.008534908,TRUE,0.849805694,trait affects abundance,150.6304515,0.545454545,1,0.008918221,7.277733868,11,Fish,1.041392685,2.177912778,0.431786435,0.86199617,COMMONSHINER,Cyprinidae
984,984,6,TR2,IOWADARTER.1,IOWADARTER,0.948676318,0.010307242,1,0.002666712,TRUE,1,trait affects abundance,16.30263611,0.545454545,1,0.008918221,7.277733868,11,Fish,1.041392685,1.212257835,-0.477407069,0.86199617,IOWADARTER,Percidae
985,985,7,TR2,JOHNNYDARTER.1,JOHNNYDARTER,0.537959043,0.040357282,0.99999994,0.008534908,TRUE,0.567062794,trait affects abundance,13.28254918,0.545454545,1,0.008918221,7.277733868,11,Fish,1.041392685,1.123281432,-0.116389823,0.86199617,JOHNNYDARTER,Percidae
986,986,8,TR2,LARGEMOUTHBASS.1,LARGEMOUTHBASS,0.565612669,0.042097677,0.99999994,0.008534908,TRUE,0.59621249,trait affects abundance,85.99728688,0.545454545,1,0.008918221,7.277733868,11,Fish,1.041392685,1.93448475,0.042749544,0.86199617,LARGEMOUTHBASS,Centrarchidae
987,987,9,TR2,LOGPERCH.1,LOGPERCH,0.899632278,0.000186482,0.99999994,0.008534908,TRUE,0.948302663,trait affects abundance,80.63795213,0.545454545,1,0.008918221,7.277733868,11,Fish,1.041392685,1.90653949,8.06E-05,0.86199617,LOGPERCH,Percidae
988,988,10,TR2,MIMICSHINER.1,MIMICSHINER,0,0.5,1,1,FALSE,0,trait affects abundance,36.14725893,0.545454545,1,0.008918221,7.277733868,11,Fish,1.041392685,1.55807537,1.81389086,0.86199617,MIMICSHINER,Cyprinidae
989,989,11,TR2,MOTTLEDSCULPIN.1,MOTTLEDSCULPIN,0,0.5,1,1,FALSE,0,trait affects abundance,14.9579245,0.545454545,1,0.008918221,7.277733868,11,Fish,1.041392685,1.174871337,-0.340771488,0.86199617,MOTTLEDSCULPIN,Cottidae
990,990,12,TR2,BLACKCRAPPIE,BLACKCRAPPIE.1,0.567653478,0.246622379,1,0.002666712,FALSE,0.598363706,abundance affects trait,192.8565415,0.545454545,1,0.008918221,7.277733868,11,Fish,1.041392685,2.285234374,-0.799292932,0.86199617,BLACKCRAPPIE.1,Centrarchidae
991,991,13,TR2,BLUEGILL,BLUEGILL.1,0.346930139,0.076868053,0.99999994,0.008534908,FALSE,0.365699167,abundance affects trait,199.0173342,0.545454545,1,0.008918221,7.277733868,11,Fish,1.041392685,2.298890905,0.200351867,0.86199617,BLUEGILL.1,Centrarchidae
992,992,14,TR2,BLUNTNOSEMINNOW,BLUNTNOSEMINNOW.1,0,0.484717233,-0.577350259,0.241566598,FALSE,0,abundance affects trait,33.63279073,0.545454545,1,0.008918221,7.277733868,11,Fish,1.041392685,1.526762905,0.77163292,0.86199617,BLUNTNOSEMINNOW.1,Cyprinidae
993,993,15,TR2,CISCO,CISCO.1,0.507507963,0.281487765,0.866666615,0.024170518,FALSE,0.534964301,abundance affects trait,1165.793021,0.545454545,1,0.008918221,7.277733868,11,Fish,1.041392685,3.066621451,1.589278474,0.86199617,CISCO.1,Salmonidae
994,994,16,TR2,COMMONSHINER,COMMONSHINER.1,0.386947495,0.144469897,0.99999994,0.008534908,FALSE,0.407881474,abundance affects trait,150.6304515,0.545454545,1,0.008918221,7.277733868,11,Fish,1.041392685,2.177912778,0.431786435,0.86199617,COMMONSHINER.1,Cyprinidae
995,995,17,TR2,IOWADARTER,IOWADARTER.1,0.19823804,0.44199859,0.599999964,0.132854939,FALSE,0.208962779,abundance affects trait,16.30263611,0.545454545,1,0.008918221,7.277733868,11,Fish,1.041392685,1.212257835,-0.477407069,0.86199617,IOWADARTER.1,Percidae
996,996,18,TR2,JOHNNYDARTER,JOHNNYDARTER.1,0.536271249,0.083513454,0.99999994,0.008534908,FALSE,0.565283689,abundance affects trait,13.28254918,0.545454545,1,0.008918221,7.277733868,11,Fish,1.041392685,1.123281432,-0.116389823,0.86199617,JOHNNYDARTER.1,Percidae
997,997,19,TR2,LARGEMOUTHBASS,LARGEMOUTHBASS.1,0.468965969,0.098146633,0.99999994,0.008534908,FALSE,0.494337173,abundance affects trait,85.99728688,0.545454545,1,0.008918221,7.277733868,11,Fish,1.041392685,1.93448475,0.042749544,0.86199617,LARGEMOUTHBASS.1,Centrarchidae
998,998,20,TR2,LOGPERCH,LOGPERCH.1,0.388512171,0.128399349,0.99999994,0.008534908,FALSE,0.409530799,abundance affects trait,80.63795213,0.545454545,1,0.008918221,7.277733868,11,Fish,1.041392685,1.90653949,8.06E-05,0.86199617,LOGPERCH.1,Percidae
999,999,21,TR2,MIMICSHINER,MIMICSHINER.1,0.253795011,0.138867895,1,0.002666712,FALSE,0.2675254,abundance affects trait,36.14725893,0.545454545,1,0.008918221,7.277733868,11,Fish,1.041392685,1.55807537,1.81389086,0.86199617,MIMICSHINER.1,Cyprinidae
1000,1000,22,TR2,MOTTLEDSCULPIN,MOTTLEDSCULPIN.1,0.1623982,0.3593605,0.8666666,0.02417052,FALSE,0.171184,abundance affects trait,14.95792,0.5454545,1,0.008918221,7.277734,11,Fish,1.041393,1.174871,-0.3407715,0.8619962,MOTTLEDSCULPIN.1,Cottidae
1001,1001,1,4.3.finalss-87835,size.Coleoptera.,abunance.Coleoptera.,0.6037079,0.04597919,0.9999999,0.008534908,TRUE,0.8924986,trait affects abundance,11.33503,0.902439,1,0.06123162,7.412254,41,Terrestrial,1.612784,1.054423,-0.1566288,0.8699503,abunance.Coleoptera.,Staphylinidae
1002,1002,2,4.3.finalss-87835,size.Tachinus.sp2,abunance.Tachinus.sp2,0.3477485,0.1543283,1,0.002666712,FALSE,0.5140981,trait affects abundance,0.06919444,0.902439,1,0.06123162,7.412254,41,Terrestrial,1.612784,-1.159929,-1.146128,0.8699503,abunance.Tachinus.sp2,Staphylinidae
1003,1003,3,4.3.finalss-87835,size.Domene.curtipennis,abunance.Domene.curtipennis,0.574625,0.02478675,0.9999999,0.008534908,TRUE,0.8495037,trait affects abundance,0.7052639,0.902439,1,0.06123162,7.412254,41,Terrestrial,1.612784,-0.1516484,-0.243038,0.8699503,abunance.Domene.curtipennis,Staphylinidae
1004,1004,4,4.3.finalss-87835,size.Athetini.,abunance.Athetini.,0.5781712,0.008158941,1,0.002666712,TRUE,0.8547461,trait affects abundance,3.270139,0.902439,1,0.06123162,7.412254,41,Terrestrial,1.612784,0.5145662,0.1982642,0.8699503,abunance.Athetini.,Staphylinidae
1005,1005,5,4.3.finalss-87835,size.Carabus.arboreus,abunance.Carabus.arboreus,0.472615,0.05087808,0.9999999,0.008534908,FALSE,0.698696,trait affects abundance,245.1885,0.902439,1,0.06123162,7.412254,41,Terrestrial,1.612784,2.3895,0.276632,0.8699503,abunance.Carabus.arboreus,Carabidae
1006,1006,6,4.3.finalss-87835,size.Pselaphinae.,abunance.Pselaphinae.,0.290892,0.2262437,0.9999999,0.008534908,FALSE,0.4300436,trait affects abundance,0.07575,0.902439,1,0.06123162,7.412254,41,Terrestrial,1.612784,-1.120617,-0.3054584,0.8699503,abunance.Pselaphinae.,Staphylinidae
1007,1007,7,4.3.finalss-87835,size.Cholevinae.,abunance.Cholevinae.,0.3365507,0.07743927,1,0.002666712,FALSE,0.4975437,trait affects abundance,0.5432963,0.902439,1,0.06123162,7.412254,41,Terrestrial,1.612784,-0.2649633,-0.1770977,0.8699503,abunance.Cholevinae.,Leiodidae
1008,1008,8,4.3.finalss-87835,size.Domene.crassicornis,abunance.Domene.crassicornis,0.3583849,0.3137324,-0.2380952,0.5480056,FALSE,0.5298225,trait affects abundance,0.2670833,0.902439,1,0.06123162,7.412254,41,Terrestrial,1.612784,-0.5733532,-0.8750613,0.8699503,abunance.Domene.crassicornis,Staphylinidae
1009,1009,9,4.3.finalss-87835,size.Lucanus.maculifemoratus,abunance.Lucanus.maculifemoratus,0.4322897,0.1044149,1,0.002666712,FALSE,0.6390806,trait affects abundance,40.71037,0.902439,1,0.06123162,7.412254,41,Terrestrial,1.612784,1.609705,-1.146128,0.8699503,abunance.Lucanus.maculifemoratus,Lucanidae
1010,1010,10,4.3.finalss-87835,size.Drusilla.aino,abunance.Drusilla.aino,0.1016833,0.3587968,0.7333333,0.06028914,FALSE,0.1503248,trait affects abundance,0.07552778,0.902439,1,0.06123162,7.412254,41,Terrestrial,1.612784,-1.121893,-1.146128,0.8699503,abunance.Drusilla.aino,Staphylinidae
1011,1011,11,4.3.finalss-87835,size.Onthophagus.ater,abunance.Onthophagus.ater,0.2433085,0.1972741,0.9999999,0.008534908,FALSE,0.3596979,trait affects abundance,1.037111,0.902439,1,0.06123162,7.412254,41,Terrestrial,1.612784,0.01582529,-1.146128,0.8699503,abunance.Onthophagus.ater,Scarabaeidae
1012,1012,12,4.3.finalss-87835,size.Synuchus.nitidus,abunance.Synuchus.nitidus,0.55594,0.007800408,1,0.002666712,TRUE,0.8218804,trait affects abundance,15.40777,0.902439,1,0.06123162,7.412254,41,Terrestrial,1.612784,1.18774,-0.3802112,0.8699503,abunance.Synuchus.nitidus,Carabidae
1013,1013,13,4.3.finalss-87835,size.Synuchus.cycloderus,abunance.Synuchus.cycloderus,0.2434502,0.1971736,0.9999999,0.008534908,FALSE,0.3599074,trait affects abundance,1.056583,0.902439,1,0.06123162,7.412254,41,Terrestrial,1.612784,0.02390376,-1.146128,0.8699503,abunance.Synuchus.cycloderus,Carabidae
1014,1014,14,4.3.finalss-87835,size.Proteinus.sp,abunance.Proteinus.sp,0.3724148,0.07945279,1,0.002666712,FALSE,0.5505637,trait affects abundance,0.04397222,0.902439,1,0.06123162,7.412254,41,Terrestrial,1.612784,-1.356822,-0.3590219,0.8699503,abunance.Proteinus.sp,Staphylinidae
1015,1015,15,4.3.finalss-87835,size.Synuchus.melantho,abunance.Synuchus.melantho,0.0549581,0.4811246,0.5238096,0.1331285,FALSE,0.08124795,trait affects abundance,9.637574,0.902439,1,0.06123162,7.412254,41,Terrestrial,1.612784,0.9839677,-0.2044249,0.8699503,abunance.Synuchus.melantho,Carabidae
1016,1016,16,4.3.finalss-87835,size.Leistus.niger,abunance.Leistus.niger,0.1651919,0.2491338,0.9258201,0.007680297,FALSE,0.2442134,trait affects abundance,2.823889,0.902439,1,0.06123162,7.412254,41,Terrestrial,1.612784,0.4508476,-0.4887031,0.8699503,abunance.Leistus.niger,Carabidae
1017,1017,17,4.3.finalss-87835,size.Philonthus.sp,abunance.Philonthus.sp,0.1920783,0.2442651,1,0.002666712,FALSE,0.2839612,trait affects abundance,0.4789167,0.902439,1,0.06123162,7.412254,41,Terrestrial,1.612784,-0.31974,-1.146128,0.8699503,abunance.Philonthus.sp,Staphylinidae
1018,1018,18,4.3.finalss-87835,size.Sphaeridiinae.,abunance.Sphaeridiinae.,0.3716127,0.0564403,0.9999999,0.008534908,FALSE,0.5493781,trait affects abundance,0.03761111,0.902439,1,0.06123162,7.412254,41,Terrestrial,1.612784,-1.424684,-0.8750613,0.8699503,abunance.Sphaeridiinae.,Sphaeridiinae
1019,1019,19,4.3.finalss-87835,size.Aleocharinae.,abunance.Aleocharinae.,0.3583079,0.1342815,0.9047619,0.006863832,FALSE,0.5297087,trait affects abundance,0.6536667,0.902439,1,0.06123162,7.412254,41,Terrestrial,1.612784,-0.1846437,0.4110252,0.8699503,abunance.Aleocharinae.,Staphylinidae
1020,1020,20,4.3.finalss-87835,size.Ischnosoma.sp,abunance.Ischnosoma.sp,0.1678268,0.245655,0.9660917,0.01289892,FALSE,0.2481088,trait affects abundance,0.05858333,0.902439,1,0.06123162,7.412254,41,Terrestrial,1.612784,-1.232226,-0.8750613,0.8699503,abunance.Ischnosoma.sp,Staphylinidae
1021,1021,21,4.3.finalss-87835,size.Pterostichus.sp,abunance.Pterostichus.sp,0.3791878,0.1023489,0.9999999,0.008534908,FALSE,0.5605767,trait affects abundance,1.471278,0.902439,1,0.06123162,7.412254,41,Terrestrial,1.612784,0.1676947,-0.5740313,0.8699503,abunance.Pterostichus.sp,Carabidae
1022,1022,22,4.3.finalss-87835,size.Meloe.violaceus,abunance.Meloe.violaceus,0.1396323,0.2840273,0.9258201,0.007680297,FALSE,0.2064271,trait affects abundance,32.68025,0.902439,1,0.06123162,7.412254,41,Terrestrial,1.612784,1.514285,-0.7269987,0.8699503,abunance.Meloe.violaceus,Meloidae
1023,1023,23,4.3.finalss-87835,size.Badister.nakayamai,abunance.Badister.nakayamai,0.09486144,0.3495665,0.9660917,0.01289892,FALSE,0.1402395,trait affects abundance,0.03369444,0.902439,1,0.06123162,7.412254,41,Terrestrial,1.612784,-1.472442,-1.146128,0.8699503,abunance.Badister.nakayamai,Carabidae
1024,1024,24,4.3.finalss-87835,size.Staphylininae.,abunance.Staphylininae.,0.09561697,0.3484206,0.9660917,0.01289892,FALSE,0.1413565,trait affects abundance,0.02736111,0.902439,1,0.06123162,7.412254,41,Terrestrial,1.612784,-1.562866,-1.146128,0.8699503,abunance.Staphylininae.,Staphylinidae
1025,1025,25,4.3.finalss-87835,size.Phosphuga.atrata,abunance.Phosphuga.atrata,0.3879909,0.1152877,1,0.002666712,FALSE,0.573591,trait affects abundance,1.844889,0.902439,1,0.06123162,7.412254,41,Terrestrial,1.612784,0.2659702,-1.146128,0.8699503,abunance.Phosphuga.atrata,Silphidae
1026,1026,26,4.3.finalss-87835,size.Aphodius.rectus,abunance.Aphodius.rectus,0.3232565,0.1437545,1,0.002666712,FALSE,0.4778901,trait affects abundance,0.1452222,0.902439,1,0.06123162,7.412254,41,Terrestrial,1.612784,-0.8379669,-1.146128,0.8699503,abunance.Aphodius.rectus,Scarabaeidae
1027,1027,27,4.3.finalss-87835,size.Elateridae.,abunance.Elateridae.,0.3224586,0.144392,1,0.002666712,FALSE,0.4767105,trait affects abundance,0.2145,0.902439,1,0.06123162,7.412254,41,Terrestrial,1.612784,-0.6685727,-1.146128,0.8699503,abunance.Elateridae.,Elateridae
1028,1028,28,4.3.finalss-87835,size.Sericania.sp,abunance.Sericania.sp,0.151424,0.2676769,0.9258201,0.007680297,FALSE,0.2238594,trait affects abundance,0.8682778,0.902439,1,0.06123162,7.412254,41,Terrestrial,1.612784,-0.06134131,-1.146128,0.8699503,abunance.Sericania.sp,Scarabaeidae
1029,1029,29,4.3.finalss-87835,size.Coloninae.,abunance.Coloninae.,0.3447012,0.09199619,0.9999999,0.008534908,FALSE,0.509593,trait affects abundance,0.01238889,0.902439,1,0.06123162,7.412254,41,Terrestrial,1.612784,-1.906968,-1.146128,0.8699503,abunance.Coloninae.,Curculionidae
1030,1030,30,4.3.finalss-87835,size.Tachinus.mimulus,abunance.Tachinus.mimulus,0.332058,0.09500353,0.9999999,0.008534908,FALSE,0.4909018,trait affects abundance,0.03277778,0.902439,1,0.06123162,7.412254,41,Terrestrial,1.612784,-1.48442,-1.146128,0.8699503,abunance.Tachinus.mimulus,Staphylinidae
1031,1031,31,4.3.finalss-87835,size.Synuchus.crocatus,abunance.Synuchus.crocatus,0.3078017,0.09814564,0.9999999,0.008534908,FALSE,0.4550423,trait affects abundance,3.584944,0.902439,1,0.06123162,7.412254,41,Terrestrial,1.612784,0.5544824,-0.5509075,0.8699503,abunance.Synuchus.crocatus,Carabidae
1032,1032,32,4.3.finalss-87835,size.Harpalus.laevipes,abunance.Harpalus.laevipes,0.000843767,0.4986327,-0.06666666,1,FALSE,0.001247394,trait affects abundance,2.176722,0.902439,1,0.06123162,7.412254,41,Terrestrial,1.612784,0.337803,-0.8750613,0.8699503,abunance.Harpalus.laevipes,Carabidae
1033,1033,33,4.3.finalss-87835,size.Homalota.sp,abunance.Homalota.sp,0.2531324,0.1518466,1,0.002666712,FALSE,0.3742212,trait affects abundance,0.004805556,0.902439,1,0.06123162,7.412254,41,Terrestrial,1.612784,-2.318256,-0.69897,0.8699503,abunance.Homalota.sp,Staphylinidae
1034,1034,34,4.3.finalss-87835,size.Leiodinae.,abunance.Leiodinae.,0.2504859,0.1987192,0.9999999,0.008534908,FALSE,0.3703088,trait affects abundance,0.004333333,0.902439,1,0.06123162,7.412254,41,Terrestrial,1.612784,-2.363178,-1.146128,0.8699503,abunance.Leiodinae.,Leiodidae
1035,1035,35,4.3.finalss-87835,size.Carabidae.,abunance.Carabidae.,0.3567391,0.1835602,1,0.002666712,FALSE,0.5273894,trait affects abundance,0.7036667,0.902439,1,0.06123162,7.412254,41,Terrestrial,1.612784,-0.152633,-0.69897,0.8699503,abunance.Carabidae.,Carabidae
1036,1036,36,4.3.finalss-87835,size.Lebia.bifenestrata,abunance.Lebia.bifenestrata,0.4059691,0.1034408,1,0.002666712,FALSE,0.6001691,trait affects abundance,0.07055556,0.902439,1,0.06123162,7.412254,41,Terrestrial,1.612784,-1.151469,-1.146128,0.8699503,abunance.Lebia.bifenestrata,Carabidae
1037,1037,37,4.3.finalss-87835,size.Tachyporinae.,abunance.Tachyporinae.,0.3326287,0.09545151,0.9999999,0.008534908,FALSE,0.4917456,trait affects abundance,0.09716667,0.902439,1,0.06123162,7.412254,41,Terrestrial,1.612784,-1.012483,-1.146128,0.8699503,abunance.Tachyporinae.,Staphylinidae
1038,1038,38,4.3.finalss-87835,size.Hesperus.tiro,abunance.Hesperus.tiro,0.2456353,0.1541959,1,0.002666712,FALSE,0.3631379,trait affects abundance,0.3037222,0.902439,1,0.06123162,7.412254,41,Terrestrial,1.612784,-0.5175234,-1.146128,0.8699503,abunance.Hesperus.tiro,Staphylinidae
1039,1039,39,4.3.finalss-87835,size.Anisolinus.elegans,abunance.Anisolinus.elegans,0.287553,0.1395528,1,0.002666712,FALSE,0.4251074,trait affects abundance,0.3368889,0.902439,1,0.06123162,7.412254,41,Terrestrial,1.612784,-0.4725133,-1.146128,0.8699503,abunance.Anisolinus.elegans,Staphylinidae
1040,1040,40,4.3.finalss-87835,size.Badister.pictus,abunance.Badister.pictus,0.2858081,0.140645,1,0.002666712,FALSE,0.4225277,trait affects abundance,0.1374444,0.902439,1,0.06123162,7.412254,41,Terrestrial,1.612784,-0.8618728,-1.146128,0.8699503,abunance.Badister.pictus,Carabidae
1041,1041,41,4.3.finalss-87835,size.Lordithon.sp,abunance.Lordithon.sp,0.3336963,0.0949821,0.9999999,0.008534908,FALSE,0.4933239,trait affects abundance,0.05244444,0.902439,1,0.06123162,7.412254,41,Terrestrial,1.612784,-1.280301,-1.146128,0.8699503,abunance.Lordithon.sp,Staphylinidae
1042,1042,42,4.3.finalss-87835,abunance.Coleoptera.,size.Coleoptera.,0.6764244,0.07535476,0.8095238,0.01626098,FALSE,1,abundance affects trait,11.33503,0.902439,1,0.06123162,7.412254,41,Terrestrial,1.612784,1.054423,-0.1566288,0.8699503,size.Coleoptera.,Staphylinidae
1043,1043,43,4.3.finalss-87835,abunance.Tachinus.sp2,size.Tachinus.sp2,0.3195977,0.1390683,0.9047619,0.006863832,FALSE,0.472481,abundance affects trait,0.06919444,0.902439,1,0.06123162,7.412254,41,Terrestrial,1.612784,-1.159929,-1.146128,0.8699503,size.Tachinus.sp2,Staphylinidae
1044,1044,44,4.3.finalss-87835,abunance.Domene.curtipennis,size.Domene.curtipennis,0.4735525,0.09842732,0.8666666,0.02417052,FALSE,0.7000819,abundance affects trait,0.7052639,0.902439,1,0.06123162,7.412254,41,Terrestrial,1.612784,-0.1516484,-0.243038,0.8699503,size.Domene.curtipennis,Staphylinidae
1045,1045,45,4.3.finalss-87835,abunance.Athetini.,size.Athetini.,0.3793608,0.07519647,1,0.002666712,FALSE,0.5608324,abundance affects trait,3.270139,0.902439,1,0.06123162,7.412254,41,Terrestrial,1.612784,0.5145662,0.1982642,0.8699503,size.Athetini.,Staphylinidae
1046,1046,46,4.3.finalss-87835,abunance.Carabus.arboreus,size.Carabus.arboreus,0.2499466,0.1740794,0.9999999,0.008534908,FALSE,0.3695115,abundance affects trait,245.1885,0.902439,1,0.06123162,7.412254,41,Terrestrial,1.612784,2.3895,0.276632,0.8699503,size.Carabus.arboreus,Carabidae
1047,1047,47,4.3.finalss-87835,abunance.Pselaphinae.,size.Pselaphinae.,0.4098226,0.177807,0.9999999,0.008534908,FALSE,0.605866,abundance affects trait,0.07575,0.902439,1,0.06123162,7.412254,41,Terrestrial,1.612784,-1.120617,-0.3054584,0.8699503,size.Pselaphinae.,Staphylinidae
1048,1048,48,4.3.finalss-87835,abunance.Cholevinae.,size.Cholevinae.,0.2837298,0.1180032,0.8944272,0.02677274,FALSE,0.4194552,abundance affects trait,0.5432963,0.902439,1,0.06123162,7.412254,41,Terrestrial,1.612784,-0.2649633,-0.1770977,0.8699503,size.Cholevinae.,Leiodidae
1049,1049,49,4.3.finalss-87835,abunance.Domene.crassicornis,size.Domene.crassicornis,0.08386136,0.366383,0.8451542,0.01906741,FALSE,0.1239774,abundance affects trait,0.2670833,0.902439,1,0.06123162,7.412254,41,Terrestrial,1.612784,-0.5733532,-0.8750613,0.8699503,size.Domene.crassicornis,Staphylinidae
1050,1050,50,4.3.finalss-87835,abunance.Lucanus.maculifemoratus,size.Lucanus.maculifemoratus,0.3136313,0.1865423,1,0.002666712,FALSE,0.4636605,abundance affects trait,40.71037,0.902439,1,0.06123162,7.412254,41,Terrestrial,1.612784,1.609705,-1.146128,0.8699503,size.Lucanus.maculifemoratus,Lucanidae
1051,1051,51,4.3.finalss-87835,abunance.Drusilla.aino,size.Drusilla.aino,0.2235251,0.2467861,0.9999999,0.008534908,FALSE,0.3304509,abundance affects trait,0.07552778,0.902439,1,0.06123162,7.412254,41,Terrestrial,1.612784,-1.121893,-1.146128,0.8699503,size.Drusilla.aino,Staphylinidae
1052,1052,52,4.3.finalss-87835,abunance.Onthophagus.ater,size.Onthophagus.ater,0.2719641,0.1285575,0.9660917,0.01289892,FALSE,0.4020613,abundance affects trait,1.037111,0.902439,1,0.06123162,7.412254,41,Terrestrial,1.612784,0.01582529,-1.146128,0.8699503,size.Onthophagus.ater,Scarabaeidae
1053,1053,53,4.3.finalss-87835,abunance.Synuchus.nitidus,size.Synuchus.nitidus,0.1358068,0.2894202,0.9258201,0.007680297,FALSE,0.2007716,abundance affects trait,15.40777,0.902439,1,0.06123162,7.412254,41,Terrestrial,1.612784,1.18774,-0.3802112,0.8699503,size.Synuchus.nitidus,Carabidae
1054,1054,54,4.3.finalss-87835,abunance.Synuchus.cycloderus,size.Synuchus.cycloderus,0.2729034,0.1276943,0.9660917,0.01289892,FALSE,0.40345,abundance affects trait,1.056583,0.902439,1,0.06123162,7.412254,41,Terrestrial,1.612784,0.02390376,-1.146128,0.8699503,size.Synuchus.cycloderus,Carabidae
1055,1055,55,4.3.finalss-87835,abunance.Proteinus.sp,size.Proteinus.sp,0.1449685,0.2765763,0.8944272,0.02677274,FALSE,0.2143159,abundance affects trait,0.04397222,0.902439,1,0.06123162,7.412254,41,Terrestrial,1.612784,-1.356822,-0.3590219,0.8699503,size.Proteinus.sp,Staphylinidae
1056,1056,56,4.3.finalss-87835,abunance.Synuchus.melantho,size.Synuchus.melantho,0.03613155,0.4416327,0.7237468,0.05727935,FALSE,0.05341549,abundance affects trait,9.637574,0.902439,1,0.06123162,7.412254,41,Terrestrial,1.612784,0.9839677,-0.2044249,0.8699503,size.Synuchus.melantho,Carabidae
1057,1057,57,4.3.finalss-87835,abunance.Leistus.niger,size.Leistus.niger,0.1509261,0.2797988,0.5238096,0.1331285,FALSE,0.2231234,abundance affects trait,2.823889,0.902439,1,0.06123162,7.412254,41,Terrestrial,1.612784,0.4508476,-0.4887031,0.8699503,size.Leistus.niger,Carabidae
1058,1058,58,4.3.finalss-87835,abunance.Philonthus.sp,size.Philonthus.sp,0.2008298,0.2884092,1,0.002666712,FALSE,0.2968992,abundance affects trait,0.4789167,0.902439,1,0.06123162,7.412254,41,Terrestrial,1.612784,-0.31974,-1.146128,0.8699503,size.Philonthus.sp,Staphylinidae
1059,1059,59,4.3.finalss-87835,abunance.Sphaeridiinae.,size.Sphaeridiinae.,0.4256716,0.11167,0.9047619,0.006863832,FALSE,0.6292966,abundance affects trait,0.03761111,0.902439,1,0.06123162,7.412254,41,Terrestrial,1.612784,-1.424684,-0.8750613,0.8699503,size.Sphaeridiinae.,Sphaeridiinae
1060,1060,60,4.3.finalss-87835,abunance.Aleocharinae.,size.Aleocharinae.,0.271067,0.2255755,1,0.002666712,FALSE,0.4007351,abundance affects trait,0.6536667,0.902439,1,0.06123162,7.412254,41,Terrestrial,1.612784,-0.1846437,0.4110252,0.8699503,size.Aleocharinae.,Staphylinidae
1061,1061,61,4.3.finalss-87835,abunance.Ischnosoma.sp,size.Ischnosoma.sp,0.07599641,0.3785485,0.87831,0.009809136,FALSE,0.1123502,abundance affects trait,0.05858333,0.902439,1,0.06123162,7.412254,41,Terrestrial,1.612784,-1.232226,-0.8750613,0.8699503,size.Ischnosoma.sp,Staphylinidae
1062,1062,62,4.3.finalss-87835,abunance.Pterostichus.sp,size.Pterostichus.sp,0.2790795,0.1510344,1,0.002666712,FALSE,0.4125804,abundance affects trait,1.471278,0.902439,1,0.06123162,7.412254,41,Terrestrial,1.612784,0.1676947,-0.5740313,0.8699503,size.Pterostichus.sp,Carabidae
1063,1063,63,4.3.finalss-87835,abunance.Meloe.violaceus,size.Meloe.violaceus,0.3671965,0.05883792,1,0.002666712,FALSE,0.5428493,abundance affects trait,32.68025,0.902439,1,0.06123162,7.412254,41,Terrestrial,1.612784,1.514285,-0.7269987,0.8699503,size.Meloe.violaceus,Meloidae
1064,1064,64,4.3.finalss-87835,abunance.Badister.nakayamai,size.Badister.nakayamai,0.3415008,0.1479903,1,0.002666712,FALSE,0.5048617,abundance affects trait,0.03369444,0.902439,1,0.06123162,7.412254,41,Terrestrial,1.612784,-1.472442,-1.146128,0.8699503,size.Badister.nakayamai,Carabidae
1065,1065,65,4.3.finalss-87835,abunance.Staphylininae.,size.Staphylininae.,0.3420739,0.1482166,1,0.002666712,FALSE,0.505709,abundance affects trait,0.02736111,0.902439,1,0.06123162,7.412254,41,Terrestrial,1.612784,-1.562866,-1.146128,0.8699503,size.Staphylininae.,Staphylinidae
1066,1066,66,4.3.finalss-87835,abunance.Phosphuga.atrata,size.Phosphuga.atrata,0.2926661,0.1437921,0.9999999,0.008534908,FALSE,0.4326664,abundance affects trait,1.844889,0.902439,1,0.06123162,7.412254,41,Terrestrial,1.612784,0.2659702,-1.146128,0.8699503,size.Phosphuga.atrata,Silphidae
1067,1067,67,4.3.finalss-87835,abunance.Aphodius.rectus,size.Aphodius.rectus,0.2908423,0.2267931,0.9999999,0.008534908,FALSE,0.4299701,abundance affects trait,0.1452222,0.902439,1,0.06123162,7.412254,41,Terrestrial,1.612784,-0.8379669,-1.146128,0.8699503,size.Aphodius.rectus,Scarabaeidae
1068,1068,68,4.3.finalss-87835,abunance.Elateridae.,size.Elateridae.,0.2757951,0.2725891,1,0.002666712,FALSE,0.407725,abundance affects trait,0.2145,0.902439,1,0.06123162,7.412254,41,Terrestrial,1.612784,-0.6685727,-1.146128,0.8699503,size.Elateridae.,Elateridae
1069,1069,69,4.3.finalss-87835,abunance.Sericania.sp,size.Sericania.sp,0.07470129,0.3805623,0.9759001,0.003897905,FALSE,0.1104355,abundance affects trait,0.8682778,0.902439,1,0.06123162,7.412254,41,Terrestrial,1.612784,-0.06134131,-1.146128,0.8699503,size.Sericania.sp,Scarabaeidae
1070,1070,70,4.3.finalss-87835,abunance.Coloninae.,size.Coloninae.,0.1377045,0.3519089,0.6,0.1328549,FALSE,0.203577,abundance affects trait,0.01238889,0.902439,1,0.06123162,7.412254,41,Terrestrial,1.612784,-1.906968,-1.146128,0.8699503,size.Coloninae.,Curculionidae
1071,1071,71,4.3.finalss-87835,abunance.Tachinus.mimulus,size.Tachinus.mimulus,0.2372569,0.2226181,0.9999999,0.008534908,FALSE,0.3507515,abundance affects trait,0.03277778,0.902439,1,0.06123162,7.412254,41,Terrestrial,1.612784,-1.48442,-1.146128,0.8699503,size.Tachinus.mimulus,Staphylinidae
1072,1072,72,4.3.finalss-87835,abunance.Synuchus.crocatus,size.Synuchus.crocatus,0.03772123,0.4559449,0.04761905,1,FALSE,0.05576562,abundance affects trait,3.584944,0.902439,1,0.06123162,7.412254,41,Terrestrial,1.612784,0.5544824,-0.5509075,0.8699503,size.Synuchus.crocatus,Carabidae
1073,1073,73,4.3.finalss-87835,abunance.Harpalus.laevipes,size.Harpalus.laevipes,0.3789541,0.05655565,1,0.002666712,FALSE,0.5602313,abundance affects trait,2.176722,0.902439,1,0.06123162,7.412254,41,Terrestrial,1.612784,0.337803,-0.8750613,0.8699503,size.Harpalus.laevipes,Carabidae
1074,1074,74,4.3.finalss-87835,abunance.Homalota.sp,size.Homalota.sp,0.424228,0.08403207,0.9999999,0.008534908,FALSE,0.6271625,abundance affects trait,0.004805556,0.902439,1,0.06123162,7.412254,41,Terrestrial,1.612784,-2.318256,-0.69897,0.8699503,size.Homalota.sp,Staphylinidae
1075,1075,75,4.3.finalss-87835,abunance.Leiodinae.,size.Leiodinae.,0.2013179,0.2035292,1,0.002666712,FALSE,0.2976207,abundance affects trait,0.004333333,0.902439,1,0.06123162,7.412254,41,Terrestrial,1.612784,-2.363178,-1.146128,0.8699503,size.Leiodinae.,Leiodidae
1076,1076,76,4.3.finalss-87835,abunance.Carabidae.,size.Carabidae.,0.09495302,0.3494275,0.8944272,0.02677274,FALSE,0.1403749,abundance affects trait,0.7036667,0.902439,1,0.06123162,7.412254,41,Terrestrial,1.612784,-0.152633,-0.69897,0.8699503,size.Carabidae.,Carabidae
1077,1077,77,4.3.finalss-87835,abunance.Lebia.bifenestrata,size.Lebia.bifenestrata,0.3869147,0.09085974,0.9047619,0.006863832,FALSE,0.5719999,abundance affects trait,0.07055556,0.902439,1,0.06123162,7.412254,41,Terrestrial,1.612784,-1.151469,-1.146128,0.8699503,size.Lebia.bifenestrata,Carabidae
1078,1078,78,4.3.finalss-87835,abunance.Tachyporinae.,size.Tachyporinae.,0.1927033,0.2789774,0.9999999,0.008534908,FALSE,0.2848852,abundance affects trait,0.09716667,0.902439,1,0.06123162,7.412254,41,Terrestrial,1.612784,-1.012483,-1.146128,0.8699503,size.Tachyporinae.,Staphylinidae
1079,1079,79,4.3.finalss-87835,abunance.Hesperus.tiro,size.Hesperus.tiro,0.2100434,0.1932202,0.87831,0.009809136,FALSE,0.3105201,abundance affects trait,0.3037222,0.902439,1,0.06123162,7.412254,41,Terrestrial,1.612784,-0.5175234,-1.146128,0.8699503,size.Hesperus.tiro,Staphylinidae
1080,1080,80,4.3.finalss-87835,abunance.Anisolinus.elegans,size.Anisolinus.elegans,0.3888386,0.0753651,1,0.002666712,FALSE,0.5748442,abundance affects trait,0.3368889,0.902439,1,0.06123162,7.412254,41,Terrestrial,1.612784,-0.4725133,-1.146128,0.8699503,size.Anisolinus.elegans,Staphylinidae
1081,1081,81,4.3.finalss-87835,abunance.Badister.pictus,size.Badister.pictus,0.3926798,0.07314336,1,0.002666712,FALSE,0.5805229,abundance affects trait,0.1374444,0.902439,1,0.06123162,7.412254,41,Terrestrial,1.612784,-0.8618728,-1.146128,0.8699503,size.Badister.pictus,Carabidae
1082,1082,82,4.3.finalss-87835,abunance.Lordithon.sp,size.Lordithon.sp,0.1835604,0.2930167,0.9999999,0.008534908,FALSE,0.2713686,abundance affects trait,0.05244444,0.902439,1,0.06123162,7.412254,41,Terrestrial,1.612784,-1.280301,-1.146128,0.8699503,size.Lordithon.sp,Staphylinidae
1083,1083,1,4.3.finalss-87836,size.Pterostichus.yoritomus,abunance.Pterostichus.yoritomus,0.9861385,4.99E-09,1,0.000836611,TRUE,1,trait affects abundance,29.47917,0.9333333,0.8333333,0.1094937,14.16805,30,Terrestrial,1.477121,1.469515,0.08517161,1.15131,abunance.Pterostichus.yoritomus,Carabidae
1084,1084,2,4.3.finalss-87836,size.Synuchus.nitidus,abunance.Synuchus.nitidus,0.7731209,0.1442806,0.9285715,0.001981735,FALSE,0.7839882,trait affects abundance,50.10467,0.9333333,0.8333333,0.1094937,14.16805,30,Terrestrial,1.477121,1.699878,0.1249387,1.15131,abunance.Synuchus.nitidus,Carabidae
1085,1085,3,4.3.finalss-87836,size.Synuchus.crocatus,abunance.Synuchus.crocatus,0.6063947,0.02184649,1,0.002666712,TRUE,0.6149184,trait affects abundance,7.584275,0.9333333,0.8333333,0.1094937,14.16805,30,Terrestrial,1.477121,0.8799141,-0.1995724,1.15131,abunance.Synuchus.crocatus,Carabidae
1086,1086,4,4.3.finalss-87836,size.Calosoma.inquisitor,abunance.Calosoma.inquisitor,0.1797425,0.217227,0.9258201,0.007680297,FALSE,0.1822691,trait affects abundance,77.30174,0.9333333,0.8333333,0.1094937,14.16805,30,Terrestrial,1.477121,1.888189,0.02227639,1.15131,abunance.Calosoma.inquisitor,Carabidae
1087,1087,5,4.3.finalss-87836,size.Silphini.,abunance.Silphini.,0.4892544,0.06400964,0.7857143,0.009374738,FALSE,0.4961315,trait affects abundance,74.57228,0.9333333,0.8333333,0.1094937,14.16805,30,Terrestrial,1.477121,1.872577,-0.1180993,1.15131,abunance.Silphini.,Silphidae
1088,1088,6,4.3.finalss-87836,size.Platydracus.brevicornis,abunance.Platydracus.brevicornis,0,0.5,1,1,FALSE,0,trait affects abundance,5.024125,0.9333333,0.8333333,0.1094937,14.16805,30,Terrestrial,1.477121,0.7010604,-0.6283889,1.15131,abunance.Platydracus.brevicornis,Staphylinidae
1089,1089,7,4.3.finalss-87836,size.Carabus.blaptoides,abunance.Carabus.blaptoides,0.2080936,0.1818571,0.4285714,0.2295562,FALSE,0.2110187,trait affects abundance,237.7472,0.9333333,0.8333333,0.1094937,14.16805,30,Terrestrial,1.477121,2.376115,-0.1576079,1.15131,abunance.Carabus.blaptoides,Carabidae
1090,1090,8,4.3.finalss-87836,size.Anotylus.vicinus,abunance.Anotylus.vicinus,0.2016802,0.3186939,0.7142858,0.01874113,FALSE,0.2045151,trait affects abundance,0.0777,0.9333333,0.8333333,0.1094937,14.16805,30,Terrestrial,1.477121,-1.109579,-0.3273589,1.15131,abunance.Anotylus.vicinus,Staphylinidae
1091,1091,9,4.3.finalss-87836,size.Brachinus.scotomedes,abunance.Brachinus.scotomedes,0.2112075,0.285088,0.8571429,0.00443399,FALSE,0.2141763,trait affects abundance,21.73405,0.9333333,0.8333333,0.1094937,14.16805,30,Terrestrial,1.477121,1.337141,-0.2787536,1.15131,abunance.Brachinus.scotomedes,Carabidae
1092,1092,10,4.3.finalss-87836,size.Cyrtepistomus.castaneus,abunance.Cyrtepistomus.castaneus,0.2818929,0.1584014,0.9047619,0.006863832,FALSE,0.2858553,trait affects abundance,0.4514,0.9333333,0.8333333,0.1094937,14.16805,30,Terrestrial,1.477121,-0.3454384,-0.6283889,1.15131,abunance.Cyrtepistomus.castaneus,Curculionidae
1093,1093,11,4.3.finalss-87836,size.Chrysomelidae.,abunance.Chrysomelidae.,0.2815975,0.1583346,0.9047619,0.006863832,FALSE,0.2855558,trait affects abundance,0.136,0.9333333,0.8333333,0.1094937,14.16805,30,Terrestrial,1.477121,-0.8664611,-0.6283889,1.15131,abunance.Chrysomelidae.,Chrysomelidae
1094,1094,12,4.3.finalss-87836,size.Diplocheila.macromandibularis,abunance.Diplocheila.macromandibularis,0,0.5,1,1,FALSE,0,trait affects abundance,9.308725,0.9333333,0.8333333,0.1094937,14.16805,30,Terrestrial,1.477121,0.9688902,-0.6283889,1.15131,abunance.Diplocheila.macromandibularis,Carabidae
1095,1095,13,4.3.finalss-87836,size.Pseudoepilichas.niponicus,abunance.Pseudoepilichas.niponicus,0.3334469,0.06795199,0.9258201,0.007680297,FALSE,0.338134,trait affects abundance,0.7824,0.9333333,0.8333333,0.1094937,14.16805,30,Terrestrial,1.477121,-0.1065712,-0.3756636,1.15131,abunance.Pseudoepilichas.niponicus,Carabidae
1096,1096,14,4.3.finalss-87836,size.Synuchus.sp,abunance.Synuchus.sp,0,0.5,1,1,FALSE,0,trait affects abundance,0.37455,0.9333333,0.8333333,0.1094937,14.16805,30,Terrestrial,1.477121,-0.4264902,-0.6283889,1.15131,abunance.Synuchus.sp,Carabidae
1097,1097,15,4.3.finalss-87836,size.Tachyporinae.,abunance.Tachyporinae.,0,0.5,1,1,FALSE,0,trait affects abundance,0.257725,0.9333333,0.8333333,0.1094937,14.16805,30,Terrestrial,1.477121,-0.5888435,-0.6283889,1.15131,abunance.Tachyporinae.,Staphylinidae
1098,1098,16,4.3.finalss-87836,size.Tachinus.japonicus,abunance.Tachinus.japonicus,0,0.5,1,1,FALSE,0,trait affects abundance,0.985975,0.9333333,0.8333333,0.1094937,14.16805,30,Terrestrial,1.477121,-0.006134097,-0.6283889,1.15131,abunance.Tachinus.japonicus,Staphylinidae
1099,1099,17,4.3.finalss-87836,size.Leiodinae.,abunance.Leiodinae.,0,0.5,1,1,FALSE,0,trait affects abundance,0.236825,0.9333333,0.8333333,0.1094937,14.16805,30,Terrestrial,1.477121,-0.6255725,-0.2024202,1.15131,abunance.Leiodinae.,Leiodidae
1100,1100,18,4.3.finalss-87836,size.Glenea.relicta,abunance.Glenea.relicta,0,0.5,1,1,FALSE,0,trait affects abundance,1.811775,0.9333333,0.8333333,0.1094937,14.16805,30,Terrestrial,1.477121,0.2581043,-0.6283889,1.15131,abunance.Glenea.relicta,Cerambycidae
1101,1101,19,4.3.finalss-87836,size.Oxycentrus.argutoroides,abunance.Oxycentrus.argutoroides,0.5720942,0.02555333,0.6190476,0.07150543,FALSE,0.5801358,trait affects abundance,4.164525,0.9333333,0.8333333,0.1094937,14.16805,30,Terrestrial,1.477121,0.6195655,-0.243038,1.15131,abunance.Oxycentrus.argutoroides,Carabidae
1102,1102,20,4.3.finalss-87836,size.Harpalus.ussuriensis,abunance.Harpalus.ussuriensis,0.1937676,0.1993074,0.9819806,0.001188755,FALSE,0.1964912,trait affects abundance,12.0985,0.9333333,0.8333333,0.1094937,14.16805,30,Terrestrial,1.477121,1.082732,-0.6283889,1.15131,abunance.Harpalus.ussuriensis,Carabidae
1103,1103,21,4.3.finalss-87836,size.Algon.grandicollis,abunance.Algon.grandicollis,0.1849003,0.3167812,0.5238096,0.1331285,FALSE,0.1874993,trait affects abundance,10.34083,0.9333333,0.8333333,0.1094937,14.16805,30,Terrestrial,1.477121,1.014555,-0.243038,1.15131,abunance.Algon.grandicollis,Staphylinidae
1104,1104,22,4.3.finalss-87836,size.Ipelates.curtus,abunance.Ipelates.curtus,0,0.5,1,1,FALSE,0,trait affects abundance,0.548475,0.9333333,0.8333333,0.1094937,14.16805,30,Terrestrial,1.477121,-0.2608432,-0.3756636,1.15131,abunance.Ipelates.curtus,Staphylinidae
1105,1105,23,4.3.finalss-87836,size.Scolytidae.,abunance.Scolytidae.,0,0.5,1,1,FALSE,0,trait affects abundance,0.032,0.9333333,0.8333333,0.1094937,14.16805,30,Terrestrial,1.477121,-1.49485,-0.6283889,1.15131,abunance.Scolytidae.,Curculionidae
1106,1106,24,4.3.finalss-87836,size.Bolitobius.prolongatus,abunance.Bolitobius.prolongatus,0,0.5,1,1,FALSE,0,trait affects abundance,0.558575,0.9333333,0.8333333,0.1094937,14.16805,30,Terrestrial,1.477121,-0.2529185,-0.6283889,1.15131,abunance.Bolitobius.prolongatus,Tachyporinae
1107,1107,25,4.3.finalss-87836,size.Dendroxena.sexcarinata,abunance.Dendroxena.sexcarinata,0,0.5,1,1,FALSE,0,trait affects abundance,5.1537,0.9333333,0.8333333,0.1094937,14.16805,30,Terrestrial,1.477121,0.7121191,-0.6283889,1.15131,abunance.Dendroxena.sexcarinata,Silphidae
1108,1108,26,4.3.finalss-87836,size.Staphylinidae.,abunance.Staphylinidae.,0.2020971,0.3172296,0.7142858,0.01874113,FALSE,0.2049379,trait affects abundance,0.1254083,0.9333333,0.8333333,0.1094937,14.16805,30,Terrestrial,1.477121,-0.9016736,0.2924298,1.15131,abunance.Staphylinidae.,Staphylinidae
1109,1109,27,4.3.finalss-87836,size.Ontholestes.gracilis,abunance.Ontholestes.gracilis,0,0.5,1,1,FALSE,0,trait affects abundance,2.69055,0.9333333,0.8333333,0.1094937,14.16805,30,Terrestrial,1.477121,0.4298411,-0.6283889,1.15131,abunance.Ontholestes.gracilis,Staphylinidae
1110,1110,28,4.3.finalss-87836,size.Physoronia.explanata,abunance.Physoronia.explanata,0.2850494,0.1304303,1,0.002666712,FALSE,0.2890562,trait affects abundance,0.2817,0.9333333,0.8333333,0.1094937,14.16805,30,Terrestrial,1.477121,-0.5502132,-0.6283889,1.15131,abunance.Physoronia.explanata,Staphylinidae
1111,1111,29,4.3.finalss-87836,size.Pterostichus.microcephalus,abunance.Pterostichus.microcephalus,0.190618,0.4189515,0.8095238,0.01626098,FALSE,0.1932974,trait affects abundance,2.410875,0.9333333,0.8333333,0.1094937,14.16805,30,Terrestrial,1.477121,0.3821747,-0.3756636,1.15131,abunance.Pterostichus.microcephalus,Carabidae
1112,1112,30,4.3.finalss-87836,size.Rugilus.rufescens,abunance.Rugilus.rufescens,0.1991562,0.3213404,0.7142858,0.01874113,FALSE,0.2019556,trait affects abundance,0.0481,0.9333333,0.8333333,0.1094937,14.16805,30,Terrestrial,1.477121,-1.317855,-0.6283889,1.15131,abunance.Rugilus.rufescens,Staphylinidae
1113,1113,31,4.3.finalss-87836,abunance.Pterostichus.yoritomus,size.Pterostichus.yoritomus,0.9809453,1.87E-07,1,0.000836611,TRUE,0.9947338,abundance affects trait,29.47917,0.9333333,0.8333333,0.1094937,14.16805,30,Terrestrial,1.477121,1.469515,0.08517161,1.15131,size.Pterostichus.yoritomus,Carabidae
1114,1114,32,4.3.finalss-87836,abunance.Synuchus.nitidus,size.Synuchus.nitidus,0.7605272,0.01958407,0.4285715,0.1735462,FALSE,0.7712174,abundance affects trait,50.10467,0.9333333,0.8333333,0.1094937,14.16805,30,Terrestrial,1.477121,1.699878,0.1249387,1.15131,size.Synuchus.nitidus,Carabidae
1115,1115,33,4.3.finalss-87836,abunance.Synuchus.crocatus,size.Synuchus.crocatus,0.2097621,0.34982,0.9047619,0.006863832,FALSE,0.2127105,abundance affects trait,7.584275,0.9333333,0.8333333,0.1094937,14.16805,30,Terrestrial,1.477121,0.8799141,-0.1995724,1.15131,size.Synuchus.crocatus,Carabidae
1116,1116,34,4.3.finalss-87836,abunance.Calosoma.inquisitor,size.Calosoma.inquisitor,0,0.5,1,1,FALSE,0,abundance affects trait,77.30174,0.9333333,0.8333333,0.1094937,14.16805,30,Terrestrial,1.477121,1.888189,0.02227639,1.15131,size.Calosoma.inquisitor,Carabidae
1117,1117,35,4.3.finalss-87836,abunance.Silphini.,size.Silphini.,0,0.5,1,1,FALSE,0,abundance affects trait,74.57228,0.9333333,0.8333333,0.1094937,14.16805,30,Terrestrial,1.477121,1.872577,-0.1180993,1.15131,size.Silphini.,Silphidae
1118,1118,36,4.3.finalss-87836,abunance.Platydracus.brevicornis,size.Platydracus.brevicornis,0.03516527,0.4651934,-0.3571429,0.2655104,FALSE,0.03565956,abundance affects trait,5.024125,0.9333333,0.8333333,0.1094937,14.16805,30,Terrestrial,1.477121,0.7010604,-0.6283889,1.15131,size.Platydracus.brevicornis,Staphylinidae
1119,1119,37,4.3.finalss-87836,abunance.Carabus.blaptoides,size.Carabus.blaptoides,0.7132322,0.003756075,1,0.000836611,TRUE,0.7232577,abundance affects trait,237.7472,0.9333333,0.8333333,0.1094937,14.16805,30,Terrestrial,1.477121,2.376115,-0.1576079,1.15131,size.Carabus.blaptoides,Carabidae
1120,1120,38,4.3.finalss-87836,abunance.Anotylus.vicinus,size.Anotylus.vicinus,0.1771942,0.2205695,0.8095238,0.01626098,FALSE,0.1796849,abundance affects trait,0.0777,0.9333333,0.8333333,0.1094937,14.16805,30,Terrestrial,1.477121,-1.109579,-0.3273589,1.15131,size.Anotylus.vicinus,Staphylinidae
1121,1121,39,4.3.finalss-87836,abunance.Brachinus.scotomedes,size.Brachinus.scotomedes,0.351128,0.1480352,1,0.002666712,FALSE,0.3560635,abundance affects trait,21.73405,0.9333333,0.8333333,0.1094937,14.16805,30,Terrestrial,1.477121,1.337141,-0.2787536,1.15131,size.Brachinus.scotomedes,Carabidae
1122,1122,40,4.3.finalss-87836,abunance.Cyrtepistomus.castaneus,size.Cyrtepistomus.castaneus,0.3216936,0.2951674,0.7857143,0.009374738,FALSE,0.3262155,abundance affects trait,0.4514,0.9333333,0.8333333,0.1094937,14.16805,30,Terrestrial,1.477121,-0.3454384,-0.6283889,1.15131,size.Cyrtepistomus.castaneus,Curculionidae
1123,1123,41,4.3.finalss-87836,abunance.Chrysomelidae.,size.Chrysomelidae.,0.2981453,0.3339351,0.5000001,0.1077623,FALSE,0.3023362,abundance affects trait,0.136,0.9333333,0.8333333,0.1094937,14.16805,30,Terrestrial,1.477121,-0.8664611,-0.6283889,1.15131,size.Chrysomelidae.,Chrysomelidae
1124,1124,42,4.3.finalss-87836,abunance.Diplocheila.macromandibularis,size.Diplocheila.macromandibularis,0.01739769,0.4701719,0.3333333,0.3675208,FALSE,0.01764224,abundance affects trait,9.308725,0.9333333,0.8333333,0.1094937,14.16805,30,Terrestrial,1.477121,0.9688902,-0.6283889,1.15131,size.Diplocheila.macromandibularis,Carabidae
1125,1125,43,4.3.finalss-87836,abunance.Pseudoepilichas.niponicus,size.Pseudoepilichas.niponicus,0,0.5,1,1,FALSE,0,abundance affects trait,0.7824,0.9333333,0.8333333,0.1094937,14.16805,30,Terrestrial,1.477121,-0.1065712,-0.3756636,1.15131,size.Pseudoepilichas.niponicus,Carabidae
1126,1126,44,4.3.finalss-87836,abunance.Synuchus.sp,size.Synuchus.sp,0.01680882,0.4711799,0.4285714,0.2295562,FALSE,0.01704509,abundance affects trait,0.37455,0.9333333,0.8333333,0.1094937,14.16805,30,Terrestrial,1.477121,-0.4264902,-0.6283889,1.15131,size.Synuchus.sp,Carabidae
1127,1127,45,4.3.finalss-87836,abunance.Tachyporinae.,size.Tachyporinae.,0.0195009,0.4665731,0.3333333,0.3675208,FALSE,0.01977502,abundance affects trait,0.257725,0.9333333,0.8333333,0.1094937,14.16805,30,Terrestrial,1.477121,-0.5888435,-0.6283889,1.15131,size.Tachyporinae.,Staphylinidae
1128,1128,46,4.3.finalss-87836,abunance.Tachinus.japonicus,size.Tachinus.japonicus,0,0.5,1,1,FALSE,0,abundance affects trait,0.985975,0.9333333,0.8333333,0.1094937,14.16805,30,Terrestrial,1.477121,-0.006134097,-0.6283889,1.15131,size.Tachinus.japonicus,Staphylinidae
1129,1129,47,4.3.finalss-87836,abunance.Leiodinae.,size.Leiodinae.,0,0.5,1,1,FALSE,0,abundance affects trait,0.236825,0.9333333,0.8333333,0.1094937,14.16805,30,Terrestrial,1.477121,-0.6255725,-0.2024202,1.15131,size.Leiodinae.,Leiodidae
1130,1130,48,4.3.finalss-87836,abunance.Glenea.relicta,size.Glenea.relicta,0,0.5,1,1,FALSE,0,abundance affects trait,1.811775,0.9333333,0.8333333,0.1094937,14.16805,30,Terrestrial,1.477121,0.2581043,-0.6283889,1.15131,size.Glenea.relicta,Cerambycidae
1131,1131,49,4.3.finalss-87836,abunance.Oxycentrus.argutoroides,size.Oxycentrus.argutoroides,0.7417151,0.001700795,1,0.000836611,TRUE,0.7521409,abundance affects trait,4.164525,0.9333333,0.8333333,0.1094937,14.16805,30,Terrestrial,1.477121,0.6195655,-0.243038,1.15131,size.Oxycentrus.argutoroides,Carabidae
1132,1132,50,4.3.finalss-87836,abunance.Harpalus.ussuriensis,size.Harpalus.ussuriensis,0.2684312,0.132956,0.9047619,0.006863832,FALSE,0.2722043,abundance affects trait,12.0985,0.9333333,0.8333333,0.1094937,14.16805,30,Terrestrial,1.477121,1.082732,-0.6283889,1.15131,size.Harpalus.ussuriensis,Carabidae
1133,1133,51,4.3.finalss-87836,abunance.Algon.grandicollis,size.Algon.grandicollis,0.5112123,0.02018474,1,0.002666712,TRUE,0.5183981,abundance affects trait,10.34083,0.9333333,0.8333333,0.1094937,14.16805,30,Terrestrial,1.477121,1.014555,-0.243038,1.15131,size.Algon.grandicollis,Staphylinidae
1134,1134,52,4.3.finalss-87836,abunance.Ipelates.curtus,size.Ipelates.curtus,0.5819737,0.04069492,1,0.000836611,TRUE,0.5901541,abundance affects trait,0.548475,0.9333333,0.8333333,0.1094937,14.16805,30,Terrestrial,1.477121,-0.2608432,-0.3756636,1.15131,size.Ipelates.curtus,Staphylinidae
1135,1135,53,4.3.finalss-87836,abunance.Scolytidae.,size.Scolytidae.,0,0.5,1,1,FALSE,0,abundance affects trait,0.032,0.9333333,0.8333333,0.1094937,14.16805,30,Terrestrial,1.477121,-1.49485,-0.6283889,1.15131,size.Scolytidae.,Curculionidae
1136,1136,54,4.3.finalss-87836,abunance.Bolitobius.prolongatus,size.Bolitobius.prolongatus,0,0.5,1,1,FALSE,0,abundance affects trait,0.558575,0.9333333,0.8333333,0.1094937,14.16805,30,Terrestrial,1.477121,-0.2529185,-0.6283889,1.15131,size.Bolitobius.prolongatus,Tachyporinae
1137,1137,55,4.3.finalss-87836,abunance.Dendroxena.sexcarinata,size.Dendroxena.sexcarinata,0,0.5,1,1,FALSE,0,abundance affects trait,5.1537,0.9333333,0.8333333,0.1094937,14.16805,30,Terrestrial,1.477121,0.7121191,-0.6283889,1.15131,size.Dendroxena.sexcarinata,Silphidae
1138,1138,56,4.3.finalss-87836,abunance.Staphylinidae.,size.Staphylinidae.,0.177021,0.2207977,0.8095238,0.01626098,FALSE,0.1795092,abundance affects trait,0.1254083,0.9333333,0.8333333,0.1094937,14.16805,30,Terrestrial,1.477121,-0.9016736,0.2924298,1.15131,size.Staphylinidae.,Staphylinidae
1139,1139,57,4.3.finalss-87836,abunance.Ontholestes.gracilis,size.Ontholestes.gracilis,0.249343,0.1366361,0.9285715,0.001981735,FALSE,0.2528478,abundance affects trait,2.69055,0.9333333,0.8333333,0.1094937,14.16805,30,Terrestrial,1.477121,0.4298411,-0.6283889,1.15131,size.Ontholestes.gracilis,Staphylinidae
1140,1140,58,4.3.finalss-87836,abunance.Physoronia.explanata,size.Physoronia.explanata,0,0.5,1,1,FALSE,0,abundance affects trait,0.2817,0.9333333,0.8333333,0.1094937,14.16805,30,Terrestrial,1.477121,-0.5502132,-0.6283889,1.15131,size.Physoronia.explanata,Staphylinidae
1141,1141,59,4.3.finalss-87836,abunance.Pterostichus.microcephalus,size.Pterostichus.microcephalus,0.1036528,0.3272807,0.7142857,0.03549814,FALSE,0.1051098,abundance affects trait,2.410875,0.9333333,0.8333333,0.1094937,14.16805,30,Terrestrial,1.477121,0.3821747,-0.3756636,1.15131,size.Pterostichus.microcephalus,Carabidae
1142,1142,60,4.3.finalss-87836,abunance.Rugilus.rufescens,size.Rugilus.rufescens,0.1890404,0.2052562,0.9047619,0.006863832,FALSE,0.1916976,abundance affects trait,0.0481,0.9333333,0.8333333,0.1094937,14.16805,30,Terrestrial,1.477121,-1.317855,-0.6283889,1.15131,size.Rugilus.rufescens,Staphylinidae
1143,1143,1,4.3.finalss-87837,size.Osorius.angustulus,abunance.Osorius.angustulus,0.1593218,0.3195241,0.5000001,0.1077623,FALSE,0.2253929,trait affects abundance,1.360864,0.75,0.8846154,0.06604655,7.699544,52,Terrestrial,1.716003,0.1338146,-0.06472533,0.886465,abunance.Osorius.angustulus,Staphylinidae
1144,1144,2,4.3.finalss-87837,size.Pterostichus.orientalis,abunance.Pterostichus.orientalis,0.5471578,0.05118088,1,0.000836611,FALSE,0.7740654,trait affects abundance,42.02821,0.75,0.8846154,0.06604655,7.699544,52,Terrestrial,1.716003,1.623541,-0.1575736,0.886465,abunance.Pterostichus.orientalis,Carabidae
1145,1145,3,4.3.finalss-87837,size.Dendroxena.sexcarinata,abunance.Dendroxena.sexcarinata,0.2450055,0.2382715,0.5000001,0.1077623,FALSE,0.3466098,trait affects abundance,13.81623,0.75,0.8846154,0.06604655,7.699544,52,Terrestrial,1.716003,1.140389,-0.6232493,0.886465,abunance.Dendroxena.sexcarinata,Silphidae
1146,1146,4,4.3.finalss-87837,size.Staphylinidae.,abunance.Staphylinidae.,0.7068625,0.000392843,1,0.002666712,TRUE,1,trait affects abundance,0.07409091,0.75,0.8846154,0.06604655,7.699544,52,Terrestrial,1.716003,-1.130235,-0.154902,0.886465,abunance.Staphylinidae.,Staphylinidae
1147,1147,5,4.3.finalss-87837,size.Aleochara.sp,abunance.Aleochara.sp,0.2510249,0.1313733,1,0.000836611,FALSE,0.3551256,trait affects abundance,5.251985,0.75,0.8846154,0.06604655,7.699544,52,Terrestrial,1.716003,0.7203235,0.1760913,0.886465,abunance.Aleochara.sp,Staphylinidae
1148,1148,6,4.3.finalss-87837,size.Anotylus.latiusculus,abunance.Anotylus.latiusculus,0.3705353,0.03907951,1,0.000836611,TRUE,0.5241972,trait affects abundance,0.01261364,0.75,0.8846154,0.06604655,7.699544,52,Terrestrial,1.716003,-1.89916,-0.4771213,0.886465,abunance.Anotylus.latiusculus,Staphylinidae
1149,1149,7,4.3.finalss-87837,size.Nipponoharpalus.discrepans,abunance.Nipponoharpalus.discrepans,0.5163496,0.01419541,1,0.000836611,TRUE,0.730481,trait affects abundance,2.595318,0.75,0.8846154,0.06604655,7.699544,52,Terrestrial,1.716003,0.4141906,-0.9542425,0.886465,abunance.Nipponoharpalus.discrepans,Carabidae
1150,1150,8,4.3.finalss-87837,size.Harpalus.laevipes,abunance.Harpalus.laevipes,0.2188932,0.1568758,0.9574271,0.000662208,FALSE,0.3096687,trait affects abundance,4.875341,0.75,0.8846154,0.06604655,7.699544,52,Terrestrial,1.716003,0.688005,-0.69897,0.886465,abunance.Harpalus.laevipes,Carabidae
1151,1151,9,4.3.finalss-87837,size.Synuchus.cycloderus,abunance.Synuchus.cycloderus,0.2401489,0.13372,0.9285715,0.001981735,FALSE,0.3397391,trait affects abundance,34.13586,0.75,0.8846154,0.06604655,7.699544,52,Terrestrial,1.716003,1.533211,0.01797686,0.886465,abunance.Synuchus.cycloderus,Carabidae
1152,1152,10,4.3.finalss-87837,size.Carabidae.,abunance.Carabidae.,0.3921009,0.06243435,1,0.000836611,FALSE,0.5547061,trait affects abundance,1.65983,0.75,0.8846154,0.06604655,7.699544,52,Terrestrial,1.716003,0.2200635,-0.3646991,0.886465,abunance.Carabidae.,Carabidae
1153,1153,11,4.3.finalss-87837,size.Sphaeridiinae.,abunance.Sphaeridiinae.,0.4000348,0.04240668,0.9285715,0.001981735,TRUE,0.5659301,trait affects abundance,0.1315606,0.75,0.8846154,0.06604655,7.699544,52,Terrestrial,1.716003,-0.8808741,-0.4393327,0.886465,abunance.Sphaeridiinae.,Sphaeridiinae
1154,1154,12,4.3.finalss-87837,size.Tachinus.sp3,abunance.Tachinus.sp3,0.4471054,0.01469682,1,0.000836611,TRUE,0.632521,trait affects abundance,0.1609545,0.75,0.8846154,0.06604655,7.699544,52,Terrestrial,1.716003,-0.7932968,-0.7781513,0.886465,abunance.Tachinus.sp3,Staphylinidae
1155,1155,13,4.3.finalss-87837,size.Agrypnus.cordicollis,abunance.Agrypnus.cordicollis,0.4326742,0.02136452,1,0.000836611,TRUE,0.6121052,trait affects abundance,2.876227,0.75,0.8846154,0.06604655,7.699544,52,Terrestrial,1.716003,0.4588232,-0.69897,0.886465,abunance.Agrypnus.cordicollis,Elateridae
1156,1156,14,4.3.finalss-87837,size.Calosoma.maximowiczi,abunance.Calosoma.maximowiczi,0.3184924,0.0918927,1,0.000836611,FALSE,0.4505719,trait affects abundance,46.65811,0.75,0.8846154,0.06604655,7.699544,52,Terrestrial,1.716003,1.668927,-0.60206,0.886465,abunance.Calosoma.maximowiczi,Carabidae
1157,1157,15,4.3.finalss-87837,size.Histeridae.,abunance.Histeridae.,0.3732191,0.1460346,1,0.000836611,FALSE,0.5279939,trait affects abundance,9.614795,0.75,0.8846154,0.06604655,7.699544,52,Terrestrial,1.716003,0.98294,0.3260983,0.886465,abunance.Histeridae.,Histeridae
1158,1158,16,4.3.finalss-87837,size.Tachinus.mimulus,abunance.Tachinus.mimulus,0.5816886,0.005834519,1,0.000836611,TRUE,0.8229162,trait affects abundance,0.2330625,0.75,0.8846154,0.06604655,7.699544,52,Terrestrial,1.716003,-0.6325276,-0.3276822,0.886465,abunance.Tachinus.mimulus,Staphylinidae
1159,1159,17,4.3.finalss-87837,size.Holotrichia.picea,abunance.Holotrichia.picea,0.2964939,0.08318147,0.9819806,0.001188755,FALSE,0.4194507,trait affects abundance,5.201886,0.75,0.8846154,0.06604655,7.699544,52,Terrestrial,1.716003,0.7161609,0.2080231,0.886465,abunance.Holotrichia.picea,Scarabaeidae
1160,1160,18,4.3.finalss-87837,size.Othius.rufipennis,abunance.Othius.rufipennis,0.1890822,0.1930989,0.9047619,0.006863832,FALSE,0.2674951,trait affects abundance,0.3082273,0.75,0.8846154,0.06604655,7.699544,52,Terrestrial,1.716003,-0.5111289,-0.9542425,0.886465,abunance.Othius.rufipennis,Staphylinidae
1161,1161,19,4.3.finalss-87837,size.Plesiophthalmus.nigrocyaneus,abunance.Plesiophthalmus.nigrocyaneus,0.2790396,0.155683,1,0.000836611,FALSE,0.3947579,trait affects abundance,4.909023,0.75,0.8846154,0.06604655,7.699544,52,Terrestrial,1.716003,0.690995,-0.9542425,0.886465,abunance.Plesiophthalmus.nigrocyaneus,Tenebrionidae
1162,1162,20,4.3.finalss-87837,size.Synuchus.crocatus,abunance.Synuchus.crocatus,0.4575119,0.01719785,1,0.000836611,TRUE,0.6472431,trait affects abundance,1.377386,0.75,0.8846154,0.06604655,7.699544,52,Terrestrial,1.716003,0.1390558,-0.9542425,0.886465,abunance.Synuchus.crocatus,Carabidae
1163,1163,21,4.3.finalss-87837,size.Pterostichus.sp,abunance.Pterostichus.sp,0.2035156,0.1750221,1,0.000836611,FALSE,0.287914,trait affects abundance,0.5585,0.75,0.8846154,0.06604655,7.699544,52,Terrestrial,1.716003,-0.2529768,-0.9294189,0.886465,abunance.Pterostichus.sp,Carabidae
1164,1164,22,4.3.finalss-87837,size.Calosoma.inquisitor,abunance.Calosoma.inquisitor,0.4702793,0.01618831,1,0.000836611,TRUE,0.6653052,trait affects abundance,56.52434,0.75,0.8846154,0.06604655,7.699544,52,Terrestrial,1.716003,1.752236,-0.3125098,0.886465,abunance.Calosoma.inquisitor,Carabidae
1165,1165,23,4.3.finalss-87837,size.Pterostichus.microcephalus,abunance.Pterostichus.microcephalus,0,0.5,1,1,FALSE,0,trait affects abundance,1.181568,0.75,0.8846154,0.06604655,7.699544,52,Terrestrial,1.716003,0.07245879,-0.9542425,0.886465,abunance.Pterostichus.microcephalus,Carabidae
1166,1166,24,4.3.finalss-87837,size.Staphylininae.,abunance.Staphylininae.,0.08270735,0.3537072,0.9819806,0.001188755,FALSE,0.1170063,trait affects abundance,0.8703864,0.75,0.8846154,0.06604655,7.699544,52,Terrestrial,1.716003,-0.06028792,-0.7781513,0.886465,abunance.Staphylininae.,Staphylinidae
1167,1167,25,4.3.finalss-87837,size.Lagria.rufipennis,abunance.Lagria.rufipennis,0.2080916,0.1695011,0.9449112,0.002241373,FALSE,0.2943876,trait affects abundance,0.08577273,0.75,0.8846154,0.06604655,7.699544,52,Terrestrial,1.716003,-1.066651,0.2080231,0.886465,abunance.Lagria.rufipennis,Tenebrionidae 
1168,1168,26,4.3.finalss-87837,size.Aleocharinae.,abunance.Aleocharinae.,0.3501482,0.08832233,1,0.000836611,FALSE,0.4953554,trait affects abundance,0.03784091,0.75,0.8846154,0.06604655,7.699544,52,Terrestrial,1.716003,-1.422038,-0.440692,0.886465,abunance.Aleocharinae.,Staphylinidae
1169,1169,27,4.3.finalss-87837,size.Synuchus.sp,abunance.Synuchus.sp,0.310851,0.1072284,1,0.000836611,FALSE,0.4397616,trait affects abundance,0.02502273,0.75,0.8846154,0.06604655,7.699544,52,Terrestrial,1.716003,-1.601665,0.2080231,0.886465,abunance.Synuchus.sp,Carabidae
1170,1170,28,4.3.finalss-87837,size.Platydracus.brachycerus,abunance.Platydracus.brachycerus,0.2894877,0.1263375,0.9285715,0.001981735,FALSE,0.409539,trait affects abundance,2.070182,0.75,0.8846154,0.06604655,7.699544,52,Terrestrial,1.716003,0.3160085,-0.8016323,0.886465,abunance.Platydracus.brachycerus,Staphylinidae
1171,1171,29,4.3.finalss-87837,size.Poecilus.samurai,abunance.Poecilus.samurai,0.1969572,0.183112,0.7857143,0.009374738,FALSE,0.2786359,trait affects abundance,2.68925,0.75,0.8846154,0.06604655,7.699544,52,Terrestrial,1.716003,0.4296312,0.2080231,0.886465,abunance.Poecilus.samurai,Carabidae
1172,1172,30,4.3.finalss-87837,size.Anotylus.sp,abunance.Anotylus.sp,0.1962537,0.1839921,0.7857143,0.009374738,FALSE,0.2776406,trait affects abundance,0.05397727,0.75,0.8846154,0.06604655,7.699544,52,Terrestrial,1.716003,-1.267789,0.3841144,0.886465,abunance.Anotylus.sp,Staphylinidae
1173,1173,31,4.3.finalss-87837,size.Curculionidae.,abunance.Curculionidae.,0.3118953,0.1213644,1,0.000836611,FALSE,0.441239,trait affects abundance,0.9665909,0.75,0.8846154,0.06604655,7.699544,52,Terrestrial,1.716003,-0.01475729,-0.9542425,0.886465,abunance.Curculionidae.,Curculionidae
1174,1174,32,4.3.finalss-87837,size.Caccobius.jessoensis,abunance.Caccobius.jessoensis,0.1969819,0.1830812,0.7857143,0.009374738,FALSE,0.2786707,trait affects abundance,0.5849318,0.75,0.8846154,0.06604655,7.699544,52,Terrestrial,1.716003,-0.2328948,0.2080231,0.886465,abunance.Caccobius.jessoensis,Scarabaeidae
1175,1175,33,4.3.finalss-87837,size.Ontholestes.gracilis,abunance.Ontholestes.gracilis,0.1510824,0.2453072,0.07142857,0.9015386,FALSE,0.2137366,trait affects abundance,1.830023,0.75,0.8846154,0.06604655,7.699544,52,Terrestrial,1.716003,0.2624565,-0.9542425,0.886465,abunance.Ontholestes.gracilis,Staphylinidae
1176,1176,34,4.3.finalss-87837,size.Elateridae.,abunance.Elateridae.,0.1493605,0.2478233,0.8571429,0.00443399,FALSE,0.2113006,trait affects abundance,0.2263409,0.75,0.8846154,0.06604655,7.699544,52,Terrestrial,1.716003,-0.6452369,-0.9542425,0.886465,abunance.Elateridae.,Elateridae
1177,1177,35,4.3.finalss-87837,size.Anisolinus.elegans,abunance.Anisolinus.elegans,0.1948108,0.1859184,0.5714286,0.06348658,FALSE,0.2755993,trait affects abundance,0.3285,0.75,0.8846154,0.06604655,7.699544,52,Terrestrial,1.716003,-0.4834646,0.2080231,0.886465,abunance.Anisolinus.elegans,Staphylinidae
1178,1178,36,4.3.finalss-87837,size.Chlaenius.pallipes,abunance.Chlaenius.pallipes,0.470555,0.03806494,1,0.000836611,TRUE,0.6656952,trait affects abundance,2.344341,0.75,0.8846154,0.06604655,7.699544,52,Terrestrial,1.716003,0.3700208,0.2080231,0.886465,abunance.Chlaenius.pallipes,Carabidae
1179,1179,37,4.3.finalss-87837,size.Leiodinae.,abunance.Leiodinae.,0.4515011,0.01846971,1,0.000836611,TRUE,0.6387396,trait affects abundance,0.03059091,0.75,0.8846154,0.06604655,7.699544,52,Terrestrial,1.716003,-1.514408,0.2080231,0.886465,abunance.Leiodinae.,Leiodidae
1180,1180,38,4.3.finalss-87837,size.Scydmaenidae.,abunance.Scydmaenidae.,0.3445804,0.05189904,0.9285715,0.001981735,FALSE,0.4874786,trait affects abundance,0.004272727,0.75,0.8846154,0.06604655,7.699544,52,Terrestrial,1.716003,-2.369295,-0.7781513,0.886465,abunance.Scydmaenidae.,Staphylinidae
1181,1181,39,4.3.finalss-87837,size.Tachyporinae.,abunance.Tachyporinae.,0.4405253,0.02095381,1,0.000836611,TRUE,0.6232121,trait affects abundance,0.005681818,0.75,0.8846154,0.06604655,7.699544,52,Terrestrial,1.716003,-2.245513,0.2080231,0.886465,abunance.Tachyporinae.,Staphylinidae
1182,1182,40,4.3.finalss-87837,size.Orchestes.amurensis,abunance.Orchestes.amurensis,0.2285535,0.1460731,0.9258201,0.007680297,FALSE,0.3233351,trait affects abundance,0.03084091,0.75,0.8846154,0.06604655,7.699544,52,Terrestrial,1.716003,-1.510873,0.2080231,0.886465,abunance.Orchestes.amurensis,Curculionidae
1183,1183,41,4.3.finalss-87837,size.Lordithon.sp,abunance.Lordithon.sp,0.2764683,0.09936059,0.9285715,0.001981735,FALSE,0.3911203,trait affects abundance,0.1287727,0.75,0.8846154,0.06604655,7.699544,52,Terrestrial,1.716003,-0.8901761,-0.7346856,0.886465,abunance.Lordithon.sp,Staphylinidae
1184,1184,42,4.3.finalss-87837,size.Rugilus.sp,abunance.Rugilus.sp,0.43978,0.02117917,1,0.000836611,TRUE,0.6221578,trait affects abundance,0.03472727,0.75,0.8846154,0.06604655,7.699544,52,Terrestrial,1.716003,-1.459329,-0.9542425,0.886465,abunance.Rugilus.sp,Staphylinidae
1185,1185,43,4.3.finalss-87837,size.Liatongus.minutus,abunance.Liatongus.minutus,0.1970323,0.1830182,0.7857143,0.009374738,FALSE,0.2787421,trait affects abundance,1.459295,0.75,0.8846154,0.06604655,7.699544,52,Terrestrial,1.716003,0.1641432,0.2080231,0.886465,abunance.Liatongus.minutus,Scarabaeidae
1186,1186,44,4.3.finalss-87837,size.Margarinotus.weymarni,abunance.Margarinotus.weymarni,0.1969439,0.1831286,0.7857143,0.009374738,FALSE,0.278617,trait affects abundance,1.144795,0.75,0.8846154,0.06604655,7.699544,52,Terrestrial,1.716003,0.0587279,0.2080231,0.886465,abunance.Margarinotus.weymarni,Histeridae
1187,1187,45,4.3.finalss-87837,size.Zyras.sp,abunance.Zyras.sp,0.199251,0.1802589,0.8571429,0.00443399,FALSE,0.2818809,trait affects abundance,0.02015909,0.75,0.8846154,0.06604655,7.699544,52,Terrestrial,1.716003,-1.695529,0.2080231,0.886465,abunance.Zyras.sp,Staphylinidae
1188,1188,46,4.3.finalss-87837,size.Sipalinus.gigas,abunance.Sipalinus.gigas,0.3983347,0.05244464,1,0.000836611,FALSE,0.563525,trait affects abundance,19.44939,0.75,0.8846154,0.06604655,7.699544,52,Terrestrial,1.716003,1.288906,0.2080231,0.886465,abunance.Sipalinus.gigas,Curculionidae
1189,1189,47,4.3.finalss-87837,size.Scaphisomini.,abunance.Scaphisomini.,0.3988435,0.0523954,1,0.000836611,FALSE,0.5642448,trait affects abundance,0.01679545,0.75,0.8846154,0.06604655,7.699544,52,Terrestrial,1.716003,-1.774808,0.2080231,0.886465,abunance.Scaphisomini.,Staphylinidae
1190,1190,48,4.3.finalss-87837,size.Acalolepta.fraudatrix,abunance.Acalolepta.fraudatrix,0.2392194,0.1346854,0.9449112,0.002241373,FALSE,0.3384243,trait affects abundance,3.191886,0.75,0.8846154,0.06604655,7.699544,52,Terrestrial,1.716003,0.5040474,0.2080231,0.886465,abunance.Acalolepta.fraudatrix,Cerambycidae
1191,1191,49,4.3.finalss-87837,size.Scolytidae.,abunance.Scolytidae.,0.239172,0.1347349,0.9449112,0.002241373,FALSE,0.3383571,trait affects abundance,0.04959091,0.75,0.8846154,0.06604655,7.699544,52,Terrestrial,1.716003,-1.304598,0.2080231,0.886465,abunance.Scolytidae.,Curculionidae
1192,1192,50,4.3.finalss-87837,size.Meloe.menoko,abunance.Meloe.menoko,0.224346,0.1507212,0.9819806,0.001188755,FALSE,0.3173828,trait affects abundance,2.100545,0.75,0.8846154,0.06604655,7.699544,52,Terrestrial,1.716003,0.3223321,0.2080231,0.886465,abunance.Meloe.menoko,Meloidae
1193,1193,51,4.3.finalss-87837,size.Cantharidae.,abunance.Cantharidae.,0.3517943,0.05178932,1,0.000836611,FALSE,0.4976842,trait affects abundance,0.007613636,0.75,0.8846154,0.06604655,7.699544,52,Terrestrial,1.716003,-2.118408,0.2080231,0.886465,abunance.Cantharidae.,Cantharidae
1194,1194,52,4.3.finalss-87837,size.Homalota.sp,abunance.Homalota.sp,0.3277413,0.06168831,0.9819806,0.001188755,FALSE,0.4636564,trait affects abundance,0.002818182,0.75,0.8846154,0.06604655,7.699544,52,Terrestrial,1.716003,-2.550031,0.2080231,0.886465,abunance.Homalota.sp,Staphylinidae
1195,1195,53,4.3.finalss-87837,abunance.Osorius.angustulus,size.Osorius.angustulus,0.292025,0.1471927,0.9285715,0.001981735,FALSE,0.4131284,abundance affects trait,1.360864,0.75,0.8846154,0.06604655,7.699544,52,Terrestrial,1.716003,0.1338146,-0.06472533,0.886465,size.Osorius.angustulus,Staphylinidae
1196,1196,54,4.3.finalss-87837,abunance.Pterostichus.orientalis,size.Pterostichus.orientalis,0.01005802,0.481838,0.5000001,0.1904303,FALSE,0.0142291,abundance affects trait,42.02821,0.75,0.8846154,0.06604655,7.699544,52,Terrestrial,1.716003,1.623541,-0.1575736,0.886465,size.Pterostichus.orientalis,Carabidae
1197,1197,55,4.3.finalss-87837,abunance.Dendroxena.sexcarinata,size.Dendroxena.sexcarinata,0.4146332,0.02288066,1,0.000263214,TRUE,0.5865825,abundance affects trait,13.81623,0.75,0.8846154,0.06604655,7.699544,52,Terrestrial,1.716003,1.140389,-0.6232493,0.886465,size.Dendroxena.sexcarinata,Silphidae
1198,1198,56,4.3.finalss-87837,abunance.Staphylinidae.,size.Staphylinidae.,0.4928321,0.05041568,1,0.000263214,FALSE,0.6972108,abundance affects trait,0.07409091,0.75,0.8846154,0.06604655,7.699544,52,Terrestrial,1.716003,-1.130235,-0.154902,0.886465,size.Staphylinidae.,Staphylinidae
1199,1199,57,4.3.finalss-87837,abunance.Aleochara.sp,size.Aleochara.sp,0.2002528,0.1790208,0.9819806,0.001188755,FALSE,0.2832981,abundance affects trait,5.251985,0.75,0.8846154,0.06604655,7.699544,52,Terrestrial,1.716003,0.7203235,0.1760913,0.886465,size.Aleochara.sp,Staphylinidae
1200,1200,58,4.3.finalss-87837,abunance.Anotylus.latiusculus,size.Anotylus.latiusculus,0.2425363,0.1312599,0.9574271,0.000662208,FALSE,0.3431167,abundance affects trait,0.01261364,0.75,0.8846154,0.06604655,7.699544,52,Terrestrial,1.716003,-1.89916,-0.4771213,0.886465,size.Anotylus.latiusculus,Staphylinidae
1201,1201,59,4.3.finalss-87837,abunance.Nipponoharpalus.discrepans,size.Nipponoharpalus.discrepans,0.4230505,0.06030649,1,0.000836611,FALSE,0.5984905,abundance affects trait,2.595318,0.75,0.8846154,0.06604655,7.699544,52,Terrestrial,1.716003,0.4141906,-0.9542425,0.886465,size.Nipponoharpalus.discrepans,Carabidae
1202,1202,60,4.3.finalss-87837,abunance.Harpalus.laevipes,size.Harpalus.laevipes,0.2702462,0.1047835,1,0.002666712,FALSE,0.3823179,abundance affects trait,4.875341,0.75,0.8846154,0.06604655,7.699544,52,Terrestrial,1.716003,0.688005,-0.69897,0.886465,size.Harpalus.laevipes,Carabidae
1203,1203,61,4.3.finalss-87837,abunance.Synuchus.cycloderus,size.Synuchus.cycloderus,0.18682,0.1960223,1,0.000836611,FALSE,0.2642947,abundance affects trait,34.13586,0.75,0.8846154,0.06604655,7.699544,52,Terrestrial,1.716003,1.533211,0.01797686,0.886465,size.Synuchus.cycloderus,Carabidae
1204,1204,62,4.3.finalss-87837,abunance.Carabidae.,size.Carabidae.,0.2290154,0.2531028,0.8571429,0.00443399,FALSE,0.3239886,abundance affects trait,1.65983,0.75,0.8846154,0.06604655,7.699544,52,Terrestrial,1.716003,0.2200635,-0.3646991,0.886465,size.Carabidae.,Carabidae
1205,1205,63,4.3.finalss-87837,abunance.Sphaeridiinae.,size.Sphaeridiinae.,0.1959999,0.1843102,0.9285715,0.001981735,FALSE,0.2772816,abundance affects trait,0.1315606,0.75,0.8846154,0.06604655,7.699544,52,Terrestrial,1.716003,-0.8808741,-0.4393327,0.886465,size.Sphaeridiinae.,Sphaeridiinae
1206,1206,64,4.3.finalss-87837,abunance.Tachinus.sp3,size.Tachinus.sp3,0.1843154,0.1992868,0.9819806,0.001188755,FALSE,0.2607515,abundance affects trait,0.1609545,0.75,0.8846154,0.06604655,7.699544,52,Terrestrial,1.716003,-0.7932968,-0.7781513,0.886465,size.Tachinus.sp3,Staphylinidae
1207,1207,65,4.3.finalss-87837,abunance.Agrypnus.cordicollis,size.Agrypnus.cordicollis,0.3784968,0.08501712,0.9285715,0.001981735,FALSE,0.5354603,abundance affects trait,2.876227,0.75,0.8846154,0.06604655,7.699544,52,Terrestrial,1.716003,0.4588232,-0.69897,0.886465,size.Agrypnus.cordicollis,Elateridae
1208,1208,66,4.3.finalss-87837,abunance.Calosoma.maximowiczi,size.Calosoma.maximowiczi,0.1549536,0.390776,0.5,0.07633281,FALSE,0.2192133,abundance affects trait,46.65811,0.75,0.8846154,0.06604655,7.699544,52,Terrestrial,1.716003,1.668927,-0.60206,0.886465,size.Calosoma.maximowiczi,Carabidae
1209,1209,67,4.3.finalss-87837,abunance.Histeridae.,size.Histeridae.,0.2282086,0.2063088,1,0.000836611,FALSE,0.3228472,abundance affects trait,9.614795,0.75,0.8846154,0.06604655,7.699544,52,Terrestrial,1.716003,0.98294,0.3260983,0.886465,size.Histeridae.,Histeridae
1210,1210,68,4.3.finalss-87837,abunance.Tachinus.mimulus,size.Tachinus.mimulus,0.1467378,0.2516793,1,0.000836611,FALSE,0.2075903,abundance affects trait,0.2330625,0.75,0.8846154,0.06604655,7.699544,52,Terrestrial,1.716003,-0.6325276,-0.3276822,0.886465,size.Tachinus.mimulus,Staphylinidae
1211,1211,69,4.3.finalss-87837,abunance.Holotrichia.picea,size.Holotrichia.picea,0.2725508,0.1674389,1,0.000836611,FALSE,0.3855783,abundance affects trait,5.201886,0.75,0.8846154,0.06604655,7.699544,52,Terrestrial,1.716003,0.7161609,0.2080231,0.886465,size.Holotrichia.picea,Scarabaeidae
1212,1212,70,4.3.finalss-87837,abunance.Othius.rufipennis,size.Othius.rufipennis,0.03702916,0.4333965,0.9092413,0.002769589,FALSE,0.05238524,abundance affects trait,0.3082273,0.75,0.8846154,0.06604655,7.699544,52,Terrestrial,1.716003,-0.5111289,-0.9542425,0.886465,size.Othius.rufipennis,Staphylinidae
1213,1213,71,4.3.finalss-87837,abunance.Plesiophthalmus.nigrocyaneus,size.Plesiophthalmus.nigrocyaneus,0.6243787,0.004107143,1,0.000836611,TRUE,0.88331,abundance affects trait,4.909023,0.75,0.8846154,0.06604655,7.699544,52,Terrestrial,1.716003,0.690995,-0.9542425,0.886465,size.Plesiophthalmus.nigrocyaneus,Tenebrionidae
1214,1214,72,4.3.finalss-87837,abunance.Synuchus.crocatus,size.Synuchus.crocatus,0.3519433,0.08383426,1,0.000836611,FALSE,0.497895,abundance affects trait,1.377386,0.75,0.8846154,0.06604655,7.699544,52,Terrestrial,1.716003,0.1390558,-0.9542425,0.886465,size.Synuchus.crocatus,Carabidae
1215,1215,73,4.3.finalss-87837,abunance.Pterostichus.sp,size.Pterostichus.sp,0.3147811,0.1582297,1,0.000836611,FALSE,0.4453216,abundance affects trait,0.5585,0.75,0.8846154,0.06604655,7.699544,52,Terrestrial,1.716003,-0.2529768,-0.9294189,0.886465,size.Pterostichus.sp,Carabidae
1216,1216,74,4.3.finalss-87837,abunance.Calosoma.inquisitor,size.Calosoma.inquisitor,0.5437532,0.01096694,1,0.000263214,TRUE,0.7692489,abundance affects trait,56.52434,0.75,0.8846154,0.06604655,7.699544,52,Terrestrial,1.716003,1.752236,-0.3125098,0.886465,size.Calosoma.inquisitor,Carabidae
1217,1217,75,4.3.finalss-87837,abunance.Pterostichus.microcephalus,size.Pterostichus.microcephalus,0.3436163,0.09714721,1,0.000836611,FALSE,0.4861148,abundance affects trait,1.181568,0.75,0.8846154,0.06604655,7.699544,52,Terrestrial,1.716003,0.07245879,-0.9542425,0.886465,size.Pterostichus.microcephalus,Carabidae
1218,1218,76,4.3.finalss-87837,abunance.Staphylininae.,size.Staphylininae.,0.1787089,0.206701,0.9285715,0.001981735,FALSE,0.2528199,abundance affects trait,0.8703864,0.75,0.8846154,0.06604655,7.699544,52,Terrestrial,1.716003,-0.06028792,-0.7781513,0.886465,size.Staphylininae.,Staphylinidae
1219,1219,77,4.3.finalss-87837,abunance.Lagria.rufipennis,size.Lagria.rufipennis,0.3362192,0.08084868,1,0.000836611,FALSE,0.4756501,abundance affects trait,0.08577273,0.75,0.8846154,0.06604655,7.699544,52,Terrestrial,1.716003,-1.066651,0.2080231,0.886465,size.Lagria.rufipennis,Tenebrionidae 
1220,1220,78,4.3.finalss-87837,abunance.Aleocharinae.,size.Aleocharinae.,0.3012818,0.2437512,0.7142858,0.01874113,FALSE,0.4262241,abundance affects trait,0.03784091,0.75,0.8846154,0.06604655,7.699544,52,Terrestrial,1.716003,-1.422038,-0.440692,0.886465,size.Aleocharinae.,Staphylinidae
1221,1221,79,4.3.finalss-87837,abunance.Synuchus.sp,size.Synuchus.sp,0.4254966,0.08193329,1,0.000836611,FALSE,0.601951,abundance affects trait,0.02502273,0.75,0.8846154,0.06604655,7.699544,52,Terrestrial,1.716003,-1.601665,0.2080231,0.886465,size.Synuchus.sp,Carabidae
1222,1222,80,4.3.finalss-87837,abunance.Platydracus.brachycerus,size.Platydracus.brachycerus,0.1854929,0.4801604,-0.1428571,0.710523,FALSE,0.2624172,abundance affects trait,2.070182,0.75,0.8846154,0.06604655,7.699544,52,Terrestrial,1.716003,0.3160085,-0.8016323,0.886465,size.Platydracus.brachycerus,Staphylinidae
1223,1223,81,4.3.finalss-87837,abunance.Poecilus.samurai,size.Poecilus.samurai,0.1788702,0.2073989,0.5714286,0.06348658,FALSE,0.2530482,abundance affects trait,2.68925,0.75,0.8846154,0.06604655,7.699544,52,Terrestrial,1.716003,0.4296312,0.2080231,0.886465,size.Poecilus.samurai,Carabidae
1224,1224,82,4.3.finalss-87837,abunance.Anotylus.sp,size.Anotylus.sp,0.1792035,0.2062783,0.5714286,0.06348658,FALSE,0.2535196,abundance affects trait,0.05397727,0.75,0.8846154,0.06604655,7.699544,52,Terrestrial,1.716003,-1.267789,0.3841144,0.886465,size.Anotylus.sp,Staphylinidae
1225,1225,83,4.3.finalss-87837,abunance.Curculionidae.,size.Curculionidae.,0.3208298,0.1140728,0.9285715,0.001981735,FALSE,0.4538787,abundance affects trait,0.9665909,0.75,0.8846154,0.06604655,7.699544,52,Terrestrial,1.716003,-0.01475729,-0.9542425,0.886465,size.Curculionidae.,Curculionidae
1226,1226,84,4.3.finalss-87837,abunance.Caccobius.jessoensis,size.Caccobius.jessoensis,0.1789562,0.2073297,0.5714286,0.06348658,FALSE,0.2531698,abundance affects trait,0.5849318,0.75,0.8846154,0.06604655,7.699544,52,Terrestrial,1.716003,-0.2328948,0.2080231,0.886465,size.Caccobius.jessoensis,Scarabaeidae
1227,1227,85,4.3.finalss-87837,abunance.Ontholestes.gracilis,size.Ontholestes.gracilis,0.2133836,0.2426474,0.8888889,0.001229405,FALSE,0.3018743,abundance affects trait,1.830023,0.75,0.8846154,0.06604655,7.699544,52,Terrestrial,1.716003,0.2624565,-0.9542425,0.886465,size.Ontholestes.gracilis,Staphylinidae
1228,1228,86,4.3.finalss-87837,abunance.Elateridae.,size.Elateridae.,0.3957498,0.04017712,1,0.002666712,TRUE,0.5598681,abundance affects trait,0.2263409,0.75,0.8846154,0.06604655,7.699544,52,Terrestrial,1.716003,-0.6452369,-0.9542425,0.886465,size.Elateridae.,Elateridae
1229,1229,87,4.3.finalss-87837,abunance.Anisolinus.elegans,size.Anisolinus.elegans,0.5587323,0.002213216,1,0.000263214,TRUE,0.7904398,abundance affects trait,0.3285,0.75,0.8846154,0.06604655,7.699544,52,Terrestrial,1.716003,-0.4834646,0.2080231,0.886465,size.Anisolinus.elegans,Staphylinidae
1230,1230,88,4.3.finalss-87837,abunance.Chlaenius.pallipes,size.Chlaenius.pallipes,0.4668684,0.02525193,1,0.000836611,TRUE,0.6604799,abundance affects trait,2.344341,0.75,0.8846154,0.06604655,7.699544,52,Terrestrial,1.716003,0.3700208,0.2080231,0.886465,size.Chlaenius.pallipes,Carabidae
1231,1231,89,4.3.finalss-87837,abunance.Leiodinae.,size.Leiodinae.,0.4374425,0.05926873,1,0.000836611,FALSE,0.6188509,abundance affects trait,0.03059091,0.75,0.8846154,0.06604655,7.699544,52,Terrestrial,1.716003,-1.514408,0.2080231,0.886465,size.Leiodinae.,Leiodidae
1232,1232,90,4.3.finalss-87837,abunance.Scydmaenidae.,size.Scydmaenidae.,0.2316943,0.1928393,0.8571429,0.00443399,FALSE,0.3277785,abundance affects trait,0.004272727,0.75,0.8846154,0.06604655,7.699544,52,Terrestrial,1.716003,-2.369295,-0.7781513,0.886465,size.Scydmaenidae.,Staphylinidae
1233,1233,91,4.3.finalss-87837,abunance.Tachyporinae.,size.Tachyporinae.,0.3086288,0.1183065,1,0.000836611,FALSE,0.4366179,abundance affects trait,0.005681818,0.75,0.8846154,0.06604655,7.699544,52,Terrestrial,1.716003,-2.245513,0.2080231,0.886465,size.Tachyporinae.,Staphylinidae
1234,1234,92,4.3.finalss-87837,abunance.Orchestes.amurensis,size.Orchestes.amurensis,0.2962263,0.1004564,1,0.000836611,FALSE,0.4190721,abundance affects trait,0.03084091,0.75,0.8846154,0.06604655,7.699544,52,Terrestrial,1.716003,-1.510873,0.2080231,0.886465,size.Orchestes.amurensis,Curculionidae
1235,1235,93,4.3.finalss-87837,abunance.Lordithon.sp,size.Lordithon.sp,0.1196193,0.3264246,0.8571429,0.00443399,FALSE,0.1692257,abundance affects trait,0.1287727,0.75,0.8846154,0.06604655,7.699544,52,Terrestrial,1.716003,-0.8901761,-0.7346856,0.886465,size.Lordithon.sp,Staphylinidae
1236,1236,94,4.3.finalss-87837,abunance.Rugilus.sp,size.Rugilus.sp,0.3164242,0.1088503,1,0.000836611,FALSE,0.4476461,abundance affects trait,0.03472727,0.75,0.8846154,0.06604655,7.699544,52,Terrestrial,1.716003,-1.459329,-0.9542425,0.886465,size.Rugilus.sp,Staphylinidae
1237,1237,95,4.3.finalss-87837,abunance.Liatongus.minutus,size.Liatongus.minutus,0.1789323,0.2073043,0.5714286,0.06348658,FALSE,0.2531359,abundance affects trait,1.459295,0.75,0.8846154,0.06604655,7.699544,52,Terrestrial,1.716003,0.1641432,0.2080231,0.886465,size.Liatongus.minutus,Scarabaeidae
1238,1238,96,4.3.finalss-87837,abunance.Margarinotus.weymarni,size.Margarinotus.weymarni,0.1790597,0.2072524,0.5714286,0.06348658,FALSE,0.2533162,abundance affects trait,1.144795,0.75,0.8846154,0.06604655,7.699544,52,Terrestrial,1.716003,0.0587279,0.2080231,0.886465,size.Margarinotus.weymarni,Histeridae
1239,1239,97,4.3.finalss-87837,abunance.Zyras.sp,size.Zyras.sp,0.1765444,0.2096022,0.5714286,0.06348658,FALSE,0.2497578,abundance affects trait,0.02015909,0.75,0.8846154,0.06604655,7.699544,52,Terrestrial,1.716003,-1.695529,0.2080231,0.886465,size.Zyras.sp,Staphylinidae
1240,1240,98,4.3.finalss-87837,abunance.Sipalinus.gigas,size.Sipalinus.gigas,0.3706097,0.09274171,1,0.000836611,FALSE,0.5243024,abundance affects trait,19.44939,0.75,0.8846154,0.06604655,7.699544,52,Terrestrial,1.716003,1.288906,0.2080231,0.886465,size.Sipalinus.gigas,Curculionidae
1241,1241,99,4.3.finalss-87837,abunance.Scaphisomini.,size.Scaphisomini.,0.3591612,0.09687665,1,0.000836611,FALSE,0.5081062,abundance affects trait,0.01679545,0.75,0.8846154,0.06604655,7.699544,52,Terrestrial,1.716003,-1.774808,0.2080231,0.886465,size.Scaphisomini.,Staphylinidae
1242,1242,100,4.3.finalss-87837,abunance.Acalolepta.fraudatrix,size.Acalolepta.fraudatrix,0.3141714,0.07047585,1,0.000836611,FALSE,0.4444591,abundance affects trait,3.191886,0.75,0.8846154,0.06604655,7.699544,52,Terrestrial,1.716003,0.5040474,0.2080231,0.886465,size.Acalolepta.fraudatrix,Cerambycidae
1243,1243,101,4.3.finalss-87837,abunance.Scolytidae.,size.Scolytidae.,0.3127653,0.07143374,1,0.000836611,FALSE,0.4424698,abundance affects trait,0.04959091,0.75,0.8846154,0.06604655,7.699544,52,Terrestrial,1.716003,-1.304598,0.2080231,0.886465,size.Scolytidae.,Curculionidae
1244,1244,102,4.3.finalss-87837,abunance.Meloe.menoko,size.Meloe.menoko,0.1990042,0.1990655,1,0.000836611,FALSE,0.2815316,abundance affects trait,2.100545,0.75,0.8846154,0.06604655,7.699544,52,Terrestrial,1.716003,0.3223321,0.2080231,0.886465,size.Meloe.menoko,Meloidae
1245,1245,103,4.3.finalss-87837,abunance.Cantharidae.,size.Cantharidae.,0.2245384,0.1505067,1,0.000836611,FALSE,0.317655,abundance affects trait,0.007613636,0.75,0.8846154,0.06604655,7.699544,52,Terrestrial,1.716003,-2.118408,0.2080231,0.886465,size.Cantharidae.,Cantharidae
1246,1246,104,4.3.finalss-87837,abunance.Homalota.sp,size.Homalota.sp,0.3388276,0.1370713,1,0.000836611,FALSE,0.4793402,abundance affects trait,0.002818182,0.75,0.8846154,0.06604655,7.699544,52,Terrestrial,1.716003,-2.550031,0.2080231,0.886465,size.Homalota.sp,Staphylinidae
1247,1247,1,4.3.finalss-87838,size.Pterostichus.sp,abunance.Pterostichus.sp,0.8822192,0.01060599,1,0.000836611,TRUE,1,trait affects abundance,8.366188,0.9333333,0.9333333,0.06697519,16.82551,30,Terrestrial,1.477121,0.9225276,-0.09645786,1.225968,abunance.Pterostichus.sp,Carabidae
1248,1248,2,4.3.finalss-87838,size.Philonthus.kobensis,abunance.Philonthus.kobensis,0,0.5,1,1,FALSE,0,trait affects abundance,0.13085,0.9333333,0.9333333,0.06697519,16.82551,30,Terrestrial,1.477121,-0.8832263,-0.9294189,1.225968,abunance.Philonthus.kobensis,Staphylinidae
1249,1249,3,4.3.finalss-87838,size.Sipalinus.gigas,abunance.Sipalinus.gigas,0,0.5,1,1,FALSE,0,trait affects abundance,31.58315,0.9333333,0.9333333,0.06697519,16.82551,30,Terrestrial,1.477121,1.499455,-0.6766936,1.225968,abunance.Sipalinus.gigas,Curculionidae
1250,1250,4,4.3.finalss-87838,size.Bolitobius.prolongatus,abunance.Bolitobius.prolongatus,0,0.5,1,1,FALSE,0,trait affects abundance,0.112025,0.9333333,0.9333333,0.06697519,16.82551,30,Terrestrial,1.477121,-0.950685,-0.9294189,1.225968,abunance.Bolitobius.prolongatus,Tachyporinae
1251,1251,5,4.3.finalss-87838,size.Holostrophus.lewisi,abunance.Holostrophus.lewisi,0,0.5,1,1,FALSE,0,trait affects abundance,0.122475,0.9333333,0.9333333,0.06697519,16.82551,30,Terrestrial,1.477121,-0.9119526,-0.9294189,1.225968,abunance.Holostrophus.lewisi,Tetratomidae
1252,1252,6,4.3.finalss-87838,size.Ischnosoma.sp,abunance.Ischnosoma.sp,0,0.5,1,1,FALSE,0,trait affects abundance,0.05155,0.9333333,0.9333333,0.06697519,16.82551,30,Terrestrial,1.477121,-1.287771,-0.7533277,1.225968,abunance.Ischnosoma.sp,Staphylinidae
1253,1253,7,4.3.finalss-87838,size.Aleocharinae.,abunance.Aleocharinae.,0,0.5,1,1,FALSE,0,trait affects abundance,0.137625,0.9333333,0.9333333,0.06697519,16.82551,30,Terrestrial,1.477121,-0.8613027,-0.9294189,1.225968,abunance.Aleocharinae.,Staphylinidae
1254,1254,8,4.3.finalss-87838,size.Clavicollis.fugiens,abunance.Clavicollis.fugiens,0,0.5,1,1,FALSE,0,trait affects abundance,0.016825,0.9333333,0.9333333,0.06697519,16.82551,30,Terrestrial,1.477121,-1.774045,-0.9294189,1.225968,abunance.Clavicollis.fugiens,Anthicidae
1255,1255,9,4.3.finalss-87838,size.Leiodinae.,abunance.Leiodinae.,0,0.5,1,1,FALSE,0,trait affects abundance,0.088825,0.9333333,0.9333333,0.06697519,16.82551,30,Terrestrial,1.477121,-1.051465,-0.9294189,1.225968,abunance.Leiodinae.,Leiodidae
1256,1256,10,4.3.finalss-87838,size.Agelosus.carinatus,abunance.Agelosus.carinatus,0.07687548,0.3702061,0.7200823,0.04149365,FALSE,0.08713876,trait affects abundance,7.694275,0.9333333,0.9333333,0.06697519,16.82551,30,Terrestrial,1.477121,0.8861677,-0.6766936,1.225968,abunance.Agelosus.carinatus,Staphylinidae
1257,1257,11,4.3.finalss-87838,size.Agonum.aurelium,abunance.Agonum.aurelium,0,0.5,1,1,FALSE,0,trait affects abundance,0.6138,0.9333333,0.9333333,0.06697519,16.82551,30,Terrestrial,1.477121,-0.2119731,-0.7533277,1.225968,abunance.Agonum.aurelium,Carabidae
1258,1258,12,4.3.finalss-87838,size.Macrotomoderus.clavipes,abunance.Macrotomoderus.clavipes,0,0.5,1,1,FALSE,0,trait affects abundance,0.147275,0.9333333,0.9333333,0.06697519,16.82551,30,Terrestrial,1.477121,-0.831871,-0.6283889,1.225968,abunance.Macrotomoderus.clavipes,Anthicidae
1259,1259,13,4.3.finalss-87838,size.Nipponagonum.amphinomum,abunance.Nipponagonum.amphinomum,0,0.5,1,1,FALSE,0,trait affects abundance,1.69735,0.9333333,0.9333333,0.06697519,16.82551,30,Terrestrial,1.477121,0.2297714,-0.6283889,1.225968,abunance.Nipponagonum.amphinomum,Carabidae
1260,1260,14,4.3.finalss-87838,size.Synuchus.congruus,abunance.Synuchus.congruus,0.4863853,0.05388753,1,0.002666712,FALSE,0.5513203,trait affects abundance,1.359825,0.9333333,0.9333333,0.06697519,16.82551,30,Terrestrial,1.477121,0.133483,-0.544068,1.225968,abunance.Synuchus.congruus,Carabidae
1261,1261,15,4.3.finalss-87838,size.Notiophilus.impressifrons,abunance.Notiophilus.impressifrons,0.2457903,0.1402315,1,0.002666712,FALSE,0.2786046,trait affects abundance,2.033867,0.9333333,0.9333333,0.06697519,16.82551,30,Terrestrial,1.477121,0.3083225,-0.2839967,1.225968,abunance.Notiophilus.impressifrons,Carabidae
1262,1262,16,4.3.finalss-87838,size.Tachinus.nakanei,abunance.Tachinus.nakanei,0,0.5,1,1,FALSE,0,trait affects abundance,0.14485,0.9333333,0.9333333,0.06697519,16.82551,30,Terrestrial,1.477121,-0.8390815,-0.9294189,1.225968,abunance.Tachinus.nakanei,Staphylinidae
1263,1263,17,4.3.finalss-87838,size.Nicrophorus.quadripunctatus,abunance.Nicrophorus.quadripunctatus,0,0.5,1,1,FALSE,0,trait affects abundance,7.70505,0.9333333,0.9333333,0.06697519,16.82551,30,Terrestrial,1.477121,0.8867755,-0.9294189,1.225968,abunance.Nicrophorus.quadripunctatus,Silphidae
1264,1264,18,4.3.finalss-87838,size.Pselaphinae.,abunance.Pselaphinae.,0.3136545,0.08133772,0.9258201,0.007680297,FALSE,0.355529,trait affects abundance,0.0519,0.9333333,0.9333333,0.06697519,16.82551,30,Terrestrial,1.477121,-1.284833,-0.6766936,1.225968,abunance.Pselaphinae.,Staphylinidae
1265,1265,19,4.3.finalss-87838,size.Aleochara.sp,abunance.Aleochara.sp,0.3004567,0.09119154,1,0.002666712,FALSE,0.3405693,trait affects abundance,1.007525,0.9333333,0.9333333,0.06697519,16.82551,30,Terrestrial,1.477121,0.003255831,-0.5797836,1.225968,abunance.Aleochara.sp,Staphylinidae
1266,1266,20,4.3.finalss-87838,size.Scolytidae.,abunance.Scolytidae.,0,0.5,1,1,FALSE,0,trait affects abundance,0.007875,0.9333333,0.9333333,0.06697519,16.82551,30,Terrestrial,1.477121,-2.103749,-0.9294189,1.225968,abunance.Scolytidae.,Curculionidae
1267,1267,21,4.3.finalss-87838,size.Sericania.sp,abunance.Sericania.sp,0,0.5,1,1,FALSE,0,trait affects abundance,2.2467,0.9333333,0.9333333,0.06697519,16.82551,30,Terrestrial,1.477121,0.3515451,-0.9294189,1.225968,abunance.Sericania.sp,Scarabaeidae
1268,1268,22,4.3.finalss-87838,size.Trichotichnus.shibatai,abunance.Trichotichnus.shibatai,0,0.5,1,1,FALSE,0,trait affects abundance,0.8635,0.9333333,0.9333333,0.06697519,16.82551,30,Terrestrial,1.477121,-0.06373766,-0.9294189,1.225968,abunance.Trichotichnus.shibatai,Carabidae
1269,1269,23,4.3.finalss-87838,size.Ciidae.,abunance.Ciidae.,0,0.5,1,1,FALSE,0,trait affects abundance,0.010525,0.9333333,0.9333333,0.06697519,16.82551,30,Terrestrial,1.477121,-1.977778,-0.9294189,1.225968,abunance.Ciidae.,Ciidae
1270,1270,24,4.3.finalss-87838,size.Bolitobius.setiger,abunance.Bolitobius.setiger,0.2848067,0.1305818,1,0.002666712,FALSE,0.3228299,trait affects abundance,0.130475,0.9333333,0.9333333,0.06697519,16.82551,30,Terrestrial,1.477121,-0.8844727,-0.9294189,1.225968,abunance.Bolitobius.setiger,Tachyporinae
1271,1271,25,4.3.finalss-87838,size.Cryptophagidae.,abunance.Cryptophagidae.,0,0.5,1,1,FALSE,0,trait affects abundance,0.021625,0.9333333,0.9333333,0.06697519,16.82551,30,Terrestrial,1.477121,-1.665044,-0.9294189,1.225968,abunance.Cryptophagidae.,Cryptophagidae
1272,1272,26,4.3.finalss-87838,size.Microlera.ptinoides,abunance.Microlera.ptinoides,0,0.5,1,1,FALSE,0,trait affects abundance,0.027125,0.9333333,0.9333333,0.06697519,16.82551,30,Terrestrial,1.477121,-1.56663,-0.9294189,1.225968,abunance.Microlera.ptinoides,Cerambycidae
1273,1273,27,4.3.finalss-87838,size.Oxyomus.ishidai,abunance.Oxyomus.ishidai,0,0.5,1,1,FALSE,0,trait affects abundance,0.054425,0.9333333,0.9333333,0.06697519,16.82551,30,Terrestrial,1.477121,-1.264202,-0.9294189,1.225968,abunance.Oxyomus.ishidai,Scarabaeidae
1274,1274,28,4.3.finalss-87838,size.Elateridae.,abunance.Elateridae.,0,0.5,1,1,FALSE,0,trait affects abundance,1.384125,0.9333333,0.9333333,0.06697519,16.82551,30,Terrestrial,1.477121,0.1411753,-0.9294189,1.225968,abunance.Elateridae.,Elateridae
1275,1275,29,4.3.finalss-87838,size.Eugnamptus.flavipes,abunance.Eugnamptus.flavipes,0,0.5,1,1,FALSE,0,trait affects abundance,0.180125,0.9333333,0.9333333,0.06697519,16.82551,30,Terrestrial,1.477121,-0.744426,-0.9294189,1.225968,abunance.Eugnamptus.flavipes,Attelabidae
1276,1276,30,4.3.finalss-87838,size.Plesiophthalmus.nigrocyaneus,abunance.Plesiophthalmus.nigrocyaneus,0.3959713,0.0460243,1,0.002666712,TRUE,0.4488355,trait affects abundance,11.94085,0.9333333,0.9333333,0.06697519,16.82551,30,Terrestrial,1.477121,1.077035,-0.9294189,1.225968,abunance.Plesiophthalmus.nigrocyaneus,Tenebrionidae
1277,1277,31,4.3.finalss-87838,abunance.Pterostichus.sp,size.Pterostichus.sp,0.8465142,0.00437188,1,0.000836611,TRUE,0.9595282,abundance affects trait,8.366188,0.9333333,0.9333333,0.06697519,16.82551,30,Terrestrial,1.477121,0.9225276,-0.09645786,1.225968,size.Pterostichus.sp,Carabidae
1278,1278,32,4.3.finalss-87838,abunance.Philonthus.kobensis,size.Philonthus.kobensis,0.02432978,0.45832,0.48795,0.1715631,FALSE,0.02757793,abundance affects trait,0.13085,0.9333333,0.9333333,0.06697519,16.82551,30,Terrestrial,1.477121,-0.8832263,-0.9294189,1.225968,size.Philonthus.kobensis,Staphylinidae
1279,1279,33,4.3.finalss-87838,abunance.Sipalinus.gigas,size.Sipalinus.gigas,0,0.5,1,1,FALSE,0,abundance affects trait,31.58315,0.9333333,0.9333333,0.06697519,16.82551,30,Terrestrial,1.477121,1.499455,-0.6766936,1.225968,size.Sipalinus.gigas,Curculionidae
1280,1280,34,4.3.finalss-87838,abunance.Bolitobius.prolongatus,size.Bolitobius.prolongatus,0.01656853,0.4715912,0.3333333,0.3675208,FALSE,0.01878051,abundance affects trait,0.112025,0.9333333,0.9333333,0.06697519,16.82551,30,Terrestrial,1.477121,-0.950685,-0.9294189,1.225968,size.Bolitobius.prolongatus,Tachyporinae
1281,1281,35,4.3.finalss-87838,abunance.Holostrophus.lewisi,size.Holostrophus.lewisi,0.01742218,0.47013,0.39036,0.2876112,FALSE,0.01974813,abundance affects trait,0.122475,0.9333333,0.9333333,0.06697519,16.82551,30,Terrestrial,1.477121,-0.9119526,-0.9294189,1.225968,size.Holostrophus.lewisi,Tetratomidae
1282,1282,36,4.3.finalss-87838,abunance.Ischnosoma.sp,size.Ischnosoma.sp,0.02000429,0.4657121,0.29277,0.4475209,FALSE,0.02267496,abundance affects trait,0.05155,0.9333333,0.9333333,0.06697519,16.82551,30,Terrestrial,1.477121,-1.287771,-0.7533277,1.225968,size.Ischnosoma.sp,Staphylinidae
1283,1283,37,4.3.finalss-87838,abunance.Aleocharinae.,size.Aleocharinae.,0.01906158,0.4673246,0.4285714,0.2295562,FALSE,0.0216064,abundance affects trait,0.137625,0.9333333,0.9333333,0.06697519,16.82551,30,Terrestrial,1.477121,-0.8613027,-0.9294189,1.225968,size.Aleocharinae.,Staphylinidae
1284,1284,38,4.3.finalss-87838,abunance.Clavicollis.fugiens,size.Clavicollis.fugiens,0.01193644,0.4795261,0.2817181,0.5030015,FALSE,0.01353001,abundance affects trait,0.016825,0.9333333,0.9333333,0.06697519,16.82551,30,Terrestrial,1.477121,-1.774045,-0.9294189,1.225968,size.Clavicollis.fugiens,Anthicidae
1285,1285,39,4.3.finalss-87838,abunance.Leiodinae.,size.Leiodinae.,0.01760906,0.4698101,0.39036,0.2876112,FALSE,0.01995996,abundance affects trait,0.088825,0.9333333,0.9333333,0.06697519,16.82551,30,Terrestrial,1.477121,-1.051465,-0.9294189,1.225968,size.Leiodinae.,Leiodidae
1286,1286,40,4.3.finalss-87838,abunance.Agelosus.carinatus,size.Agelosus.carinatus,0.2655274,0.1209777,1,0.000836611,FALSE,0.3009767,abundance affects trait,7.694275,0.9333333,0.9333333,0.06697519,16.82551,30,Terrestrial,1.477121,0.8861677,-0.6766936,1.225968,size.Agelosus.carinatus,Staphylinidae
1287,1287,41,4.3.finalss-87838,abunance.Agonum.aurelium,size.Agonum.aurelium,0.01728921,0.4703575,0.4285714,0.2295562,FALSE,0.01959741,abundance affects trait,0.6138,0.9333333,0.9333333,0.06697519,16.82551,30,Terrestrial,1.477121,-0.2119731,-0.7533277,1.225968,size.Agonum.aurelium,Carabidae
1288,1288,42,4.3.finalss-87838,abunance.Macrotomoderus.clavipes,size.Macrotomoderus.clavipes,0.02768013,0.4526032,0.5238096,0.1331285,FALSE,0.03137557,abundance affects trait,0.147275,0.9333333,0.9333333,0.06697519,16.82551,30,Terrestrial,1.477121,-0.831871,-0.6283889,1.225968,size.Macrotomoderus.clavipes,Anthicidae
1289,1289,43,4.3.finalss-87838,abunance.Nipponagonum.amphinomum,size.Nipponagonum.amphinomum,0.03505751,0.4651666,-0.3571429,0.2655104,FALSE,0.03973787,abundance affects trait,1.69735,0.9333333,0.9333333,0.06697519,16.82551,30,Terrestrial,1.477121,0.2297714,-0.6283889,1.225968,size.Nipponagonum.amphinomum,Carabidae
1290,1290,44,4.3.finalss-87838,abunance.Synuchus.congruus,size.Synuchus.congruus,0.218159,0.170127,0.9819806,0.001188755,FALSE,0.2472844,abundance affects trait,1.359825,0.9333333,0.9333333,0.06697519,16.82551,30,Terrestrial,1.477121,0.133483,-0.544068,1.225968,size.Synuchus.congruus,Carabidae
1291,1291,45,4.3.finalss-87838,abunance.Notiophilus.impressifrons,size.Notiophilus.impressifrons,0.09164147,0.3463204,0.8571429,0.00443399,FALSE,0.1038761,abundance affects trait,2.033867,0.9333333,0.9333333,0.06697519,16.82551,30,Terrestrial,1.477121,0.3083225,-0.2839967,1.225968,size.Notiophilus.impressifrons,Carabidae
1292,1292,46,4.3.finalss-87838,abunance.Tachinus.nakanei,size.Tachinus.nakanei,0.02754688,0.4528304,0.5238096,0.1331285,FALSE,0.03122453,abundance affects trait,0.14485,0.9333333,0.9333333,0.06697519,16.82551,30,Terrestrial,1.477121,-0.8390815,-0.9294189,1.225968,size.Tachinus.nakanei,Staphylinidae
1293,1293,47,4.3.finalss-87838,abunance.Nicrophorus.quadripunctatus,size.Nicrophorus.quadripunctatus,0,0.5,1,1,FALSE,0,abundance affects trait,7.70505,0.9333333,0.9333333,0.06697519,16.82551,30,Terrestrial,1.477121,0.8867755,-0.9294189,1.225968,size.Nicrophorus.quadripunctatus,Silphidae
1294,1294,48,4.3.finalss-87838,abunance.Pselaphinae.,size.Pselaphinae.,0,0.5,1,1,FALSE,0,abundance affects trait,0.0519,0.9333333,0.9333333,0.06697519,16.82551,30,Terrestrial,1.477121,-1.284833,-0.6766936,1.225968,size.Pselaphinae.,Staphylinidae
1295,1295,49,4.3.finalss-87838,abunance.Aleochara.sp,size.Aleochara.sp,0.478855,0.03328606,1,0.002666712,TRUE,0.5427846,abundance affects trait,1.007525,0.9333333,0.9333333,0.06697519,16.82551,30,Terrestrial,1.477121,0.003255831,-0.5797836,1.225968,size.Aleochara.sp,Staphylinidae
1296,1296,50,4.3.finalss-87838,abunance.Scolytidae.,size.Scolytidae.,0,0.5,1,1,FALSE,0,abundance affects trait,0.007875,0.9333333,0.9333333,0.06697519,16.82551,30,Terrestrial,1.477121,-2.103749,-0.9294189,1.225968,size.Scolytidae.,Curculionidae
1297,1297,51,4.3.finalss-87838,abunance.Sericania.sp,size.Sericania.sp,0.01762316,0.4697859,0.3333333,0.3675208,FALSE,0.01997595,abundance affects trait,2.2467,0.9333333,0.9333333,0.06697519,16.82551,30,Terrestrial,1.477121,0.3515451,-0.9294189,1.225968,size.Sericania.sp,Scarabaeidae
1298,1298,52,4.3.finalss-87838,abunance.Trichotichnus.shibatai,size.Trichotichnus.shibatai,0.01742714,0.4701215,0.3333333,0.3675208,FALSE,0.01975375,abundance affects trait,0.8635,0.9333333,0.9333333,0.06697519,16.82551,30,Terrestrial,1.477121,-0.06373766,-0.9294189,1.225968,size.Trichotichnus.shibatai,Carabidae
1299,1299,53,4.3.finalss-87838,abunance.Ciidae.,size.Ciidae.,0.04094505,0.4300645,0.6172134,0.0845387,FALSE,0.04641143,abundance affects trait,0.010525,0.9333333,0.9333333,0.06697519,16.82551,30,Terrestrial,1.477121,-1.977778,-0.9294189,1.225968,size.Ciidae.,Ciidae
1300,1300,54,4.3.finalss-87838,abunance.Bolitobius.setiger,size.Bolitobius.setiger,0,0.5,1,1,FALSE,0,abundance affects trait,0.130475,0.9333333,0.9333333,0.06697519,16.82551,30,Terrestrial,1.477121,-0.8844727,-0.9294189,1.225968,size.Bolitobius.setiger,Tachyporinae
1301,1301,55,4.3.finalss-87838,abunance.Cryptophagidae.,size.Cryptophagidae.,0,0.5,1,1,FALSE,0,abundance affects trait,0.021625,0.9333333,0.9333333,0.06697519,16.82551,30,Terrestrial,1.477121,-1.665044,-0.9294189,1.225968,size.Cryptophagidae.,Cryptophagidae
1302,1302,56,4.3.finalss-87838,abunance.Microlera.ptinoides,size.Microlera.ptinoides,0,0.5,1,1,FALSE,0,abundance affects trait,0.027125,0.9333333,0.9333333,0.06697519,16.82551,30,Terrestrial,1.477121,-1.56663,-0.9294189,1.225968,size.Microlera.ptinoides,Cerambycidae
1303,1303,57,4.3.finalss-87838,abunance.Oxyomus.ishidai,size.Oxyomus.ishidai,0,0.5,1,1,FALSE,0,abundance affects trait,0.054425,0.9333333,0.9333333,0.06697519,16.82551,30,Terrestrial,1.477121,-1.264202,-0.9294189,1.225968,size.Oxyomus.ishidai,Scarabaeidae
1304,1304,58,4.3.finalss-87838,abunance.Elateridae.,size.Elateridae.,0.2004085,0.1911092,0.9449112,0.002241373,FALSE,0.2271641,abundance affects trait,1.384125,0.9333333,0.9333333,0.06697519,16.82551,30,Terrestrial,1.477121,0.1411753,-0.9294189,1.225968,size.Elateridae.,Elateridae
1305,1305,59,4.3.finalss-87838,abunance.Eugnamptus.flavipes,size.Eugnamptus.flavipes,0.2083588,0.1815424,0.9449112,0.002241373,FALSE,0.2361758,abundance affects trait,0.180125,0.9333333,0.9333333,0.06697519,16.82551,30,Terrestrial,1.477121,-0.744426,-0.9294189,1.225968,size.Eugnamptus.flavipes,Attelabidae
1306,1306,60,4.3.finalss-87838,abunance.Plesiophthalmus.nigrocyaneus,size.Plesiophthalmus.nigrocyaneus,0.2051098,0.1940436,0.9047619,0.006863832,FALSE,0.232493,abundance affects trait,11.94085,0.9333333,0.9333333,0.06697519,16.82551,30,Terrestrial,1.477121,1.077035,-0.9294189,1.225968,size.Plesiophthalmus.nigrocyaneus,Tenebrionidae
1307,1307,1,4.3.finalss-87840,size.Coleoptera.,abunance.Coleoptera.,0.1699106,0.2858237,0.6428572,0.03544796,FALSE,0.2527041,trait affects abundance,5.706564,0.7254902,0.9019608,0.05239246,17.66135,51,Terrestrial,1.70757,0.7563747,0.1517319,1.247024,abunance.Coleoptera.,Staphylinidae
1308,1308,2,4.3.finalss-87840,size.Carabus.japonicus,abunance.Carabus.japonicus,0.3492445,0.1482219,0.9444444,0.000580668,FALSE,0.5194231,trait affects abundance,186.6963,0.7254902,0.9019608,0.05239246,17.66135,51,Terrestrial,1.70757,2.271136,0.192502,1.247024,abunance.Carabus.japonicus,Carabidae
1309,1309,3,4.3.finalss-87840,size.Domene.crassicornis,abunance.Domene.crassicornis,0.3632066,0.04243287,0.9819806,0.001188755,TRUE,0.5401887,trait affects abundance,0.5714091,0.7254902,0.9019608,0.05239246,17.66135,51,Terrestrial,1.70757,-0.2430529,-0.6478175,1.247024,abunance.Domene.crassicornis,Staphylinidae
1310,1310,4,4.3.finalss-87840,size.Osorius.taurus,abunance.Osorius.taurus,0.394727,0.0406039,0.9285715,0.001981735,TRUE,0.5870682,trait affects abundance,0.2843864,0.7254902,0.9019608,0.05239246,17.66135,51,Terrestrial,1.70757,-0.5460912,-0.9542425,1.247024,abunance.Osorius.taurus,Staphylinidae
1311,1311,5,4.3.finalss-87840,size.Synuchus.crocatus,abunance.Synuchus.crocatus,0.1486848,0.2618089,1,0.000836611,FALSE,0.2211355,trait affects abundance,3.986432,0.7254902,0.9019608,0.05239246,17.66135,51,Terrestrial,1.70757,0.6005843,-0.5642714,1.247024,abunance.Synuchus.crocatus,Carabidae
1312,1312,6,4.3.finalss-87840,size.Leistus.crassus,abunance.Leistus.crassus,0.3845206,0.0454011,1,0.000836611,TRUE,0.5718885,trait affects abundance,0.8174091,0.7254902,0.9019608,0.05239246,17.66135,51,Terrestrial,1.70757,-0.08756054,-0.9542425,1.247024,abunance.Leistus.crassus,Carabidae
1313,1313,7,4.3.finalss-87840,size.Caenocara.sp,abunance.Caenocara.sp,0.30698,0.07546995,0.9819806,0.001188755,FALSE,0.4565642,trait affects abundance,0.02725,0.7254902,0.9019608,0.05239246,17.66135,51,Terrestrial,1.70757,-1.564633,0.2080231,1.247024,abunance.Caenocara.sp,Ptinidae
1314,1314,8,4.3.finalss-87840,size.Osorius.angustulus,abunance.Osorius.angustulus,0.08786712,0.3449967,0.9819806,0.001188755,FALSE,0.1306827,trait affects abundance,0.07272727,0.7254902,0.9019608,0.05239246,17.66135,51,Terrestrial,1.70757,-1.138303,-0.9542425,1.247024,abunance.Osorius.angustulus,Staphylinidae
1315,1315,9,4.3.finalss-87840,size.Corylophidae.,abunance.Corylophidae.,0.6723699,0.01325,1,0.000836611,TRUE,1,trait affects abundance,0.01688636,0.7254902,0.9019608,0.05239246,17.66135,51,Terrestrial,1.70757,-1.772464,-0.4973246,1.247024,abunance.Corylophidae.,Corylophidae
1316,1316,10,4.3.finalss-87840,size.Otibazo.sp,abunance.Otibazo.sp,0.05888059,0.3947723,0.7126967,0.03154075,FALSE,0.08757172,trait affects abundance,0.3662121,0.7254902,0.9019608,0.05239246,17.66135,51,Terrestrial,1.70757,-0.4362673,-0.2710668,1.247024,abunance.Otibazo.sp,Curculionidae
1317,1317,11,4.3.finalss-87840,size.Pselaphinae.,abunance.Pselaphinae.,0.3619791,0.0726512,1,0.000836611,FALSE,0.5383631,trait affects abundance,0.009636364,0.7254902,0.9019608,0.05239246,17.66135,51,Terrestrial,1.70757,-2.016087,-0.5818566,1.247024,abunance.Pselaphinae.,Staphylinidae
1318,1318,12,4.3.finalss-87840,size.Chlaenius.tetragonoderus,abunance.Chlaenius.tetragonoderus,0.1871147,0.19564,1,0.000836611,FALSE,0.2782914,trait affects abundance,6.961943,0.7254902,0.9019608,0.05239246,17.66135,51,Terrestrial,1.70757,0.8427305,-0.3840042,1.247024,abunance.Chlaenius.tetragonoderus,Carabidae
1319,1319,13,4.3.finalss-87840,size.Myas.coreanus,abunance.Myas.coreanus,0.2275886,0.1471312,0.9258201,0.007680297,FALSE,0.3384872,trait affects abundance,2.017455,0.7254902,0.9019608,0.05239246,17.66135,51,Terrestrial,1.70757,0.3048038,0.2080231,1.247024,abunance.Myas.coreanus,Carabidae
1320,1320,14,4.3.finalss-87840,size.Elateridae.,abunance.Elateridae.,0.1609397,0.2570744,1,0.000836611,FALSE,0.2393618,trait affects abundance,1.1095,0.7254902,0.9019608,0.05239246,17.66135,51,Terrestrial,1.70757,0.04512731,-0.9542425,1.247024,abunance.Elateridae.,Elateridae
1321,1321,15,4.3.finalss-87840,size.Agonum.eurydamas,abunance.Agonum.eurydamas,0.4229158,0.03437648,1,0.000836611,TRUE,0.6289927,trait affects abundance,1.315295,0.7254902,0.9019608,0.05239246,17.66135,51,Terrestrial,1.70757,0.1190233,-0.9542425,1.247024,abunance.Agonum.eurydamas,Carabidae
1322,1322,16,4.3.finalss-87840,size.Pentagonica.subcordicollis,abunance.Pentagonica.subcordicollis,0.2001413,0.1791584,0.9819806,0.001188755,FALSE,0.2976655,trait affects abundance,0.5108409,0.7254902,0.9019608,0.05239246,17.66135,51,Terrestrial,1.70757,-0.2917143,-0.6766936,1.247024,abunance.Pentagonica.subcordicollis,Carabidae
1323,1323,17,4.3.finalss-87840,size.Biphyllidae.,abunance.Biphyllidae.,0.3076302,0.1277536,1,0.000836611,FALSE,0.4575312,trait affects abundance,0.01188636,0.7254902,0.9019608,0.05239246,17.66135,51,Terrestrial,1.70757,-1.924951,0.2080231,1.247024,abunance.Biphyllidae.,Biphyllidae
1324,1324,18,4.3.finalss-87840,size.Scaphisomini.,abunance.Scaphisomini.,0.2837103,0.1013602,0.9285715,0.001981735,FALSE,0.4219557,trait affects abundance,0.01170455,0.7254902,0.9019608,0.05239246,17.66135,51,Terrestrial,1.70757,-1.931645,-0.9542425,1.247024,abunance.Scaphisomini.,Staphylinidae
1325,1325,19,4.3.finalss-87840,size.Bolitobius.setiger,abunance.Bolitobius.setiger,0.3940963,0.03751461,1,0.000836611,TRUE,0.5861302,trait affects abundance,0.1292727,0.7254902,0.9019608,0.05239246,17.66135,51,Terrestrial,1.70757,-0.8884931,-0.9542425,1.247024,abunance.Bolitobius.setiger,Tachyporinae
1326,1326,20,4.3.finalss-87840,size.Staphylininae.,abunance.Staphylininae.,0.4074739,0.02701778,0.9285715,0.001981735,TRUE,0.6060264,trait affects abundance,0.1373636,0.7254902,0.9019608,0.05239246,17.66135,51,Terrestrial,1.70757,-0.8621282,-0.7781513,1.247024,abunance.Staphylininae.,Staphylinidae
1327,1327,21,4.3.finalss-87840,size.Xantholinini.,abunance.Xantholinini.,0.4019535,0.02688458,0.9819806,0.001188755,TRUE,0.597816,trait affects abundance,0.06745455,0.7254902,0.9019608,0.05239246,17.66135,51,Terrestrial,1.70757,-1.170989,0.2080231,1.247024,abunance.Xantholinini.,Staphylinidae
1328,1328,22,4.3.finalss-87840,size.Eustra.japonica,abunance.Eustra.japonica,0.3983862,0.05259159,1,0.000836611,FALSE,0.5925105,trait affects abundance,0.01534091,0.7254902,0.9019608,0.05239246,17.66135,51,Terrestrial,1.70757,-1.814149,0.2080231,1.247024,abunance.Eustra.japonica,Carabidae
1329,1329,23,4.3.finalss-87840,size.Perigona.nigriceps,abunance.Perigona.nigriceps,0.4017634,0.05108414,1,0.000836611,FALSE,0.5975333,trait affects abundance,0.01904545,0.7254902,0.9019608,0.05239246,17.66135,51,Terrestrial,1.70757,-1.720209,0.3841144,1.247024,abunance.Perigona.nigriceps,Carabidae
1330,1330,24,4.3.finalss-87840,size.Aleocharinae.,abunance.Aleocharinae.,0.4820981,0.01480901,1,0.000836611,TRUE,0.7170132,trait affects abundance,0.01986364,0.7254902,0.9019608,0.05239246,17.66135,51,Terrestrial,1.70757,-1.701941,-0.6532125,1.247024,abunance.Aleocharinae.,Staphylinidae
1331,1331,25,4.3.finalss-87840,size.Sphaeridiinae.,abunance.Sphaeridiinae.,0.5488586,0.009689323,0.9285715,0.001981735,TRUE,0.8163045,trait affects abundance,0.07506818,0.7254902,0.9019608,0.05239246,17.66135,51,Terrestrial,1.70757,-1.124544,-0.6255411,1.247024,abunance.Sphaeridiinae.,Sphaeridiinae
1332,1332,26,4.3.finalss-87840,size.Onthophagus.atripennis,abunance.Onthophagus.atripennis,0.07514383,0.3666005,0.9296697,0.000795007,FALSE,0.1117597,trait affects abundance,1.135455,0.7254902,0.9019608,0.05239246,17.66135,51,Terrestrial,1.70757,0.05516975,-0.9542425,1.247024,abunance.Onthophagus.atripennis,Scarabaeidae
1333,1333,27,4.3.finalss-87840,size.Planetes.puncticeps,abunance.Planetes.puncticeps,0.3910555,0.03073199,1,0.000836611,TRUE,0.5816077,trait affects abundance,6.99825,0.7254902,0.9019608,0.05239246,17.66135,51,Terrestrial,1.70757,0.8449895,-0.4202164,1.247024,abunance.Planetes.puncticeps,Carabidae
1334,1334,28,4.3.finalss-87840,size.Histeridae.,abunance.Histeridae.,0.4782348,0.0356749,1,0.000836611,TRUE,0.7112675,trait affects abundance,0.005681818,0.7254902,0.9019608,0.05239246,17.66135,51,Terrestrial,1.70757,-2.245513,-0.9294189,1.247024,abunance.Histeridae.,Histeridae
1335,1335,29,4.3.finalss-87840,size.Agelosus.unicolor,abunance.Agelosus.unicolor,0.5291132,0.003911974,0.9285715,0.001981735,TRUE,0.7869376,trait affects abundance,1.763909,0.7254902,0.9019608,0.05239246,17.66135,51,Terrestrial,1.70757,0.2464762,0.2080231,1.247024,abunance.Agelosus.unicolor,Staphylinidae
1336,1336,30,4.3.finalss-87840,size.Echiaster.unicolor,abunance.Echiaster.unicolor,0.2499475,0.1238044,0.9449112,0.002241373,FALSE,0.371741,trait affects abundance,0.03129545,0.7254902,0.9019608,0.05239246,17.66135,51,Terrestrial,1.70757,-1.504519,-0.9542425,1.247024,abunance.Echiaster.unicolor,Echinasteridae
1337,1337,31,4.3.finalss-87840,size.Rugilus.sp,abunance.Rugilus.sp,0.3983683,0.052697,1,0.000836611,FALSE,0.5924839,trait affects abundance,0.01643182,0.7254902,0.9019608,0.05239246,17.66135,51,Terrestrial,1.70757,-1.784314,0.2080231,1.247024,abunance.Rugilus.sp,Staphylinidae
1338,1338,32,4.3.finalss-87840,size.Apogonia.major,abunance.Apogonia.major,0.2900873,0.08814804,1,0.000836611,FALSE,0.43144,trait affects abundance,1.649364,0.7254902,0.9019608,0.05239246,17.66135,51,Terrestrial,1.70757,0.2173164,0.2080231,1.247024,abunance.Apogonia.major,Scarabaeidae
1339,1339,33,4.3.finalss-87840,size.Nipponoserica.peregrina,abunance.Nipponoserica.peregrina,0.2899923,0.08822311,1,0.000836611,FALSE,0.4312988,trait affects abundance,0.7948636,0.7254902,0.9019608,0.05239246,17.66135,51,Terrestrial,1.70757,-0.09970737,0.2080231,1.247024,abunance.Nipponoserica.peregrina,Scarabaeidae
1340,1340,34,4.3.finalss-87840,size.Cholevinae.,abunance.Cholevinae.,0.2861209,0.09132111,1,0.000836611,FALSE,0.4255409,trait affects abundance,0.01752273,0.7254902,0.9019608,0.05239246,17.66135,51,Terrestrial,1.70757,-1.756398,0.2080231,1.247024,abunance.Cholevinae.,Leiodidae
1341,1341,35,4.3.finalss-87840,size.Cetonia.pilifera,abunance.Cetonia.pilifera,0.4705635,0.0380637,1,0.000836611,TRUE,0.6998581,trait affects abundance,3.333886,0.7254902,0.9019608,0.05239246,17.66135,51,Terrestrial,1.70757,0.5229508,0.2080231,1.247024,abunance.Cetonia.pilifera,Scarabaeidae
1342,1342,36,4.3.finalss-87840,size.Diplocheila.zeelandica,abunance.Diplocheila.zeelandica,0.2391595,0.1347478,0.9449112,0.002241373,FALSE,0.3556963,trait affects abundance,6.292364,0.7254902,0.9019608,0.05239246,17.66135,51,Terrestrial,1.70757,0.7988138,0.2080231,1.247024,abunance.Diplocheila.zeelandica,Carabidae
1343,1343,37,4.3.finalss-87840,size.Anosimus.decoratus,abunance.Anosimus.decoratus,0.3076746,0.07497727,0.9449112,0.002241373,FALSE,0.4575972,trait affects abundance,0.03059091,0.7254902,0.9019608,0.05239246,17.66135,51,Terrestrial,1.70757,-1.514408,0.2080231,1.247024,abunance.Anosimus.decoratus,Carabidae
1344,1344,38,4.3.finalss-87840,size.Carabus.blaptoides,abunance.Carabus.blaptoides,0.1941413,0.2485433,0.9444444,0.000580668,FALSE,0.2887417,trait affects abundance,44.95909,0.7254902,0.9019608,0.05239246,17.66135,51,Terrestrial,1.70757,1.652818,-0.9542425,1.247024,abunance.Carabus.blaptoides,Carabidae
1345,1345,39,4.3.finalss-87840,size.Philonthus.kobensis,abunance.Philonthus.kobensis,0.2257799,0.1491273,0.9092413,0.002769589,FALSE,0.3357971,trait affects abundance,0.07054545,0.7254902,0.9019608,0.05239246,17.66135,51,Terrestrial,1.70757,-1.151531,-0.9542425,1.247024,abunance.Philonthus.kobensis,Staphylinidae
1346,1346,40,4.3.finalss-87840,size.Onthophagus.fodiens,abunance.Onthophagus.fodiens,0.1430114,0.2572067,0.9047619,0.006863832,FALSE,0.2126975,trait affects abundance,3.139432,0.7254902,0.9019608,0.05239246,17.66135,51,Terrestrial,1.70757,0.4968511,-0.6532125,1.247024,abunance.Onthophagus.fodiens,Scarabaeidae
1347,1347,41,4.3.finalss-87840,size.Silphini.,abunance.Silphini.,0.1665591,0.3494062,0.5000001,0.1077623,FALSE,0.2477194,trait affects abundance,7.265818,0.7254902,0.9019608,0.05239246,17.66135,51,Terrestrial,1.70757,0.8612845,0.2080231,1.247024,abunance.Silphini.,Silphidae
1348,1348,42,4.3.finalss-87840,size.Archaeoglenes.orientalis,abunance.Archaeoglenes.orientalis,0.4072658,0.09096306,1,0.000836611,FALSE,0.6057169,trait affects abundance,0.007613636,0.7254902,0.9019608,0.05239246,17.66135,51,Terrestrial,1.70757,-2.118408,0.2080231,1.247024,abunance.Archaeoglenes.orientalis,Tenebrionidae 
1349,1349,43,4.3.finalss-87840,size.Trachyphloeosoma.sp,abunance.Trachyphloeosoma.sp,0.3890396,0.05978674,1,0.000836611,FALSE,0.5786094,trait affects abundance,0.04229545,0.7254902,0.9019608,0.05239246,17.66135,51,Terrestrial,1.70757,-1.373706,-0.9542425,1.247024,abunance.Trachyphloeosoma.sp,Curculionidae
1350,1350,44,4.3.finalss-87840,size.Curculionidae.,abunance.Curculionidae.,0.220765,0.1547465,0.9449112,0.002241373,FALSE,0.3283385,trait affects abundance,0.008068182,0.7254902,0.9019608,0.05239246,17.66135,51,Terrestrial,1.70757,-2.093224,0.2080231,1.247024,abunance.Curculionidae.,Curculionidae
1351,1351,45,4.3.finalss-87840,size.Parabroscus.crassipalpis,abunance.Parabroscus.crassipalpis,0.2100571,0.1671611,0.9449112,0.002241373,FALSE,0.312413,trait affects abundance,0.6416591,0.7254902,0.9019608,0.05239246,17.66135,51,Terrestrial,1.70757,-0.1926956,0.2080231,1.247024,abunance.Parabroscus.crassipalpis,Carabidae
1352,1352,46,4.3.finalss-87840,size.Anotylus.laticornis,abunance.Anotylus.laticornis,0.2898236,0.08835662,0.9819806,0.001188755,FALSE,0.4310479,trait affects abundance,0.004795455,0.7254902,0.9019608,0.05239246,17.66135,51,Terrestrial,1.70757,-2.31917,-0.9294189,1.247024,abunance.Anotylus.laticornis,Staphylinidae
1353,1353,47,4.3.finalss-87840,size.Carabidae.,abunance.Carabidae.,0.2965191,0.08316234,0.9819806,0.001188755,FALSE,0.4410059,trait affects abundance,7.892227,0.7254902,0.9019608,0.05239246,17.66135,51,Terrestrial,1.70757,0.8971996,0.2080231,1.247024,abunance.Carabidae.,Carabidae
1354,1354,48,4.3.finalss-87840,size.Cryptophagus.sp,abunance.Cryptophagus.sp,0.3676795,0.05312522,1,0.000263214,FALSE,0.546841,trait affects abundance,0.0365,0.7254902,0.9019608,0.05239246,17.66135,51,Terrestrial,1.70757,-1.437707,-0.6255411,1.247024,abunance.Cryptophagus.sp,Cryptophagidae
1355,1355,49,4.3.finalss-87840,size.Rientis.parviceps,abunance.Rientis.parviceps,0.2098207,0.1674415,0.9449112,0.002241373,FALSE,0.3120614,trait affects abundance,0.2050909,0.7254902,0.9019608,0.05239246,17.66135,51,Terrestrial,1.70757,-0.6880536,0.2080231,1.247024,abunance.Rientis.parviceps,Cryptophagidae
1356,1356,50,4.3.finalss-87840,size.Acrothinium.gaschkevitchii,abunance.Acrothinium.gaschkevitchii,0.06826821,0.3784406,0.7237468,0.05727935,FALSE,0.1015337,trait affects abundance,0.45225,0.7254902,0.9019608,0.05239246,17.66135,51,Terrestrial,1.70757,-0.3446214,0.2080231,1.247024,abunance.Acrothinium.gaschkevitchii,Chrysomelidae
1357,1357,51,4.3.finalss-87840,size.Nicrophorus.quadripunctatus,abunance.Nicrophorus.quadripunctatus,0.06783582,0.3791887,0.7237468,0.05727935,FALSE,0.1008906,trait affects abundance,1.222136,0.7254902,0.9019608,0.05239246,17.66135,51,Terrestrial,1.70757,0.08711967,0.2080231,1.247024,abunance.Nicrophorus.quadripunctatus,Silphidae
1358,1358,52,4.3.finalss-87840,abunance.Coleoptera.,size.Coleoptera.,0,0.5,1,1,FALSE,0,abundance affects trait,5.706564,0.7254902,0.9019608,0.05239246,17.66135,51,Terrestrial,1.70757,0.7563747,0.1517319,1.247024,size.Coleoptera.,Staphylinidae
1359,1359,53,4.3.finalss-87840,abunance.Carabus.japonicus,size.Carabus.japonicus,0.4633774,0.04960554,0.8095238,0.01626098,TRUE,0.6891704,abundance affects trait,186.6963,0.7254902,0.9019608,0.05239246,17.66135,51,Terrestrial,1.70757,2.271136,0.192502,1.247024,size.Carabus.japonicus,Carabidae
1360,1360,54,4.3.finalss-87840,abunance.Domene.crassicornis,size.Domene.crassicornis,0.4214198,0.07025422,0.9444444,0.000580668,FALSE,0.6267677,abundance affects trait,0.5714091,0.7254902,0.9019608,0.05239246,17.66135,51,Terrestrial,1.70757,-0.2430529,-0.6478175,1.247024,size.Domene.crassicornis,Staphylinidae
1361,1361,55,4.3.finalss-87840,abunance.Osorius.taurus,size.Osorius.taurus,0.3106797,0.3069362,0.5714286,0.06348658,FALSE,0.4620666,abundance affects trait,0.2843864,0.7254902,0.9019608,0.05239246,17.66135,51,Terrestrial,1.70757,-0.5460912,-0.9542425,1.247024,size.Osorius.taurus,Staphylinidae
1362,1362,56,4.3.finalss-87840,abunance.Synuchus.crocatus,size.Synuchus.crocatus,0.173853,0.2491571,1,0.000263214,FALSE,0.2585675,abundance affects trait,3.986432,0.7254902,0.9019608,0.05239246,17.66135,51,Terrestrial,1.70757,0.6005843,-0.5642714,1.247024,size.Synuchus.crocatus,Carabidae
1363,1363,57,4.3.finalss-87840,abunance.Leistus.crassus,size.Leistus.crassus,0.3213751,0.1645657,1,0.000836611,FALSE,0.4779736,abundance affects trait,0.8174091,0.7254902,0.9019608,0.05239246,17.66135,51,Terrestrial,1.70757,-0.08756054,-0.9542425,1.247024,size.Leistus.crassus,Carabidae
1364,1364,58,4.3.finalss-87840,abunance.Caenocara.sp,size.Caenocara.sp,0.3391196,0.1338036,1,0.000836611,FALSE,0.5043646,abundance affects trait,0.02725,0.7254902,0.9019608,0.05239246,17.66135,51,Terrestrial,1.70757,-1.564633,0.2080231,1.247024,size.Caenocara.sp,Ptinidae
1365,1365,59,4.3.finalss-87840,abunance.Osorius.angustulus,size.Osorius.angustulus,0.2206654,0.1637948,1,0.000263214,FALSE,0.3281904,abundance affects trait,0.07272727,0.7254902,0.9019608,0.05239246,17.66135,51,Terrestrial,1.70757,-1.138303,-0.9542425,1.247024,size.Osorius.angustulus,Staphylinidae
1366,1366,60,4.3.finalss-87840,abunance.Corylophidae.,size.Corylophidae.,0.4936217,0.05339847,1,0.000263214,FALSE,0.7341519,abundance affects trait,0.01688636,0.7254902,0.9019608,0.05239246,17.66135,51,Terrestrial,1.70757,-1.772464,-0.4973246,1.247024,size.Corylophidae.,Corylophidae
1367,1367,61,4.3.finalss-87840,abunance.Otibazo.sp,size.Otibazo.sp,0.08192621,0.3550321,0.9128709,0.001489162,FALSE,0.1218469,abundance affects trait,0.3662121,0.7254902,0.9019608,0.05239246,17.66135,51,Terrestrial,1.70757,-0.4362673,-0.2710668,1.247024,size.Otibazo.sp,Curculionidae
1368,1368,62,4.3.finalss-87840,abunance.Pselaphinae.,size.Pselaphinae.,0.2814174,0.09518209,0.9047619,0.006863832,FALSE,0.4185455,abundance affects trait,0.009636364,0.7254902,0.9019608,0.05239246,17.66135,51,Terrestrial,1.70757,-2.016087,-0.5818566,1.247024,size.Pselaphinae.,Staphylinidae
1369,1369,63,4.3.finalss-87840,abunance.Chlaenius.tetragonoderus,size.Chlaenius.tetragonoderus,0.3098543,0.1132146,1,0.000263214,FALSE,0.460839,abundance affects trait,6.961943,0.7254902,0.9019608,0.05239246,17.66135,51,Terrestrial,1.70757,0.8427305,-0.3840042,1.247024,size.Chlaenius.tetragonoderus,Carabidae
1370,1370,64,4.3.finalss-87840,abunance.Myas.coreanus,size.Myas.coreanus,0.2703393,0.1232474,0.8571429,0.00443399,FALSE,0.4020694,abundance affects trait,2.017455,0.7254902,0.9019608,0.05239246,17.66135,51,Terrestrial,1.70757,0.3048038,0.2080231,1.247024,size.Myas.coreanus,Carabidae
1371,1371,65,4.3.finalss-87840,abunance.Elateridae.,size.Elateridae.,0.3688006,0.05094815,1,0.000836611,FALSE,0.5485085,abundance affects trait,1.1095,0.7254902,0.9019608,0.05239246,17.66135,51,Terrestrial,1.70757,0.04512731,-0.9542425,1.247024,size.Elateridae.,Elateridae
1372,1372,66,4.3.finalss-87840,abunance.Agonum.eurydamas,size.Agonum.eurydamas,0.3580993,0.2056246,0.9285715,0.001981735,FALSE,0.5325927,abundance affects trait,1.315295,0.7254902,0.9019608,0.05239246,17.66135,51,Terrestrial,1.70757,0.1190233,-0.9542425,1.247024,size.Agonum.eurydamas,Carabidae
1373,1373,67,4.3.finalss-87840,abunance.Pentagonica.subcordicollis,size.Pentagonica.subcordicollis,0.2144829,0.1619614,1,0.000836611,FALSE,0.3189953,abundance affects trait,0.5108409,0.7254902,0.9019608,0.05239246,17.66135,51,Terrestrial,1.70757,-0.2917143,-0.6766936,1.247024,size.Pentagonica.subcordicollis,Carabidae
1374,1374,68,4.3.finalss-87840,abunance.Biphyllidae.,size.Biphyllidae.,0.5735019,0.006343303,1,0.000836611,TRUE,0.8529559,abundance affects trait,0.01188636,0.7254902,0.9019608,0.05239246,17.66135,51,Terrestrial,1.70757,-1.924951,0.2080231,1.247024,size.Biphyllidae.,Biphyllidae
1375,1375,69,4.3.finalss-87840,abunance.Scaphisomini.,size.Scaphisomini.,0.2836509,0.0963577,1,0.000836611,FALSE,0.4218674,abundance affects trait,0.01170455,0.7254902,0.9019608,0.05239246,17.66135,51,Terrestrial,1.70757,-1.931645,-0.9542425,1.247024,size.Scaphisomini.,Staphylinidae
1376,1376,70,4.3.finalss-87840,abunance.Bolitobius.setiger,size.Bolitobius.setiger,0.3521297,0.09906904,1,0.000263214,FALSE,0.5237143,abundance affects trait,0.1292727,0.7254902,0.9019608,0.05239246,17.66135,51,Terrestrial,1.70757,-0.8884931,-0.9542425,1.247024,size.Bolitobius.setiger,Tachyporinae
1377,1377,71,4.3.finalss-87840,abunance.Staphylininae.,size.Staphylininae.,0.3580189,0.06562795,1,0.000836611,FALSE,0.5324731,abundance affects trait,0.1373636,0.7254902,0.9019608,0.05239246,17.66135,51,Terrestrial,1.70757,-0.8621282,-0.7781513,1.247024,size.Staphylininae.,Staphylinidae
1378,1378,72,4.3.finalss-87840,abunance.Xantholinini.,size.Xantholinini.,0.3631504,0.06534193,1,0.000836611,FALSE,0.5401051,abundance affects trait,0.06745455,0.7254902,0.9019608,0.05239246,17.66135,51,Terrestrial,1.70757,-1.170989,0.2080231,1.247024,size.Xantholinini.,Staphylinidae
1379,1379,73,4.3.finalss-87840,abunance.Eustra.japonica,size.Eustra.japonica,0.3759989,0.08493959,1,0.000836611,FALSE,0.5592144,abundance affects trait,0.01534091,0.7254902,0.9019608,0.05239246,17.66135,51,Terrestrial,1.70757,-1.814149,0.2080231,1.247024,size.Eustra.japonica,Carabidae
1380,1380,74,4.3.finalss-87840,abunance.Perigona.nigriceps,size.Perigona.nigriceps,0.3830726,0.08189183,1,0.000836611,FALSE,0.5697349,abundance affects trait,0.01904545,0.7254902,0.9019608,0.05239246,17.66135,51,Terrestrial,1.70757,-1.720209,0.3841144,1.247024,size.Perigona.nigriceps,Carabidae
1381,1381,75,4.3.finalss-87840,abunance.Aleocharinae.,size.Aleocharinae.,0.3575469,0.05821303,1,0.000836611,FALSE,0.5317711,abundance affects trait,0.01986364,0.7254902,0.9019608,0.05239246,17.66135,51,Terrestrial,1.70757,-1.701941,-0.6532125,1.247024,size.Aleocharinae.,Staphylinidae
1382,1382,76,4.3.finalss-87840,abunance.Sphaeridiinae.,size.Sphaeridiinae.,0.3681565,0.06675514,1,0.000263214,FALSE,0.5475505,abundance affects trait,0.07506818,0.7254902,0.9019608,0.05239246,17.66135,51,Terrestrial,1.70757,-1.124544,-0.6255411,1.247024,size.Sphaeridiinae.,Sphaeridiinae
1383,1383,77,4.3.finalss-87840,abunance.Onthophagus.atripennis,size.Onthophagus.atripennis,0.3096346,0.140784,1,0.000836611,FALSE,0.4605122,abundance affects trait,1.135455,0.7254902,0.9019608,0.05239246,17.66135,51,Terrestrial,1.70757,0.05516975,-0.9542425,1.247024,size.Onthophagus.atripennis,Scarabaeidae
1384,1384,78,4.3.finalss-87840,abunance.Planetes.puncticeps,size.Planetes.puncticeps,0.3788066,0.07245826,1,0.002666712,FALSE,0.5633902,abundance affects trait,6.99825,0.7254902,0.9019608,0.05239246,17.66135,51,Terrestrial,1.70757,0.8449895,-0.4202164,1.247024,size.Planetes.puncticeps,Carabidae
1385,1385,79,4.3.finalss-87840,abunance.Histeridae.,size.Histeridae.,0.5014827,0.01887403,1,0.000836611,TRUE,0.7458435,abundance affects trait,0.005681818,0.7254902,0.9019608,0.05239246,17.66135,51,Terrestrial,1.70757,-2.245513,-0.9294189,1.247024,size.Histeridae.,Histeridae
1386,1386,80,4.3.finalss-87840,abunance.Agelosus.unicolor,size.Agelosus.unicolor,0.2697328,0.1052395,0.9444444,0.000580668,FALSE,0.4011672,abundance affects trait,1.763909,0.7254902,0.9019608,0.05239246,17.66135,51,Terrestrial,1.70757,0.2464762,0.2080231,1.247024,size.Agelosus.unicolor,Staphylinidae
1387,1387,81,4.3.finalss-87840,abunance.Echiaster.unicolor,size.Echiaster.unicolor,0.2835845,0.09338987,0.9819806,0.001188755,FALSE,0.4217686,abundance affects trait,0.03129545,0.7254902,0.9019608,0.05239246,17.66135,51,Terrestrial,1.70757,-1.504519,-0.9542425,1.247024,size.Echiaster.unicolor,Echinasteridae
1388,1388,82,4.3.finalss-87840,abunance.Rugilus.sp,size.Rugilus.sp,0.3615254,0.1044951,1,0.000836611,FALSE,0.5376883,abundance affects trait,0.01643182,0.7254902,0.9019608,0.05239246,17.66135,51,Terrestrial,1.70757,-1.784314,0.2080231,1.247024,size.Rugilus.sp,Staphylinidae
1389,1389,83,4.3.finalss-87840,abunance.Apogonia.major,size.Apogonia.major,0.3827344,0.1836218,1,0.000263214,FALSE,0.5692319,abundance affects trait,1.649364,0.7254902,0.9019608,0.05239246,17.66135,51,Terrestrial,1.70757,0.2173164,0.2080231,1.247024,size.Apogonia.major,Scarabaeidae
1390,1390,84,4.3.finalss-87840,abunance.Nipponoserica.peregrina,size.Nipponoserica.peregrina,0.3704767,0.2002391,0.8888889,0.001229405,FALSE,0.5510013,abundance affects trait,0.7948636,0.7254902,0.9019608,0.05239246,17.66135,51,Terrestrial,1.70757,-0.09970737,0.2080231,1.247024,size.Nipponoserica.peregrina,Scarabaeidae
1391,1391,85,4.3.finalss-87840,abunance.Cholevinae.,size.Cholevinae.,0.4363638,0.1349274,1,0.000263214,FALSE,0.6489937,abundance affects trait,0.01752273,0.7254902,0.9019608,0.05239246,17.66135,51,Terrestrial,1.70757,-1.756398,0.2080231,1.247024,size.Cholevinae.,Leiodidae
1392,1392,86,4.3.finalss-87840,abunance.Cetonia.pilifera,size.Cetonia.pilifera,0.4667963,0.02540988,1,0.000836611,TRUE,0.6942551,abundance affects trait,3.333886,0.7254902,0.9019608,0.05239246,17.66135,51,Terrestrial,1.70757,0.5229508,0.2080231,1.247024,size.Cetonia.pilifera,Scarabaeidae
1393,1393,87,4.3.finalss-87840,abunance.Diplocheila.zeelandica,size.Diplocheila.zeelandica,0.3141763,0.07047258,1,0.000836611,FALSE,0.467267,abundance affects trait,6.292364,0.7254902,0.9019608,0.05239246,17.66135,51,Terrestrial,1.70757,0.7988138,0.2080231,1.247024,size.Diplocheila.zeelandica,Carabidae
1394,1394,88,4.3.finalss-87840,abunance.Anosimus.decoratus,size.Anosimus.decoratus,0.5121376,0.01768141,1,0.000836611,TRUE,0.7616902,abundance affects trait,0.03059091,0.7254902,0.9019608,0.05239246,17.66135,51,Terrestrial,1.70757,-1.514408,0.2080231,1.247024,size.Anosimus.decoratus,Carabidae
1395,1395,89,4.3.finalss-87840,abunance.Carabus.blaptoides,size.Carabus.blaptoides,0.3626341,0.09752682,1,0.002666712,FALSE,0.5393371,abundance affects trait,44.95909,0.7254902,0.9019608,0.05239246,17.66135,51,Terrestrial,1.70757,1.652818,-0.9542425,1.247024,size.Carabus.blaptoides,Carabidae
1396,1396,90,4.3.finalss-87840,abunance.Philonthus.kobensis,size.Philonthus.kobensis,0.1898303,0.2414849,0.9285715,0.001981735,FALSE,0.2823302,abundance affects trait,0.07054545,0.7254902,0.9019608,0.05239246,17.66135,51,Terrestrial,1.70757,-1.151531,-0.9542425,1.247024,size.Philonthus.kobensis,Staphylinidae
1397,1397,91,4.3.finalss-87840,abunance.Onthophagus.fodiens,size.Onthophagus.fodiens,0.2696042,0.2361606,0.9285715,0.001981735,FALSE,0.4009761,abundance affects trait,3.139432,0.7254902,0.9019608,0.05239246,17.66135,51,Terrestrial,1.70757,0.4968511,-0.6532125,1.247024,size.Onthophagus.fodiens,Scarabaeidae
1398,1398,92,4.3.finalss-87840,abunance.Silphini.,size.Silphini.,0.3566255,0.07178613,0.9285715,0.001981735,FALSE,0.5304007,abundance affects trait,7.265818,0.7254902,0.9019608,0.05239246,17.66135,51,Terrestrial,1.70757,0.8612845,0.2080231,1.247024,size.Silphini.,Silphidae
1399,1399,93,4.3.finalss-87840,abunance.Archaeoglenes.orientalis,size.Archaeoglenes.orientalis,0.2661738,0.2616658,0.9444444,0.000580668,FALSE,0.395874,abundance affects trait,0.007613636,0.7254902,0.9019608,0.05239246,17.66135,51,Terrestrial,1.70757,-2.118408,0.2080231,1.247024,size.Archaeoglenes.orientalis,Tenebrionidae 
1400,1400,94,4.3.finalss-87840,abunance.Trachyphloeosoma.sp,size.Trachyphloeosoma.sp,0.1973705,0.212708,0.9285715,0.001981735,FALSE,0.2935445,abundance affects trait,0.04229545,0.7254902,0.9019608,0.05239246,17.66135,51,Terrestrial,1.70757,-1.373706,-0.9542425,1.247024,size.Trachyphloeosoma.sp,Curculionidae
1401,1401,95,4.3.finalss-87840,abunance.Curculionidae.,size.Curculionidae.,0.3301046,0.09251088,1,0.000836611,FALSE,0.4909569,abundance affects trait,0.008068182,0.7254902,0.9019608,0.05239246,17.66135,51,Terrestrial,1.70757,-2.093224,0.2080231,1.247024,size.Curculionidae.,Curculionidae
1402,1402,96,4.3.finalss-87840,abunance.Parabroscus.crassipalpis,size.Parabroscus.crassipalpis,0.353147,0.06779776,1,0.000836611,FALSE,0.5252272,abundance affects trait,0.6416591,0.7254902,0.9019608,0.05239246,17.66135,51,Terrestrial,1.70757,-0.1926956,0.2080231,1.247024,size.Parabroscus.crassipalpis,Carabidae
1403,1403,97,4.3.finalss-87840,abunance.Anotylus.laticornis,size.Anotylus.laticornis,0.2642079,0.1791687,0.9285715,0.001981735,FALSE,0.3929503,abundance affects trait,0.004795455,0.7254902,0.9019608,0.05239246,17.66135,51,Terrestrial,1.70757,-2.31917,-0.9294189,1.247024,size.Anotylus.laticornis,Staphylinidae
1404,1404,98,4.3.finalss-87840,abunance.Carabidae.,size.Carabidae.,0.2725248,0.167459,1,0.000836611,FALSE,0.4053198,abundance affects trait,7.892227,0.7254902,0.9019608,0.05239246,17.66135,51,Terrestrial,1.70757,0.8971996,0.2080231,1.247024,size.Carabidae.,Carabidae
1405,1405,99,4.3.finalss-87840,abunance.Cryptophagus.sp,size.Cryptophagus.sp,0.3607682,0.05177388,1,0.000836611,FALSE,0.5365621,abundance affects trait,0.0365,0.7254902,0.9019608,0.05239246,17.66135,51,Terrestrial,1.70757,-1.437707,-0.6255411,1.247024,size.Cryptophagus.sp,Cryptophagidae
1406,1406,100,4.3.finalss-87840,abunance.Rientis.parviceps,size.Rientis.parviceps,0.3518883,0.06829251,1,0.000836611,FALSE,0.5233553,abundance affects trait,0.2050909,0.7254902,0.9019608,0.05239246,17.66135,51,Terrestrial,1.70757,-0.6880536,0.2080231,1.247024,size.Rientis.parviceps,Cryptophagidae
1407,1407,101,4.3.finalss-87840,abunance.Acrothinium.gaschkevitchii,size.Acrothinium.gaschkevitchii,0.3083154,0.1115197,1,0.000836611,FALSE,0.4585503,abundance affects trait,0.45225,0.7254902,0.9019608,0.05239246,17.66135,51,Terrestrial,1.70757,-0.3446214,0.2080231,1.247024,size.Acrothinium.gaschkevitchii,Chrysomelidae
1408,1408,102,4.3.finalss-87840,abunance.Nicrophorus.quadripunctatus,size.Nicrophorus.quadripunctatus,0.3091603,0.111176,1,0.000836611,FALSE,0.4598068,abundance affects trait,1.222136,0.7254902,0.9019608,0.05239246,17.66135,51,Terrestrial,1.70757,0.08711967,0.2080231,1.247024,size.Nicrophorus.quadripunctatus,Silphidae
1409,1409,1,4.3.finalss-87841,size.Zyras.sp,abunance.Zyras.sp,0.1941981,0.1865774,0.6428572,0.03544796,FALSE,0.3131674,trait affects abundance,0.03211364,0.7837838,0.7837838,0.04883312,12.31801,37,Terrestrial,1.568202,-1.493311,0.2080231,1.090541,abunance.Zyras.sp,Staphylinidae
1410,1410,2,4.3.finalss-87841,size.Carabus.arboreus,abunance.Carabus.arboreus,0.2074569,0.2583396,1,0.000263214,FALSE,0.3345488,trait affects abundance,128.274,0.7837838,0.7837838,0.04883312,12.31801,37,Terrestrial,1.568202,2.108139,-0.1497623,1.090541,abunance.Carabus.arboreus,Carabidae
1411,1411,3,4.3.finalss-87841,size.Carabus.sp,abunance.Carabus.sp,0.1945006,0.1861956,0.5714286,0.06348658,FALSE,0.3136552,trait affects abundance,4.392045,0.7837838,0.7837838,0.04883312,12.31801,37,Terrestrial,1.568202,0.6426668,0.2080231,1.090541,abunance.Carabus.sp,Carabidae
1412,1412,4,4.3.finalss-87841,size.Panelus.parvulus,abunance.Panelus.parvulus,0.009322764,0.4831649,0.5000001,0.1904303,FALSE,0.01503406,trait affects abundance,0.05461364,0.7837838,0.7837838,0.04883312,12.31801,37,Terrestrial,1.568202,-1.262699,-0.7112045,1.090541,abunance.Panelus.parvulus,Carabidae
1413,1413,5,4.3.finalss-87841,size.Nicrophorus.quadripunctatus,abunance.Nicrophorus.quadripunctatus,0.3398943,0.08715701,1,0.000836611,FALSE,0.5481196,trait affects abundance,5.123545,0.7837838,0.7837838,0.04883312,12.31801,37,Terrestrial,1.568202,0.7095706,0.2080231,1.090541,abunance.Nicrophorus.quadripunctatus,Silphidae
1414,1414,6,4.3.finalss-87841,size.Pselaphinae.,abunance.Pselaphinae.,0.4255045,0.1030561,1,0.000263214,FALSE,0.6861762,trait affects abundance,0.10925,0.7837838,0.7837838,0.04883312,12.31801,37,Terrestrial,1.568202,-0.9615786,-0.39794,1.090541,abunance.Pselaphinae.,Staphylinidae
1415,1415,7,4.3.finalss-87841,size.Cholevinae.,abunance.Cholevinae.,0,0.5,1,1,FALSE,0,trait affects abundance,0.07518939,0.7837838,0.7837838,0.04883312,12.31801,37,Terrestrial,1.568202,-1.123843,-0.4101745,1.090541,abunance.Cholevinae.,Leiodidae
1416,1416,8,4.3.finalss-87841,size.Staphylinidae.,abunance.Staphylinidae.,0.3037605,0.07778297,0.9819806,0.001188755,FALSE,0.4898497,trait affects abundance,0.001977273,0.7837838,0.7837838,0.04883312,12.31801,37,Terrestrial,1.568202,-2.703933,0.2080231,1.090541,abunance.Staphylinidae.,Staphylinidae
1417,1417,9,4.3.finalss-87841,size.Carabus.vanvolxemi,abunance.Carabus.vanvolxemi,0.2121318,0.1781208,1,0.000836611,FALSE,0.3420876,trait affects abundance,10.10468,0.7837838,0.7837838,0.04883312,12.31801,37,Terrestrial,1.568202,1.004523,-0.8016323,1.090541,abunance.Carabus.vanvolxemi,Carabidae
1418,1418,10,4.3.finalss-87841,size.Synuchus.crocatus,abunance.Synuchus.crocatus,0.2964255,0.08323348,0.9819806,0.001188755,FALSE,0.4780212,trait affects abundance,0.6692045,0.7837838,0.7837838,0.04883312,12.31801,37,Terrestrial,1.568202,-0.1744411,0.2080231,1.090541,abunance.Synuchus.crocatus,Carabidae
1419,1419,11,4.3.finalss-87841,size.Nipponoharpalus.discrepans,abunance.Nipponoharpalus.discrepans,0.2964216,0.08323649,0.9819806,0.001188755,FALSE,0.4780148,trait affects abundance,0.8358636,0.7837838,0.7837838,0.04883312,12.31801,37,Terrestrial,1.568202,-0.07786457,0.2080231,1.090541,abunance.Nipponoharpalus.discrepans,Carabidae
1420,1420,12,4.3.finalss-87841,size.Pristosia.aeneola,abunance.Pristosia.aeneola,0.3512177,0.04836645,1,0.000836611,TRUE,0.56638,trait affects abundance,4.1945,0.7837838,0.7837838,0.04883312,12.31801,37,Terrestrial,1.568202,0.6226802,-0.6766936,1.090541,abunance.Pristosia.aeneola,Carabidae
1421,1421,13,4.3.finalss-87841,size.Synuchus.nitidus,abunance.Synuchus.nitidus,0.0968968,0.3299324,0.9258201,0.007680297,FALSE,0.1562575,trait affects abundance,6.725705,0.7837838,0.7837838,0.04883312,12.31801,37,Terrestrial,1.568202,0.8277378,-0.69897,1.090541,abunance.Synuchus.nitidus,Carabidae
1422,1422,14,4.3.finalss-87841,size.Scaphisomini.,abunance.Scaphisomini.,0.3033671,0.1287483,1,0.000836611,FALSE,0.4892153,trait affects abundance,0.01054545,0.7837838,0.7837838,0.04883312,12.31801,37,Terrestrial,1.568202,-1.976935,0.2080231,1.090541,abunance.Scaphisomini.,Staphylinidae
1423,1423,15,4.3.finalss-87841,size.Quedius.adustus,abunance.Quedius.adustus,0.2722152,0.1030469,1,0.000836611,FALSE,0.4389791,trait affects abundance,0.3773409,0.7837838,0.7837838,0.04883312,12.31801,37,Terrestrial,1.568202,-0.4232661,-0.9542425,1.090541,abunance.Quedius.adustus,Staphylinidae
1424,1424,16,4.3.finalss-87841,size.Platydracus.sharpi,abunance.Platydracus.sharpi,0.2036248,0.1748891,1,0.000836611,FALSE,0.3283691,trait affects abundance,1.542636,0.7837838,0.7837838,0.04883312,12.31801,37,Terrestrial,1.568202,0.1882636,0.2080231,1.090541,abunance.Platydracus.sharpi,Staphylinidae
1425,1425,17,4.3.finalss-87841,size.Carabus.insulicola,abunance.Carabus.insulicola,0.5286003,0.01063654,1,0.000836611,TRUE,0.8524304,trait affects abundance,82.8082,0.7837838,0.7837838,0.04883312,12.31801,37,Terrestrial,1.568202,1.918073,-0.544068,1.090541,abunance.Carabus.insulicola,Carabidae
1426,1426,18,4.3.finalss-87841,size.Pterostichus.asymmetricus,abunance.Pterostichus.asymmetricus,0.2036023,0.1749165,1,0.000836611,FALSE,0.3283328,trait affects abundance,1.693557,0.7837838,0.7837838,0.04883312,12.31801,37,Terrestrial,1.568202,0.2287998,0.2080231,1.090541,abunance.Pterostichus.asymmetricus,Carabidae
1427,1427,19,4.3.finalss-87841,size.Cryptophagus.sp,abunance.Cryptophagus.sp,0.3171038,0.07510338,1,0.000263214,FALSE,0.5113673,trait affects abundance,0.01790909,0.7837838,0.7837838,0.04883312,12.31801,37,Terrestrial,1.568202,-1.746926,-0.9542425,1.090541,abunance.Cryptophagus.sp,Cryptophagidae
1428,1428,20,4.3.finalss-87841,size.Lordithon.sp,abunance.Lordithon.sp,0.5284972,0.003985752,0.9285715,0.001981735,TRUE,0.8522641,trait affects abundance,0.09545455,0.7837838,0.7837838,0.04883312,12.31801,37,Terrestrial,1.568202,-1.020203,0.2080231,1.090541,abunance.Lordithon.sp,Staphylinidae
1429,1429,21,4.3.finalss-87841,size.Neopallodes.inermis,abunance.Neopallodes.inermis,0.5301598,0.00393208,0.9285715,0.001981735,TRUE,0.8549453,trait affects abundance,0.05863636,0.7837838,0.7837838,0.04883312,12.31801,37,Terrestrial,1.568202,-1.231833,0.2080231,1.090541,abunance.Neopallodes.inermis,Staphylinidae
1430,1430,22,4.3.finalss-87841,size.Synuchus.arcuaticollis,abunance.Synuchus.arcuaticollis,0.1969364,0.183138,0.7857143,0.009374738,FALSE,0.3175832,trait affects abundance,0.4627273,0.7837838,0.7837838,0.04883312,12.31801,37,Terrestrial,1.568202,-0.3346749,0.2080231,1.090541,abunance.Synuchus.arcuaticollis,Carabidae
1431,1431,23,4.3.finalss-87841,size.Lederina.sp,abunance.Lederina.sp,0.3589716,0.08809431,1,0.000836611,FALSE,0.5788841,trait affects abundance,0.008568182,0.7837838,0.7837838,0.04883312,12.31801,37,Terrestrial,1.568202,-2.067111,0.2080231,1.090541,abunance.Lederina.sp,Carabidae
1432,1432,24,4.3.finalss-87841,size.Pseudopyrochroa.laticollis,abunance.Pseudopyrochroa.laticollis,0.3984864,0.09125653,1,0.000836611,FALSE,0.6426064,trait affects abundance,0.1621818,0.7837838,0.7837838,0.04883312,12.31801,37,Terrestrial,1.568202,-0.7899978,0.2080231,1.090541,abunance.Pseudopyrochroa.laticollis,Staphylinidae
1433,1433,25,4.3.finalss-87841,size.Anotylus.sp,abunance.Anotylus.sp,0.3934494,0.09040065,1,0.000836611,FALSE,0.6344835,trait affects abundance,0.01054545,0.7837838,0.7837838,0.04883312,12.31801,37,Terrestrial,1.568202,-1.976935,0.2080231,1.090541,abunance.Anotylus.sp,Staphylinidae
1434,1434,26,4.3.finalss-87841,size.Lebia.bifenestrata,abunance.Lebia.bifenestrata,0.3949759,0.09313451,1,0.000836611,FALSE,0.6369453,trait affects abundance,0.07713636,0.7837838,0.7837838,0.04883312,12.31801,37,Terrestrial,1.568202,-1.112741,0.2080231,1.090541,abunance.Lebia.bifenestrata,Carabidae
1435,1435,27,4.3.finalss-87841,size.Scolytidae.,abunance.Scolytidae.,0.4065884,0.0253638,0.9819806,0.001188755,TRUE,0.6556718,trait affects abundance,0.02015909,0.7837838,0.7837838,0.04883312,12.31801,37,Terrestrial,1.568202,-1.695529,0.2080231,1.090541,abunance.Scolytidae.,Curculionidae
1436,1436,28,4.3.finalss-87841,size.Pterostichus.polygenus,abunance.Pterostichus.polygenus,0.4038796,0.02624445,0.9819806,0.001188755,TRUE,0.6513035,trait affects abundance,0.3981818,0.7837838,0.7837838,0.04883312,12.31801,37,Terrestrial,1.568202,-0.3999186,0.2080231,1.090541,abunance.Pterostichus.polygenus,Carabidae
1437,1437,29,4.3.finalss-87841,size.Curculio.sp,abunance.Curculio.sp,0.4040487,0.02618879,0.9819806,0.001188755,TRUE,0.6515762,trait affects abundance,0.5998182,0.7837838,0.7837838,0.04883312,12.31801,37,Terrestrial,1.568202,-0.2219804,0.2080231,1.090541,abunance.Curculio.sp,Curculionidae
1438,1438,30,4.3.finalss-87841,size.Stenolophus.karasawai,abunance.Stenolophus.karasawai,0.2024256,0.1763521,0.8864052,0.005275846,FALSE,0.3264352,trait affects abundance,0.1550682,0.7837838,0.7837838,0.04883312,12.31801,37,Terrestrial,1.568202,-0.8094773,-0.9542425,1.090541,abunance.Stenolophus.karasawai,Carabidae
1439,1439,31,4.3.finalss-87841,size.Anthicomorphus.suturalis,abunance.Anthicomorphus.suturalis,0.0690409,0.3771046,0.7237468,0.05727935,FALSE,0.1113366,trait affects abundance,0.07270455,0.7837838,0.7837838,0.04883312,12.31801,37,Terrestrial,1.568202,-1.138438,0.2080231,1.090541,abunance.Anthicomorphus.suturalis,Staphylinidae
1440,1440,32,4.3.finalss-87841,size.Bolitobius.setiger,abunance.Bolitobius.setiger,0.3200187,0.06658851,1,0.000836611,FALSE,0.516068,trait affects abundance,0.1697273,0.7837838,0.7837838,0.04883312,12.31801,37,Terrestrial,1.568202,-0.7702484,-0.9542425,1.090541,abunance.Bolitobius.setiger,Tachyporinae
1441,1441,33,4.3.finalss-87841,size.Melandrya.sp,abunance.Melandrya.sp,0.2926808,0.08611396,1,0.000836611,FALSE,0.4719824,trait affects abundance,0.1462045,0.7837838,0.7837838,0.04883312,12.31801,37,Terrestrial,1.568202,-0.8350391,0.2080231,1.090541,abunance.Melandrya.sp,Melandryidae
1442,1442,34,4.3.finalss-87841,size.Philonthus.kobensis,abunance.Philonthus.kobensis,0.2373397,0.1366511,0.9449112,0.002241373,FALSE,0.3827383,trait affects abundance,0.03211364,0.7837838,0.7837838,0.04883312,12.31801,37,Terrestrial,1.568202,-1.493311,0.2080231,1.090541,abunance.Philonthus.kobensis,Staphylinidae
1443,1443,35,4.3.finalss-87841,size.Platycerus.acuticollis,abunance.Platycerus.acuticollis,0.4883136,0.01657172,1,0.000836611,TRUE,0.7874634,trait affects abundance,0.4049318,0.7837838,0.7837838,0.04883312,12.31801,37,Terrestrial,1.568202,-0.3926181,0.2080231,1.090541,abunance.Platycerus.acuticollis,Lucanidae
1444,1444,36,4.3.finalss-87841,size.Clavicollis.fugiens,abunance.Clavicollis.fugiens,0.09132515,0.3392,0.2142857,0.5361867,FALSE,0.1472726,trait affects abundance,0.009363636,0.7837838,0.7837838,0.04883312,12.31801,37,Terrestrial,1.568202,-2.028555,0.2080231,1.090541,abunance.Clavicollis.fugiens,Anthicidae
1445,1445,37,4.3.finalss-87841,size.Elateridae.,abunance.Elateridae.,0.3078277,0.07486892,0.9449112,0.002241373,FALSE,0.4964086,trait affects abundance,0.2568636,0.7837838,0.7837838,0.04883312,12.31801,37,Terrestrial,1.568202,-0.5902974,0.2080231,1.090541,abunance.Elateridae.,Elateridae
1446,1446,38,4.3.finalss-87841,abunance.Zyras.sp,size.Zyras.sp,0.558995,0.002217503,1,0.000263214,TRUE,0.9014454,abundance affects trait,0.03211364,0.7837838,0.7837838,0.04883312,12.31801,37,Terrestrial,1.568202,-1.493311,0.2080231,1.090541,size.Zyras.sp,Staphylinidae
1447,1447,39,4.3.finalss-87841,abunance.Carabus.arboreus,size.Carabus.arboreus,0.04326353,0.4910037,0.2777778,0.3480825,FALSE,0.06976755,abundance affects trait,128.274,0.7837838,0.7837838,0.04883312,12.31801,37,Terrestrial,1.568202,2.108139,-0.1497623,1.090541,size.Carabus.arboreus,Carabidae
1448,1448,40,4.3.finalss-87841,abunance.Carabus.sp,size.Carabus.sp,0.5590919,0.002183355,1,0.000263214,TRUE,0.9016017,abundance affects trait,4.392045,0.7837838,0.7837838,0.04883312,12.31801,37,Terrestrial,1.568202,0.6426668,0.2080231,1.090541,size.Carabus.sp,Carabidae
1449,1449,41,4.3.finalss-87841,abunance.Panelus.parvulus,size.Panelus.parvulus,0.377411,0.05936842,1,0.000263214,FALSE,0.6086198,abundance affects trait,0.05461364,0.7837838,0.7837838,0.04883312,12.31801,37,Terrestrial,1.568202,-1.262699,-0.7112045,1.090541,size.Panelus.parvulus,Carabidae
1450,1450,42,4.3.finalss-87841,abunance.Nicrophorus.quadripunctatus,size.Nicrophorus.quadripunctatus,0.3832457,0.06700394,1,0.000836611,FALSE,0.6180289,abundance affects trait,5.123545,0.7837838,0.7837838,0.04883312,12.31801,37,Terrestrial,1.568202,0.7095706,0.2080231,1.090541,size.Nicrophorus.quadripunctatus,Silphidae
1451,1451,43,4.3.finalss-87841,abunance.Pselaphinae.,size.Pselaphinae.,0.5695134,0.0283582,1,0.000836611,TRUE,0.9184076,abundance affects trait,0.10925,0.7837838,0.7837838,0.04883312,12.31801,37,Terrestrial,1.568202,-0.9615786,-0.39794,1.090541,size.Pselaphinae.,Staphylinidae
1452,1452,44,4.3.finalss-87841,abunance.Cholevinae.,size.Cholevinae.,0.423699,0.1119831,1,0.000836611,FALSE,0.6832647,abundance affects trait,0.07518939,0.7837838,0.7837838,0.04883312,12.31801,37,Terrestrial,1.568202,-1.123843,-0.4101745,1.090541,size.Cholevinae.,Leiodidae
1453,1453,45,4.3.finalss-87841,abunance.Staphylinidae.,size.Staphylinidae.,0.2854802,0.1647059,0.9285715,0.001981735,FALSE,0.4603706,abundance affects trait,0.001977273,0.7837838,0.7837838,0.04883312,12.31801,37,Terrestrial,1.568202,-2.703933,0.2080231,1.090541,size.Staphylinidae.,Staphylinidae
1454,1454,46,4.3.finalss-87841,abunance.Carabus.vanvolxemi,size.Carabus.vanvolxemi,0.202864,0.2695909,0.5000001,0.1077623,FALSE,0.3271421,abundance affects trait,10.10468,0.7837838,0.7837838,0.04883312,12.31801,37,Terrestrial,1.568202,1.004523,-0.8016323,1.090541,size.Carabus.vanvolxemi,Carabidae
1455,1455,47,4.3.finalss-87841,abunance.Synuchus.crocatus,size.Synuchus.crocatus,0.2725129,0.1672629,1,0.000836611,FALSE,0.4394592,abundance affects trait,0.6692045,0.7837838,0.7837838,0.04883312,12.31801,37,Terrestrial,1.568202,-0.1744411,0.2080231,1.090541,size.Synuchus.crocatus,Carabidae
1456,1456,48,4.3.finalss-87841,abunance.Nipponoharpalus.discrepans,size.Nipponoharpalus.discrepans,0.2727335,0.1672615,1,0.000836611,FALSE,0.439815,abundance affects trait,0.8358636,0.7837838,0.7837838,0.04883312,12.31801,37,Terrestrial,1.568202,-0.07786457,0.2080231,1.090541,size.Nipponoharpalus.discrepans,Carabidae
1457,1457,49,4.3.finalss-87841,abunance.Pristosia.aeneola,size.Pristosia.aeneola,0.4007248,0.05057503,1,0.000836611,FALSE,0.646216,abundance affects trait,4.1945,0.7837838,0.7837838,0.04883312,12.31801,37,Terrestrial,1.568202,0.6226802,-0.6766936,1.090541,size.Pristosia.aeneola,Carabidae
1458,1458,50,4.3.finalss-87841,abunance.Synuchus.nitidus,size.Synuchus.nitidus,0.2674265,0.1073037,1,0.000263214,FALSE,0.4312568,abundance affects trait,6.725705,0.7837838,0.7837838,0.04883312,12.31801,37,Terrestrial,1.568202,0.8277378,-0.69897,1.090541,size.Synuchus.nitidus,Carabidae
1459,1459,51,4.3.finalss-87841,abunance.Scaphisomini.,size.Scaphisomini.,0.4459216,0.04348776,0.9285715,0.001981735,TRUE,0.7191013,abundance affects trait,0.01054545,0.7837838,0.7837838,0.04883312,12.31801,37,Terrestrial,1.568202,-1.976935,0.2080231,1.090541,size.Scaphisomini.,Staphylinidae
1460,1460,52,4.3.finalss-87841,abunance.Quedius.adustus,size.Quedius.adustus,0.1287682,0.2788444,0.9449112,0.002241373,FALSE,0.207654,abundance affects trait,0.3773409,0.7837838,0.7837838,0.04883312,12.31801,37,Terrestrial,1.568202,-0.4232661,-0.9542425,1.090541,size.Quedius.adustus,Staphylinidae
1461,1461,53,4.3.finalss-87841,abunance.Platydracus.sharpi,size.Platydracus.sharpi,0.3146629,0.1585132,1,0.000836611,FALSE,0.5074311,abundance affects trait,1.542636,0.7837838,0.7837838,0.04883312,12.31801,37,Terrestrial,1.568202,0.1882636,0.2080231,1.090541,size.Platydracus.sharpi,Staphylinidae
1462,1462,54,4.3.finalss-87841,abunance.Carabus.insulicola,size.Carabus.insulicola,0.2481232,0.2641386,1,0.000263214,FALSE,0.4001279,abundance affects trait,82.8082,0.7837838,0.7837838,0.04883312,12.31801,37,Terrestrial,1.568202,1.918073,-0.544068,1.090541,size.Carabus.insulicola,Carabidae
1463,1463,55,4.3.finalss-87841,abunance.Pterostichus.asymmetricus,size.Pterostichus.asymmetricus,0.3145161,0.1585973,1,0.000836611,FALSE,0.5071944,abundance affects trait,1.693557,0.7837838,0.7837838,0.04883312,12.31801,37,Terrestrial,1.568202,0.2287998,0.2080231,1.090541,size.Pterostichus.asymmetricus,Carabidae
1464,1464,56,4.3.finalss-87841,abunance.Cryptophagus.sp,size.Cryptophagus.sp,0.6201096,0.002361173,1,0.000263214,TRUE,1,abundance affects trait,0.01790909,0.7837838,0.7837838,0.04883312,12.31801,37,Terrestrial,1.568202,-1.746926,-0.9542425,1.090541,size.Cryptophagus.sp,Cryptophagidae
1465,1465,57,4.3.finalss-87841,abunance.Lordithon.sp,size.Lordithon.sp,0.1894661,0.1926052,0.8733261,0.001661658,FALSE,0.3055364,abundance affects trait,0.09545455,0.7837838,0.7837838,0.04883312,12.31801,37,Terrestrial,1.568202,-1.020203,0.2080231,1.090541,size.Lordithon.sp,Staphylinidae
1466,1466,58,4.3.finalss-87841,abunance.Neopallodes.inermis,size.Neopallodes.inermis,0.2091797,0.1682033,0.8888889,0.001229405,FALSE,0.3373269,abundance affects trait,0.05863636,0.7837838,0.7837838,0.04883312,12.31801,37,Terrestrial,1.568202,-1.231833,0.2080231,1.090541,size.Neopallodes.inermis,Staphylinidae
1467,1467,59,4.3.finalss-87841,abunance.Synuchus.arcuaticollis,size.Synuchus.arcuaticollis,0.1787759,0.2074229,0.5714286,0.06348658,FALSE,0.2882973,abundance affects trait,0.4627273,0.7837838,0.7837838,0.04883312,12.31801,37,Terrestrial,1.568202,-0.3346749,0.2080231,1.090541,size.Synuchus.arcuaticollis,Carabidae
1468,1468,60,4.3.finalss-87841,abunance.Lederina.sp,size.Lederina.sp,0.213812,0.2776632,1,0.000836611,FALSE,0.3447971,abundance affects trait,0.008568182,0.7837838,0.7837838,0.04883312,12.31801,37,Terrestrial,1.568202,-2.067111,0.2080231,1.090541,size.Lederina.sp,Carabidae
1469,1469,61,4.3.finalss-87841,abunance.Pseudopyrochroa.laticollis,size.Pseudopyrochroa.laticollis,0.2736802,0.3278038,0.5,0.07633281,FALSE,0.4413416,abundance affects trait,0.1621818,0.7837838,0.7837838,0.04883312,12.31801,37,Terrestrial,1.568202,-0.7899978,0.2080231,1.090541,size.Pseudopyrochroa.laticollis,Staphylinidae
1470,1470,62,4.3.finalss-87841,abunance.Anotylus.sp,size.Anotylus.sp,0.2228504,0.1523946,0.9285715,0.001981735,FALSE,0.3593725,abundance affects trait,0.01054545,0.7837838,0.7837838,0.04883312,12.31801,37,Terrestrial,1.568202,-1.976935,0.2080231,1.090541,size.Anotylus.sp,Staphylinidae
1471,1471,63,4.3.finalss-87841,abunance.Lebia.bifenestrata,size.Lebia.bifenestrata,0.2884536,0.3020561,0.8888889,0.001229405,FALSE,0.4651655,abundance affects trait,0.07713636,0.7837838,0.7837838,0.04883312,12.31801,37,Terrestrial,1.568202,-1.112741,0.2080231,1.090541,size.Lebia.bifenestrata,Carabidae
1472,1472,64,4.3.finalss-87841,abunance.Scolytidae.,size.Scolytidae.,0.3501564,0.08641007,1,0.000263214,FALSE,0.5646685,abundance affects trait,0.02015909,0.7837838,0.7837838,0.04883312,12.31801,37,Terrestrial,1.568202,-1.695529,0.2080231,1.090541,size.Scolytidae.,Curculionidae
1473,1473,65,4.3.finalss-87841,abunance.Pterostichus.polygenus,size.Pterostichus.polygenus,0.3613194,0.06538328,1,0.000836611,FALSE,0.5826702,abundance affects trait,0.3981818,0.7837838,0.7837838,0.04883312,12.31801,37,Terrestrial,1.568202,-0.3999186,0.2080231,1.090541,size.Pterostichus.polygenus,Carabidae
1474,1474,66,4.3.finalss-87841,abunance.Curculio.sp,size.Curculio.sp,0.3617792,0.06517708,1,0.000836611,FALSE,0.5834116,abundance affects trait,0.5998182,0.7837838,0.7837838,0.04883312,12.31801,37,Terrestrial,1.568202,-0.2219804,0.2080231,1.090541,size.Curculio.sp,Curculionidae
1475,1475,67,4.3.finalss-87841,abunance.Stenolophus.karasawai,size.Stenolophus.karasawai,0.387186,0.04350062,1,0.000836611,TRUE,0.6243831,abundance affects trait,0.1550682,0.7837838,0.7837838,0.04883312,12.31801,37,Terrestrial,1.568202,-0.8094773,-0.9542425,1.090541,size.Stenolophus.karasawai,Carabidae
1476,1476,68,4.3.finalss-87841,abunance.Anthicomorphus.suturalis,size.Anthicomorphus.suturalis,0.2949592,0.1235996,1,0.000836611,FALSE,0.4756565,abundance affects trait,0.07270455,0.7837838,0.7837838,0.04883312,12.31801,37,Terrestrial,1.568202,-1.138438,0.2080231,1.090541,size.Anthicomorphus.suturalis,Staphylinidae
1477,1477,69,4.3.finalss-87841,abunance.Bolitobius.setiger,size.Bolitobius.setiger,0.3654845,0.04136878,0.9819806,0.001188755,TRUE,0.5893869,abundance affects trait,0.1697273,0.7837838,0.7837838,0.04883312,12.31801,37,Terrestrial,1.568202,-0.7702484,-0.9542425,1.090541,size.Bolitobius.setiger,Tachyporinae
1478,1478,70,4.3.finalss-87841,abunance.Melandrya.sp,size.Melandrya.sp,0.3875441,0.1834816,1,0.000263214,FALSE,0.6249606,abundance affects trait,0.1462045,0.7837838,0.7837838,0.04883312,12.31801,37,Terrestrial,1.568202,-0.8350391,0.2080231,1.090541,size.Melandrya.sp,Melandryidae
1479,1479,71,4.3.finalss-87841,abunance.Philonthus.kobensis,size.Philonthus.kobensis,0.3316114,0.05933112,1,0.000836611,FALSE,0.5347625,abundance affects trait,0.03211364,0.7837838,0.7837838,0.04883312,12.31801,37,Terrestrial,1.568202,-1.493311,0.2080231,1.090541,size.Philonthus.kobensis,Staphylinidae
1480,1480,72,4.3.finalss-87841,abunance.Platycerus.acuticollis,size.Platycerus.acuticollis,0.3087332,0.1355547,0.9444444,0.000580668,FALSE,0.4978688,abundance affects trait,0.4049318,0.7837838,0.7837838,0.04883312,12.31801,37,Terrestrial,1.568202,-0.3926181,0.2080231,1.090541,size.Platycerus.acuticollis,Lucanidae
1481,1481,73,4.3.finalss-87841,abunance.Clavicollis.fugiens,size.Clavicollis.fugiens,0.2626276,0.1116831,1,0.000836611,FALSE,0.423518,abundance affects trait,0.009363636,0.7837838,0.7837838,0.04883312,12.31801,37,Terrestrial,1.568202,-2.028555,0.2080231,1.090541,size.Clavicollis.fugiens,Anthicidae
1482,1482,74,4.3.finalss-87841,abunance.Elateridae.,size.Elateridae.,0.5016947,0.02266159,1,0.000836611,TRUE,0.8090419,abundance affects trait,0.2568636,0.7837838,0.7837838,0.04883312,12.31801,37,Terrestrial,1.568202,-0.5902974,0.2080231,1.090541,size.Elateridae.,Elateridae
1483,1483,1,4.3.finalss-87844,size.Othius.rufipennis,abunance.Othius.rufipennis,0.3797673,0.09828491,1,0.000836611,FALSE,0.6550162,trait affects abundance,0.743675,0.8461538,0.8846154,0.03341862,12.26116,26,Terrestrial,1.414973,-0.1286168,-0.6766936,1.088532,abunance.Othius.rufipennis,Staphylinidae
1484,1484,2,4.3.finalss-87844,size.Synuchus.melantho,abunance.Synuchus.melantho,0.2700128,0.1973208,0.9047619,0.006863832,FALSE,0.4657136,trait affects abundance,7.262908,0.8461538,0.8846154,0.03341862,12.26116,26,Terrestrial,1.414973,0.8611106,-0.2373609,1.088532,abunance.Synuchus.melantho,Carabidae
1485,1485,3,4.3.finalss-87844,size.Pristosia.aeneola,abunance.Pristosia.aeneola,0.2387595,0.2769363,0.9047619,0.006863832,FALSE,0.4118084,trait affects abundance,2.3936,0.8461538,0.8846154,0.03341862,12.26116,26,Terrestrial,1.414973,0.3790516,-0.9294189,1.088532,abunance.Pristosia.aeneola,Carabidae
1486,1486,4,4.3.finalss-87844,size.Trephionus.sp,abunance.Trephionus.sp,0.2387766,0.2769091,0.9047619,0.006863832,FALSE,0.4118379,trait affects abundance,1.019175,0.8461538,0.8846154,0.03341862,12.26116,26,Terrestrial,1.414973,0.008248762,-0.9294189,1.088532,abunance.Trephionus.sp,Carabidae
1487,1487,5,4.3.finalss-87844,size.Staphylinidae.,abunance.Staphylinidae.,0.100571,0.3856222,0.9047619,0.006863832,FALSE,0.1734632,trait affects abundance,0.064425,0.8461538,0.8846154,0.03341862,12.26116,26,Terrestrial,1.414973,-1.190946,-0.4191293,1.088532,abunance.Staphylinidae.,Staphylinidae
1488,1488,6,4.3.finalss-87844,size.Synuchus.takeuchii,abunance.Synuchus.takeuchii,0.2386231,0.2770698,0.9047619,0.006863832,FALSE,0.4115731,trait affects abundance,0.771075,0.8461538,0.8846154,0.03341862,12.26116,26,Terrestrial,1.414973,-0.1129034,-0.9294189,1.088532,abunance.Synuchus.takeuchii,Carabidae
1489,1489,7,4.3.finalss-87844,size.Nicrophorus.investigator,abunance.Nicrophorus.investigator,0.2387329,0.276966,0.9047619,0.006863832,FALSE,0.4117625,trait affects abundance,6.30615,0.8461538,0.8846154,0.03341862,12.26116,26,Terrestrial,1.414973,0.7997643,-0.9294189,1.088532,abunance.Nicrophorus.investigator,Silphidae
1490,1490,8,4.3.finalss-87844,size.Pterostichus.karasawai,abunance.Pterostichus.karasawai,0.1120771,0.314159,0.9285715,0.001981735,FALSE,0.1933087,trait affects abundance,19.81433,0.8461538,0.8846154,0.03341862,12.26116,26,Terrestrial,1.414973,1.296979,-0.3617278,1.088532,abunance.Pterostichus.karasawai,Carabidae
1491,1491,9,4.3.finalss-87844,size.Pterostichus.ambigenus,abunance.Pterostichus.ambigenus,0,0.5,1,1,FALSE,0,trait affects abundance,40.1039,0.8461538,0.8846154,0.03341862,12.26116,26,Terrestrial,1.414973,1.603187,0.1989541,1.088532,abunance.Pterostichus.ambigenus,Carabidae
1492,1492,10,4.3.finalss-87844,size.Quedius.adustus,abunance.Quedius.adustus,0,0.5,1,1,FALSE,0,trait affects abundance,0.37375,0.8461538,0.8846154,0.03341862,12.26116,26,Terrestrial,1.414973,-0.4274188,-0.9294189,1.088532,abunance.Quedius.adustus,Staphylinidae
1493,1493,11,4.3.finalss-87844,size.Olophrum.sp,abunance.Olophrum.sp,0.3767701,0.2857043,0.8095238,0.01626098,FALSE,0.6498466,trait affects abundance,0.4039417,0.8461538,0.8846154,0.03341862,12.26116,26,Terrestrial,1.414973,-0.3936813,-0.2590655,1.088532,abunance.Olophrum.sp,Staphylinidae
1494,1494,12,4.3.finalss-87844,size.Aleocharinae.,abunance.Aleocharinae.,0.08668344,0.3542849,0.805823,0.01160276,FALSE,0.1495101,trait affects abundance,0.09635833,0.8461538,0.8846154,0.03341862,12.26116,26,Terrestrial,1.414973,-1.016111,-0.4569179,1.088532,abunance.Aleocharinae.,Staphylinidae
1495,1495,13,4.3.finalss-87844,size.Platycerus.acuticollis,abunance.Platycerus.acuticollis,0.3762325,0.04439513,1,0.002666712,TRUE,0.6489195,trait affects abundance,4.778,0.8461538,0.8846154,0.03341862,12.26116,26,Terrestrial,1.414973,0.6792461,-0.4983106,1.088532,abunance.Platycerus.acuticollis,Lucanidae
1496,1496,14,4.3.finalss-87844,size.Carabus.blaptoides,abunance.Carabus.blaptoides,0.2849473,0.1305183,1,0.002666712,FALSE,0.4914723,trait affects abundance,21.76582,0.8461538,0.8846154,0.03341862,12.26116,26,Terrestrial,1.414973,1.337775,-0.9294189,1.088532,abunance.Carabus.blaptoides,Carabidae
1497,1497,15,4.3.finalss-87844,size.Chrysomelidae.,abunance.Chrysomelidae.,0.2849664,0.1305376,1,0.002666712,FALSE,0.4915052,trait affects abundance,0.1264,0.8461538,0.8846154,0.03341862,12.26116,26,Terrestrial,1.414973,-0.8982529,-0.9294189,1.088532,abunance.Chrysomelidae.,Chrysomelidae
1498,1498,16,4.3.finalss-87844,size.Sepedophilus.sp,abunance.Sepedophilus.sp,0.579783,0.007800332,1,0.002666712,TRUE,1,trait affects abundance,0.144125,0.8461538,0.8846154,0.03341862,12.26116,26,Terrestrial,1.414973,-0.8412607,-0.6766936,1.088532,abunance.Sepedophilus.sp,Staphylinidae
1499,1499,17,4.3.finalss-87844,size.Mesechthistatus.binodosus,abunance.Mesechthistatus.binodosus,0,0.5,1,1,FALSE,0,trait affects abundance,32.96247,0.8461538,0.8846154,0.03341862,12.26116,26,Terrestrial,1.414973,1.51802,-0.6766936,1.088532,abunance.Mesechthistatus.binodosus,Cerambycidae
1500,1500,18,4.3.finalss-87844,size.Quedius.sp,abunance.Quedius.sp,0.2083668,0.181533,0.8095238,0.01626098,FALSE,0.3593875,trait affects abundance,0.420925,0.8461538,0.8846154,0.03341862,12.26116,26,Terrestrial,1.414973,-0.3757953,-0.9294189,1.088532,abunance.Quedius.sp,Staphylinidae
1501,1501,19,4.3.finalss-87844,size.Silphini.,abunance.Silphini.,0.314993,0.08949373,0.9285715,0.001981735,FALSE,0.5432946,trait affects abundance,2.6433,0.8461538,0.8846154,0.03341862,12.26116,26,Terrestrial,1.414973,0.4221465,-0.7533277,1.088532,abunance.Silphini.,Silphidae
1502,1502,20,4.3.finalss-87844,size.Carabus.harmandi,abunance.Carabus.harmandi,0,0.5,1,1,FALSE,0,trait affects abundance,8.85255,0.8461538,0.8846154,0.03341862,12.26116,26,Terrestrial,1.414973,0.9470684,-0.9294189,1.088532,abunance.Carabus.harmandi,Carabidae
1503,1503,21,4.3.finalss-87844,size.Xestagonum.xestum,abunance.Xestagonum.xestum,0,0.5,1,1,FALSE,0,trait affects abundance,2.32095,0.8461538,0.8846154,0.03341862,12.26116,26,Terrestrial,1.414973,0.3656658,-0.6766936,1.088532,abunance.Xestagonum.xestum,Carabidae
1504,1504,22,4.3.finalss-87844,size.Stomis.prognathus,abunance.Stomis.prognathus,0.4772669,0.04138934,0.9047619,0.006863832,TRUE,0.8231818,trait affects abundance,1.286825,0.8461538,0.8846154,0.03341862,12.26116,26,Terrestrial,1.414973,0.1095195,-0.9294189,1.088532,abunance.Stomis.prognathus,Carabidae
1505,1505,23,4.3.finalss-87844,size.Autalia.sp,abunance.Autalia.sp,0.2396429,0.2753667,0.9047619,0.006863832,FALSE,0.4133321,trait affects abundance,0.02005,0.8461538,0.8846154,0.03341862,12.26116,26,Terrestrial,1.414973,-1.697886,-0.6283889,1.088532,abunance.Autalia.sp,Carabidae
1506,1506,24,4.3.finalss-87844,size.Tachinus.japonicus,abunance.Tachinus.japonicus,0.4774622,0.04132527,0.9047619,0.006863832,TRUE,0.8235187,trait affects abundance,0.4241,0.8461538,0.8846154,0.03341862,12.26116,26,Terrestrial,1.414973,-0.3725317,-0.9294189,1.088532,abunance.Tachinus.japonicus,Staphylinidae
1507,1507,25,4.3.finalss-87844,size.Pterostichus.janoi,abunance.Pterostichus.janoi,0.2013487,0.318261,0.7142858,0.01874113,FALSE,0.3472829,trait affects abundance,2.417675,0.8461538,0.8846154,0.03341862,12.26116,26,Terrestrial,1.414973,0.3833979,-0.9294189,1.088532,abunance.Pterostichus.janoi,Carabidae
1508,1508,26,4.3.finalss-87844,size.Scaphisomini.,abunance.Scaphisomini.,0.1970541,0.3234555,0.7142858,0.01874113,FALSE,0.3398755,trait affects abundance,0.031275,0.8461538,0.8846154,0.03341862,12.26116,26,Terrestrial,1.414973,-1.504803,-0.9294189,1.088532,abunance.Scaphisomini.,Staphylinidae
1509,1509,27,4.3.finalss-87844,abunance.Othius.rufipennis,size.Othius.rufipennis,0,0.5,1,1,FALSE,0,abundance affects trait,0.743675,0.8461538,0.8846154,0.03341862,12.26116,26,Terrestrial,1.414973,-0.1286168,-0.6766936,1.088532,size.Othius.rufipennis,Staphylinidae
1510,1510,28,4.3.finalss-87844,abunance.Synuchus.melantho,size.Synuchus.melantho,0,0.5,1,1,FALSE,0,abundance affects trait,7.262908,0.8461538,0.8846154,0.03341862,12.26116,26,Terrestrial,1.414973,0.8611106,-0.2373609,1.088532,size.Synuchus.melantho,Carabidae
1511,1511,29,4.3.finalss-87844,abunance.Pristosia.aeneola,size.Pristosia.aeneola,0.1577194,0.24696,0.9999999,0.008534908,FALSE,0.2720318,abundance affects trait,2.3936,0.8461538,0.8846154,0.03341862,12.26116,26,Terrestrial,1.414973,0.3790516,-0.9294189,1.088532,size.Pristosia.aeneola,Carabidae
1512,1512,30,4.3.finalss-87844,abunance.Trephionus.sp,size.Trephionus.sp,0.1579921,0.2465805,0.9999999,0.008534908,FALSE,0.272502,abundance affects trait,1.019175,0.8461538,0.8846154,0.03341862,12.26116,26,Terrestrial,1.414973,0.008248762,-0.9294189,1.088532,size.Trephionus.sp,Carabidae
1513,1513,31,4.3.finalss-87844,abunance.Staphylinidae.,size.Staphylinidae.,0.4135868,0.04065758,1,0.002666712,TRUE,0.7133474,abundance affects trait,0.064425,0.8461538,0.8846154,0.03341862,12.26116,26,Terrestrial,1.414973,-1.190946,-0.4191293,1.088532,size.Staphylinidae.,Staphylinidae
1514,1514,32,4.3.finalss-87844,abunance.Synuchus.takeuchii,size.Synuchus.takeuchii,0.1576855,0.2470072,0.9999999,0.008534908,FALSE,0.2719734,abundance affects trait,0.771075,0.8461538,0.8846154,0.03341862,12.26116,26,Terrestrial,1.414973,-0.1129034,-0.9294189,1.088532,size.Synuchus.takeuchii,Carabidae
1515,1515,33,4.3.finalss-87844,abunance.Nicrophorus.investigator,size.Nicrophorus.investigator,0.1577424,0.246928,0.9999999,0.008534908,FALSE,0.2720714,abundance affects trait,6.30615,0.8461538,0.8846154,0.03341862,12.26116,26,Terrestrial,1.414973,0.7997643,-0.9294189,1.088532,size.Nicrophorus.investigator,Silphidae
1516,1516,34,4.3.finalss-87844,abunance.Pterostichus.karasawai,size.Pterostichus.karasawai,0.3515312,0.08818691,0.9999999,0.008534908,FALSE,0.6063151,abundance affects trait,19.81433,0.8461538,0.8846154,0.03341862,12.26116,26,Terrestrial,1.414973,1.296979,-0.3617278,1.088532,size.Pterostichus.karasawai,Carabidae
1517,1517,35,4.3.finalss-87844,abunance.Pterostichus.ambigenus,size.Pterostichus.ambigenus,0.3406631,0.1280588,1,0.002666712,FALSE,0.5875699,abundance affects trait,40.1039,0.8461538,0.8846154,0.03341862,12.26116,26,Terrestrial,1.414973,1.603187,0.1989541,1.088532,size.Pterostichus.ambigenus,Carabidae
1518,1518,36,4.3.finalss-87844,abunance.Quedius.adustus,size.Quedius.adustus,0.252216,0.1337701,0.9285715,0.001981735,FALSE,0.4350179,abundance affects trait,0.37375,0.8461538,0.8846154,0.03341862,12.26116,26,Terrestrial,1.414973,-0.4274188,-0.9294189,1.088532,size.Quedius.adustus,Staphylinidae
1519,1519,37,4.3.finalss-87844,abunance.Olophrum.sp,size.Olophrum.sp,0.4101658,0.03338351,1,0.002666712,TRUE,0.7074471,abundance affects trait,0.4039417,0.8461538,0.8846154,0.03341862,12.26116,26,Terrestrial,1.414973,-0.3936813,-0.2590655,1.088532,size.Olophrum.sp,Staphylinidae
1520,1520,38,4.3.finalss-87844,abunance.Aleocharinae.,size.Aleocharinae.,0.2402857,0.1495519,1,0.002666712,FALSE,0.4144408,abundance affects trait,0.09635833,0.8461538,0.8846154,0.03341862,12.26116,26,Terrestrial,1.414973,-1.016111,-0.4569179,1.088532,size.Aleocharinae.,Staphylinidae
1521,1521,39,4.3.finalss-87844,abunance.Platycerus.acuticollis,size.Platycerus.acuticollis,0.5527622,0.003716128,1,0.000836611,TRUE,0.9533949,abundance affects trait,4.778,0.8461538,0.8846154,0.03341862,12.26116,26,Terrestrial,1.414973,0.6792461,-0.4983106,1.088532,size.Platycerus.acuticollis,Lucanidae
1522,1522,40,4.3.finalss-87844,abunance.Carabus.blaptoides,size.Carabus.blaptoides,0,0.5,1,1,FALSE,0,abundance affects trait,21.76582,0.8461538,0.8846154,0.03341862,12.26116,26,Terrestrial,1.414973,1.337775,-0.9294189,1.088532,size.Carabus.blaptoides,Carabidae
1523,1523,41,4.3.finalss-87844,abunance.Chrysomelidae.,size.Chrysomelidae.,0,0.5,1,1,FALSE,0,abundance affects trait,0.1264,0.8461538,0.8846154,0.03341862,12.26116,26,Terrestrial,1.414973,-0.8982529,-0.9294189,1.088532,size.Chrysomelidae.,Chrysomelidae
1524,1524,42,4.3.finalss-87844,abunance.Sepedophilus.sp,size.Sepedophilus.sp,0.4773281,0.1677105,0.9047619,0.006863832,FALSE,0.8232874,abundance affects trait,0.144125,0.8461538,0.8846154,0.03341862,12.26116,26,Terrestrial,1.414973,-0.8412607,-0.6766936,1.088532,size.Sepedophilus.sp,Staphylinidae
1525,1525,43,4.3.finalss-87844,abunance.Mesechthistatus.binodosus,size.Mesechthistatus.binodosus,0.1678222,0.2330852,0.9999999,0.008534908,FALSE,0.2894569,abundance affects trait,32.96247,0.8461538,0.8846154,0.03341862,12.26116,26,Terrestrial,1.414973,1.51802,-0.6766936,1.088532,size.Mesechthistatus.binodosus,Cerambycidae
1526,1526,44,4.3.finalss-87844,abunance.Quedius.sp,size.Quedius.sp,0.1032579,0.3279007,0.9258201,0.007680297,FALSE,0.1780974,abundance affects trait,0.420925,0.8461538,0.8846154,0.03341862,12.26116,26,Terrestrial,1.414973,-0.3757953,-0.9294189,1.088532,size.Quedius.sp,Staphylinidae
1527,1527,45,4.3.finalss-87844,abunance.Silphini.,size.Silphini.,0.2838177,0.1512206,0.9047619,0.006863832,FALSE,0.489524,abundance affects trait,2.6433,0.8461538,0.8846154,0.03341862,12.26116,26,Terrestrial,1.414973,0.4221465,-0.7533277,1.088532,size.Silphini.,Silphidae
1528,1528,46,4.3.finalss-87844,abunance.Carabus.harmandi,size.Carabus.harmandi,0.01758321,0.4698543,0.3333333,0.3675208,FALSE,0.03032723,abundance affects trait,8.85255,0.8461538,0.8846154,0.03341862,12.26116,26,Terrestrial,1.414973,0.9470684,-0.9294189,1.088532,size.Carabus.harmandi,Carabidae
1529,1529,47,4.3.finalss-87844,abunance.Xestagonum.xestum,size.Xestagonum.xestum,0.4956278,0.1164515,1,0.000836611,FALSE,0.8548505,abundance affects trait,2.32095,0.8461538,0.8846154,0.03341862,12.26116,26,Terrestrial,1.414973,0.3656658,-0.6766936,1.088532,size.Xestagonum.xestum,Carabidae
1530,1530,48,4.3.finalss-87844,abunance.Stomis.prognathus,size.Stomis.prognathus,0.2203599,0.2766982,0.9285715,0.001981735,FALSE,0.380073,abundance affects trait,1.286825,0.8461538,0.8846154,0.03341862,12.26116,26,Terrestrial,1.414973,0.1095195,-0.9294189,1.088532,size.Stomis.prognathus,Carabidae
1531,1531,49,4.3.finalss-87844,abunance.Autalia.sp,size.Autalia.sp,0.159769,0.2441138,0.9999999,0.008534908,FALSE,0.2755668,abundance affects trait,0.02005,0.8461538,0.8846154,0.03341862,12.26116,26,Terrestrial,1.414973,-1.697886,-0.6283889,1.088532,size.Autalia.sp,Carabidae
1532,1532,50,4.3.finalss-87844,abunance.Tachinus.japonicus,size.Tachinus.japonicus,0.2179817,0.2796537,0.9285715,0.001981735,FALSE,0.3759712,abundance affects trait,0.4241,0.8461538,0.8846154,0.03341862,12.26116,26,Terrestrial,1.414973,-0.3725317,-0.9294189,1.088532,size.Tachinus.japonicus,Staphylinidae
1533,1533,51,4.3.finalss-87844,abunance.Pterostichus.janoi,size.Pterostichus.janoi,0.188196,0.2063286,0.9047619,0.006863832,FALSE,0.3245973,abundance affects trait,2.417675,0.8461538,0.8846154,0.03341862,12.26116,26,Terrestrial,1.414973,0.3833979,-0.9294189,1.088532,size.Pterostichus.janoi,Carabidae
1534,1534,52,4.3.finalss-87844,abunance.Scaphisomini.,size.Scaphisomini.,0.1930304,0.2002289,0.9047619,0.006863832,FALSE,0.3329356,abundance affects trait,0.031275,0.8461538,0.8846154,0.03341862,12.26116,26,Terrestrial,1.414973,-1.504803,-0.9294189,1.088532,size.Scaphisomini.,Staphylinidae
1535,1535,1,4.3.finalss-87845,size.Nicrophorus.quadripunctatus,abunance.Nicrophorus.quadripunctatus,0.3976934,0.05852524,1,0.000836611,FALSE,0.6969644,trait affects abundance,14.10645,0.7666667,0.6666667,0.06300499,14.08687,30,Terrestrial,1.477121,1.149418,-0.6766936,1.148815,abunance.Nicrophorus.quadripunctatus,Silphidae
1536,1536,2,4.3.finalss-87845,size.Stomis.prognathus,abunance.Stomis.prognathus,0.09403483,0.3346815,0.8693183,0.005085826,FALSE,0.1647976,trait affects abundance,0.6283182,0.7666667,0.6666667,0.06300499,14.08687,30,Terrestrial,1.477121,-0.2018204,-0.9542425,1.148815,abunance.Stomis.prognathus,Carabidae
1537,1537,3,4.3.finalss-87845,size.Synuchus.arcuaticollis,abunance.Synuchus.arcuaticollis,0.01412666,0.4744989,0.5765567,0.1001782,FALSE,0.0247572,trait affects abundance,4.414,0.7666667,0.6666667,0.06300499,14.08687,30,Terrestrial,1.477121,0.6448323,-0.30103,1.148815,abunance.Synuchus.arcuaticollis,Carabidae
1538,1538,4,4.3.finalss-87845,size.Mesechthistatus.binodosus,abunance.Mesechthistatus.binodosus,0.3412313,0.1253487,0.8571429,0.00443399,FALSE,0.5980135,trait affects abundance,10.94818,0.7666667,0.6666667,0.06300499,14.08687,30,Terrestrial,1.477121,1.039342,-0.9542425,1.148815,abunance.Mesechthistatus.binodosus,Cerambycidae
1539,1539,5,4.3.finalss-87845,size.Serica.sp,abunance.Serica.sp,0.2390918,0.1348184,0.9449112,0.002241373,FALSE,0.4190123,trait affects abundance,0.7612955,0.7666667,0.6666667,0.06300499,14.08687,30,Terrestrial,1.477121,-0.1184468,0.2080231,1.148815,abunance.Serica.sp,Scarabaeidae
1540,1540,6,4.3.finalss-87845,size.Osorius.angustulus,abunance.Osorius.angustulus,0.4872745,0.02799819,1,0.000836611,TRUE,0.8539567,trait affects abundance,0.5653182,0.7666667,0.6666667,0.06300499,14.08687,30,Terrestrial,1.477121,-0.247707,-0.4393327,1.148815,abunance.Osorius.angustulus,Staphylinidae
1541,1541,7,4.3.finalss-87845,size.Pselaphinae.,abunance.Pselaphinae.,0.3968938,0.05587735,1,0.000836611,FALSE,0.6955631,trait affects abundance,0.1200909,0.7666667,0.6666667,0.06300499,14.08687,30,Terrestrial,1.477121,-0.9204899,-0.4259687,1.148815,abunance.Pselaphinae.,Staphylinidae
1542,1542,8,4.3.finalss-87845,size.Ipelates.curtus,abunance.Ipelates.curtus,0.2685144,0.127012,0.8571429,0.00443399,FALSE,0.4705759,trait affects abundance,0.47575,0.7666667,0.6666667,0.06300499,14.08687,30,Terrestrial,1.477121,-0.3226212,-0.5797836,1.148815,abunance.Ipelates.curtus,Staphylinidae
1543,1543,9,4.3.finalss-87845,size.Curculionidae.,abunance.Curculionidae.,0.4047303,0.09724327,1,0.000836611,FALSE,0.7092967,trait affects abundance,0.2125909,0.7666667,0.6666667,0.06300499,14.08687,30,Terrestrial,1.477121,-0.6724553,-0.6232493,1.148815,abunance.Curculionidae.,Curculionidae
1544,1544,10,4.3.finalss-87845,size.Elateridae.,abunance.Elateridae.,0.354065,0.04690576,1,0.000836611,TRUE,0.6205049,trait affects abundance,0.02754545,0.7666667,0.6666667,0.06300499,14.08687,30,Terrestrial,1.477121,-1.55995,0.2080231,1.148815,abunance.Elateridae.,Elateridae
1545,1545,11,4.3.finalss-87845,size.Amichrotus.apicipennis,abunance.Amichrotus.apicipennis,0.3257086,0.09406249,0.9285715,0.001981735,FALSE,0.5708097,trait affects abundance,0.9145227,0.7666667,0.6666667,0.06300499,14.08687,30,Terrestrial,1.477121,-0.0388055,-0.8016323,1.148815,abunance.Amichrotus.apicipennis,Staphylinidae 
1546,1546,12,4.3.finalss-87845,size.Sphaeridiinae.,abunance.Sphaeridiinae.,0.3485034,0.04978934,0.9819806,0.001188755,TRUE,0.6107581,trait affects abundance,0.01095455,0.7666667,0.6666667,0.06300499,14.08687,30,Terrestrial,1.477121,-1.960406,-0.9542425,1.148815,abunance.Sphaeridiinae.,Sphaeridiinae
1547,1547,13,4.3.finalss-87845,size.Tachinus.japonicus,abunance.Tachinus.japonicus,0.3490595,0.04949541,0.9285715,0.001981735,TRUE,0.6117325,trait affects abundance,1.756045,0.7666667,0.6666667,0.06300499,14.08687,30,Terrestrial,1.477121,0.2445358,-0.39794,1.148815,abunance.Tachinus.japonicus,Staphylinidae
1548,1548,14,4.3.finalss-87845,size.Staphylinidae.,abunance.Staphylinidae.,0.06489266,0.384292,0.8571429,0.00443399,FALSE,0.1137255,trait affects abundance,0.03759091,0.7666667,0.6666667,0.06300499,14.08687,30,Terrestrial,1.477121,-1.424917,-0.6766936,1.148815,abunance.Staphylinidae.,Staphylinidae
1549,1549,15,4.3.finalss-87845,size.Silphinae.,abunance.Silphinae.,0.3082356,0.07458092,0.9819806,0.001188755,FALSE,0.540188,trait affects abundance,0.3445,0.7666667,0.6666667,0.06300499,14.08687,30,Terrestrial,1.477121,-0.4628108,-0.9294189,1.148815,abunance.Silphinae.,Silphidae
1550,1550,16,4.3.finalss-87845,size.Domene.curtipennis,abunance.Domene.curtipennis,0.1665702,0.3493219,0.5000001,0.1077623,FALSE,0.2919171,trait affects abundance,0.06745455,0.7666667,0.6666667,0.06300499,14.08687,30,Terrestrial,1.477121,-1.170989,0.2080231,1.148815,abunance.Domene.curtipennis,Staphylinidae
1551,1551,17,4.3.finalss-87845,size.Ischnosoma.sp,abunance.Ischnosoma.sp,0.181795,0.2795424,0.9285715,0.001981735,FALSE,0.3185988,trait affects abundance,0.04481818,0.7666667,0.6666667,0.06300499,14.08687,30,Terrestrial,1.477121,-1.348546,-0.9542425,1.148815,abunance.Ischnosoma.sp,Staphylinidae
1552,1552,18,4.3.finalss-87845,size.Synuchus.nitidus,abunance.Synuchus.nitidus,0.1944932,0.186205,0.5714286,0.06348658,FALSE,0.3408525,trait affects abundance,1.252727,0.7666667,0.6666667,0.06300499,14.08687,30,Terrestrial,1.477121,0.09785653,0.2080231,1.148815,abunance.Synuchus.nitidus,Carabidae
1553,1553,19,4.3.finalss-87845,size.Silphini.,abunance.Silphini.,0.05729698,0.3975447,0.8693183,0.005085826,FALSE,0.1004139,trait affects abundance,2.203557,0.7666667,0.6666667,0.06300499,14.08687,30,Terrestrial,1.477121,0.3431243,-0.90309,1.148815,abunance.Silphini.,Silphidae
1554,1554,20,4.3.finalss-87845,size.Pterostichus.microcephalus,abunance.Pterostichus.microcephalus,0.3763646,0.04538598,0.9285715,0.001981735,TRUE,0.6595853,trait affects abundance,1.256864,0.7666667,0.6666667,0.06300499,14.08687,30,Terrestrial,1.477121,0.09928816,-0.7781513,1.148815,abunance.Pterostichus.microcephalus,Carabidae
1555,1555,21,4.3.finalss-87845,size.Synuchus.cycloderus,abunance.Synuchus.cycloderus,0.2035393,0.1749932,1,0.000836611,FALSE,0.3567061,trait affects abundance,1.138295,0.7666667,0.6666667,0.06300499,14.08687,30,Terrestrial,1.477121,0.056255,0.2080231,1.148815,abunance.Synuchus.cycloderus,Carabidae
1556,1556,22,4.3.finalss-87845,size.Carabus.blaptoides,abunance.Carabus.blaptoides,0.3016789,0.1311002,0.9285715,0.001981735,FALSE,0.5286973,trait affects abundance,56.68886,0.7666667,0.6666667,0.06300499,14.08687,30,Terrestrial,1.477121,1.753498,-0.7346856,1.148815,abunance.Carabus.blaptoides,Carabidae
1557,1557,23,4.3.finalss-87845,size.Luperomorpha.collaris,abunance.Luperomorpha.collaris,0.3940871,0.09606286,1,0.000836611,FALSE,0.6906441,trait affects abundance,0.04806818,0.7666667,0.6666667,0.06300499,14.08687,30,Terrestrial,1.477121,-1.318142,0.2080231,1.148815,abunance.Luperomorpha.collaris,Chrysomelidae
1558,1558,24,4.3.finalss-87845,size.Algon.grandicollis,abunance.Algon.grandicollis,0.4882519,0.01658085,1,0.000836611,TRUE,0.8556696,trait affects abundance,0.73675,0.7666667,0.6666667,0.06300499,14.08687,30,Terrestrial,1.477121,-0.1326799,0.2080231,1.148815,abunance.Algon.grandicollis,Staphylinidae
1559,1559,25,4.3.finalss-87845,size.Philonthus.subvarians,abunance.Philonthus.subvarians,0.2282789,0.1463738,0.9258201,0.007680297,FALSE,0.4000625,trait affects abundance,0.1506818,0.7666667,0.6666667,0.06300499,14.08687,30,Terrestrial,1.477121,-0.8219391,0.2080231,1.148815,abunance.Philonthus.subvarians,Staphylinidae
1560,1560,26,4.3.finalss-87845,size.Miccolamia.verrucosa,abunance.Miccolamia.verrucosa,0.4026106,0.02666487,0.9819806,0.001188755,TRUE,0.7055818,trait affects abundance,0.04106818,0.7666667,0.6666667,0.06300499,14.08687,30,Terrestrial,1.477121,-1.386495,0.2080231,1.148815,abunance.Miccolamia.verrucosa,Cerambycidae
1561,1561,27,4.3.finalss-87845,size.Agelasa.nigriceps,abunance.Agelasa.nigriceps,0.3082129,0.07459693,0.9449112,0.002241373,FALSE,0.5401482,trait affects abundance,0.1227045,0.7666667,0.6666667,0.06300499,14.08687,30,Terrestrial,1.477121,-0.9111393,0.2080231,1.148815,abunance.Agelasa.nigriceps,Chrysomelidae
1562,1562,28,4.3.finalss-87845,size.Tachinus.sp1,abunance.Tachinus.sp1,0.3075212,0.07508585,0.9449112,0.002241373,FALSE,0.5389361,trait affects abundance,0.1044318,0.7666667,0.6666667,0.06300499,14.08687,30,Terrestrial,1.477121,-0.9811672,0.2080231,1.148815,abunance.Tachinus.sp1,Staphylinidae
1563,1563,29,4.3.finalss-87845,size.Athetini.,abunance.Athetini.,0.3033349,0.1326125,1,0.000836611,FALSE,0.5315994,trait affects abundance,0.7945455,0.7666667,0.6666667,0.06300499,14.08687,30,Terrestrial,1.477121,-0.09988125,0.04830468,1.148815,abunance.Athetini.,Staphylinidae
1564,1564,30,4.3.finalss-87845,size.Bradycellus.subditus,abunance.Bradycellus.subditus,0.3033208,0.1321647,1,0.000836611,FALSE,0.5315747,trait affects abundance,0.07795455,0.7666667,0.6666667,0.06300499,14.08687,30,Terrestrial,1.477121,-1.108159,0.2080231,1.148815,abunance.Bradycellus.subditus,Carabidae
1565,1565,31,4.3.finalss-87845,abunance.Nicrophorus.quadripunctatus,size.Nicrophorus.quadripunctatus,0.3014777,0.1718731,0.9285715,0.001981735,FALSE,0.5283447,abundance affects trait,14.10645,0.7666667,0.6666667,0.06300499,14.08687,30,Terrestrial,1.477121,1.149418,-0.6766936,1.148815,size.Nicrophorus.quadripunctatus,Silphidae
1566,1566,32,4.3.finalss-87845,abunance.Stomis.prognathus,size.Stomis.prognathus,0.4335616,0.0435346,1,0.000836611,TRUE,0.7598239,abundance affects trait,0.6283182,0.7666667,0.6666667,0.06300499,14.08687,30,Terrestrial,1.477121,-0.2018204,-0.9542425,1.148815,size.Stomis.prognathus,Carabidae
1567,1567,33,4.3.finalss-87845,abunance.Synuchus.arcuaticollis,size.Synuchus.arcuaticollis,0.0978632,0.3283343,0.8733261,0.001661658,FALSE,0.1715069,abundance affects trait,4.414,0.7666667,0.6666667,0.06300499,14.08687,30,Terrestrial,1.477121,0.6448323,-0.30103,1.148815,size.Synuchus.arcuaticollis,Carabidae
1568,1568,34,4.3.finalss-87845,abunance.Mesechthistatus.binodosus,size.Mesechthistatus.binodosus,0.2991478,0.1417455,1,0.000836611,FALSE,0.5242615,abundance affects trait,10.94818,0.7666667,0.6666667,0.06300499,14.08687,30,Terrestrial,1.477121,1.039342,-0.9542425,1.148815,size.Mesechthistatus.binodosus,Cerambycidae
1569,1569,35,4.3.finalss-87845,abunance.Serica.sp,size.Serica.sp,0.3137433,0.07076658,1,0.000836611,FALSE,0.5498403,abundance affects trait,0.7612955,0.7666667,0.6666667,0.06300499,14.08687,30,Terrestrial,1.477121,-0.1184468,0.2080231,1.148815,size.Serica.sp,Scarabaeidae
1570,1570,36,4.3.finalss-87845,abunance.Osorius.angustulus,size.Osorius.angustulus,0.1960051,0.3172233,0.5555556,0.04760396,FALSE,0.3435022,abundance affects trait,0.5653182,0.7666667,0.6666667,0.06300499,14.08687,30,Terrestrial,1.477121,-0.247707,-0.4393327,1.148815,size.Osorius.angustulus,Staphylinidae
1571,1571,37,4.3.finalss-87845,abunance.Pselaphinae.,size.Pselaphinae.,0.2484594,0.1252793,1,0.000836611,FALSE,0.4354293,abundance affects trait,0.1200909,0.7666667,0.6666667,0.06300499,14.08687,30,Terrestrial,1.477121,-0.9204899,-0.4259687,1.148815,size.Pselaphinae.,Staphylinidae
1572,1572,38,4.3.finalss-87845,abunance.Ipelates.curtus,size.Ipelates.curtus,0.3165705,0.1464054,1,0.000836611,FALSE,0.5547951,abundance affects trait,0.47575,0.7666667,0.6666667,0.06300499,14.08687,30,Terrestrial,1.477121,-0.3226212,-0.5797836,1.148815,size.Ipelates.curtus,Staphylinidae
1573,1573,39,4.3.finalss-87845,abunance.Curculionidae.,size.Curculionidae.,0.570608,0.009285816,1,0.002666712,TRUE,1,abundance affects trait,0.2125909,0.7666667,0.6666667,0.06300499,14.08687,30,Terrestrial,1.477121,-0.6724553,-0.6232493,1.148815,size.Curculionidae.,Curculionidae
1574,1574,40,4.3.finalss-87845,abunance.Elateridae.,size.Elateridae.,0.1034841,0.3190962,0.9092413,0.002769589,FALSE,0.1813576,abundance affects trait,0.02754545,0.7666667,0.6666667,0.06300499,14.08687,30,Terrestrial,1.477121,-1.55995,0.2080231,1.148815,size.Elateridae.,Elateridae
1575,1575,41,4.3.finalss-87845,abunance.Amichrotus.apicipennis,size.Amichrotus.apicipennis,0.1171093,0.3441693,0.4285715,0.1735462,FALSE,0.205236,abundance affects trait,0.9145227,0.7666667,0.6666667,0.06300499,14.08687,30,Terrestrial,1.477121,-0.0388055,-0.8016323,1.148815,size.Amichrotus.apicipennis,Staphylinidae 
1576,1576,42,4.3.finalss-87845,abunance.Sphaeridiinae.,size.Sphaeridiinae.,0.2294869,0.1450539,1,0.000836611,FALSE,0.4021796,abundance affects trait,0.01095455,0.7666667,0.6666667,0.06300499,14.08687,30,Terrestrial,1.477121,-1.960406,-0.9542425,1.148815,size.Sphaeridiinae.,Sphaeridiinae
1577,1577,43,4.3.finalss-87845,abunance.Tachinus.japonicus,size.Tachinus.japonicus,0.3477147,0.05884451,1,0.000836611,FALSE,0.6093758,abundance affects trait,1.756045,0.7666667,0.6666667,0.06300499,14.08687,30,Terrestrial,1.477121,0.2445358,-0.39794,1.148815,size.Tachinus.japonicus,Staphylinidae
1578,1578,44,4.3.finalss-87845,abunance.Staphylinidae.,size.Staphylinidae.,0.4764693,0.02794779,1,0.000836611,TRUE,0.8350205,abundance affects trait,0.03759091,0.7666667,0.6666667,0.06300499,14.08687,30,Terrestrial,1.477121,-1.424917,-0.6766936,1.148815,size.Staphylinidae.,Staphylinidae
1579,1579,45,4.3.finalss-87845,abunance.Silphinae.,size.Silphinae.,0.4562409,0.03467092,1,0.000836611,TRUE,0.7995698,abundance affects trait,0.3445,0.7666667,0.6666667,0.06300499,14.08687,30,Terrestrial,1.477121,-0.4628108,-0.9294189,1.148815,size.Silphinae.,Silphidae
1580,1580,46,4.3.finalss-87845,abunance.Domene.curtipennis,size.Domene.curtipennis,0.3484176,0.07836649,0.8571429,0.00443399,FALSE,0.6106076,abundance affects trait,0.06745455,0.7666667,0.6666667,0.06300499,14.08687,30,Terrestrial,1.477121,-1.170989,0.2080231,1.148815,size.Domene.curtipennis,Staphylinidae
1581,1581,47,4.3.finalss-87845,abunance.Ischnosoma.sp,size.Ischnosoma.sp,0.2959909,0.1090741,0.8571429,0.00443399,FALSE,0.518729,abundance affects trait,0.04481818,0.7666667,0.6666667,0.06300499,14.08687,30,Terrestrial,1.477121,-1.348546,-0.9542425,1.148815,size.Ischnosoma.sp,Staphylinidae
1582,1582,48,4.3.finalss-87845,abunance.Synuchus.nitidus,size.Synuchus.nitidus,0.559101,0.00218304,1,0.000263214,TRUE,0.9798339,abundance affects trait,1.252727,0.7666667,0.6666667,0.06300499,14.08687,30,Terrestrial,1.477121,0.09785653,0.2080231,1.148815,size.Synuchus.nitidus,Carabidae
1583,1583,49,4.3.finalss-87845,abunance.Silphini.,size.Silphini.,0.4208391,0.04696976,1,0.000836611,TRUE,0.7375275,abundance affects trait,2.203557,0.7666667,0.6666667,0.06300499,14.08687,30,Terrestrial,1.477121,0.3431243,-0.90309,1.148815,size.Silphini.,Silphidae
1584,1584,50,4.3.finalss-87845,abunance.Pterostichus.microcephalus,size.Pterostichus.microcephalus,0.3987166,0.07835631,1,0.000263214,FALSE,0.6987576,abundance affects trait,1.256864,0.7666667,0.6666667,0.06300499,14.08687,30,Terrestrial,1.477121,0.09928816,-0.7781513,1.148815,size.Pterostichus.microcephalus,Carabidae
1585,1585,51,4.3.finalss-87845,abunance.Synuchus.cycloderus,size.Synuchus.cycloderus,0.3147652,0.1583843,1,0.000836611,FALSE,0.5516312,abundance affects trait,1.138295,0.7666667,0.6666667,0.06300499,14.08687,30,Terrestrial,1.477121,0.056255,0.2080231,1.148815,size.Synuchus.cycloderus,Carabidae
1586,1586,52,4.3.finalss-87845,abunance.Carabus.blaptoides,size.Carabus.blaptoides,0.2032161,0.3665305,0.6428572,0.03544796,FALSE,0.3561396,abundance affects trait,56.68886,0.7666667,0.6666667,0.06300499,14.08687,30,Terrestrial,1.477121,1.753498,-0.7346856,1.148815,size.Carabus.blaptoides,Carabidae
1587,1587,53,4.3.finalss-87845,abunance.Luperomorpha.collaris,size.Luperomorpha.collaris,0.2988803,0.2969584,0.7777778,0.004878521,FALSE,0.5237927,abundance affects trait,0.04806818,0.7666667,0.6666667,0.06300499,14.08687,30,Terrestrial,1.477121,-1.318142,0.2080231,1.148815,size.Luperomorpha.collaris,Chrysomelidae
1588,1588,54,4.3.finalss-87845,abunance.Algon.grandicollis,size.Algon.grandicollis,0.2966293,0.1486143,0.9444444,0.000580668,FALSE,0.5198478,abundance affects trait,0.73675,0.7666667,0.6666667,0.06300499,14.08687,30,Terrestrial,1.477121,-0.1326799,0.2080231,1.148815,size.Algon.grandicollis,Staphylinidae
1589,1589,55,4.3.finalss-87845,abunance.Philonthus.subvarians,size.Philonthus.subvarians,0.3144881,0.111966,1,0.000836611,FALSE,0.5511457,abundance affects trait,0.1506818,0.7666667,0.6666667,0.06300499,14.08687,30,Terrestrial,1.477121,-0.8219391,0.2080231,1.148815,size.Philonthus.subvarians,Staphylinidae
1590,1590,56,4.3.finalss-87845,abunance.Miccolamia.verrucosa,size.Miccolamia.verrucosa,0.3343419,0.1058566,1,0.000263214,FALSE,0.5859397,abundance affects trait,0.04106818,0.7666667,0.6666667,0.06300499,14.08687,30,Terrestrial,1.477121,-1.386495,0.2080231,1.148815,size.Miccolamia.verrucosa,Cerambycidae
1591,1591,57,4.3.finalss-87845,abunance.Agelasa.nigriceps,size.Agelasa.nigriceps,0.5001054,0.02304289,1,0.000836611,TRUE,0.876443,abundance affects trait,0.1227045,0.7666667,0.6666667,0.06300499,14.08687,30,Terrestrial,1.477121,-0.9111393,0.2080231,1.148815,size.Agelasa.nigriceps,Chrysomelidae
1592,1592,58,4.3.finalss-87845,abunance.Tachinus.sp1,size.Tachinus.sp1,0.5149409,0.01861332,1,0.000836611,TRUE,0.9024425,abundance affects trait,0.1044318,0.7666667,0.6666667,0.06300499,14.08687,30,Terrestrial,1.477121,-0.9811672,0.2080231,1.148815,size.Tachinus.sp1,Staphylinidae
1593,1593,59,4.3.finalss-87845,abunance.Athetini.,size.Athetini.,0.4586741,0.02672872,1,0.000836611,TRUE,0.803834,abundance affects trait,0.7945455,0.7666667,0.6666667,0.06300499,14.08687,30,Terrestrial,1.477121,-0.09988125,0.04830468,1.148815,size.Athetini.,Staphylinidae
1594,1594,60,4.3.finalss-87845,abunance.Bradycellus.subditus,size.Bradycellus.subditus,0.562345,0.007956933,1,0.000836611,TRUE,0.9855191,abundance affects trait,0.07795455,0.7666667,0.6666667,0.06300499,14.08687,30,Terrestrial,1.477121,-1.108159,0.2080231,1.148815,size.Bradycellus.subditus,Carabidae
1595,1595,1,4.3.finalss-87846,size.Pterostichus.sp,abunance.Pterostichus.sp,0.1593591,0.233389,0.9449112,0.002241373,FALSE,0.2709097,trait affects abundance,4.500648,0.7837838,0.8108108,0.05410597,14.39269,37,Terrestrial,1.568202,0.653275,-0.2536053,1.158142,abunance.Pterostichus.sp,Carabidae
1596,1596,2,4.3.finalss-87846,size.Synuchus.arcuaticollis,abunance.Synuchus.arcuaticollis,0.2318087,0.1425374,0.9819806,0.001188755,FALSE,0.3940738,trait affects abundance,1.293273,0.7837838,0.8108108,0.05410597,14.39269,37,Terrestrial,1.568202,0.1116901,-0.7781513,1.158142,abunance.Synuchus.arcuaticollis,Carabidae
1597,1597,3,4.3.finalss-87846,size.Synuchus.crocatus,abunance.Synuchus.crocatus,0.4155769,0.05367458,1,0.000836611,FALSE,0.7064788,trait affects abundance,5.043909,0.7837838,0.8108108,0.05410597,14.39269,37,Terrestrial,1.568202,0.7027673,-0.3617278,1.158142,abunance.Synuchus.crocatus,Carabidae
1598,1598,4,4.3.finalss-87846,size.Plesiophthalmus.nigrocyaneus,abunance.Plesiophthalmus.nigrocyaneus,0.2100076,0.1672197,0.9449112,0.002241373,FALSE,0.357012,trait affects abundance,2.134432,0.7837838,0.8108108,0.05410597,14.39269,37,Terrestrial,1.568202,0.3292823,0.2080231,1.158142,abunance.Plesiophthalmus.nigrocyaneus,Tenebrionidae
1599,1599,5,4.3.finalss-87846,size.Aleochara.sp,abunance.Aleochara.sp,0.1484105,0.3696184,0.8571429,0.00443399,FALSE,0.2522971,trait affects abundance,0.7663409,0.7837838,0.8108108,0.05410597,14.39269,37,Terrestrial,1.568202,-0.115578,-0.332629,1.158142,abunance.Aleochara.sp,Staphylinidae
1600,1600,6,4.3.finalss-87846,size.Pterostichus.subovatus,abunance.Pterostichus.subovatus,0.2855281,0.149141,1,0.000263214,FALSE,0.4853965,trait affects abundance,5.008295,0.7837838,0.8108108,0.05410597,14.39269,37,Terrestrial,1.568202,0.6996899,-0.6232493,1.158142,abunance.Pterostichus.subovatus,Carabidae
1601,1601,7,4.3.finalss-87846,size.Calosoma.maximowiczi,abunance.Calosoma.maximowiczi,0.08256009,0.3539569,0.2142857,0.5361867,FALSE,0.1403518,trait affects abundance,9.416341,0.7837838,0.8108108,0.05410597,14.39269,37,Terrestrial,1.568202,0.9738822,0.2080231,1.158142,abunance.Calosoma.maximowiczi,Carabidae
1602,1602,8,4.3.finalss-87846,size.Synuchus.agonus,abunance.Synuchus.agonus,0.4588923,0.01669178,1,0.000836611,TRUE,0.7801148,trait affects abundance,0.8916591,0.7837838,0.8108108,0.05410597,14.39269,37,Terrestrial,1.568202,-0.04980116,-0.7781513,1.158142,abunance.Synuchus.agonus,Carabidae
1603,1603,9,4.3.finalss-87846,size.Philonthus.kobensis,abunance.Philonthus.kobensis,0.1943318,0.1864086,0.6428572,0.03544796,FALSE,0.3303632,trait affects abundance,0.07713636,0.7837838,0.8108108,0.05410597,14.39269,37,Terrestrial,1.568202,-1.112741,0.2080231,1.158142,abunance.Philonthus.kobensis,Staphylinidae
1604,1604,10,4.3.finalss-87846,size.Tachinus.elongatus,abunance.Tachinus.elongatus,0.1599651,0.2783325,-0.1428571,0.710523,FALSE,0.2719399,trait affects abundance,0.1634318,0.7837838,0.8108108,0.05410597,14.39269,37,Terrestrial,1.568202,-0.7866634,-0.9542425,1.158142,abunance.Tachinus.elongatus,Staphylinidae
1605,1605,11,4.3.finalss-87846,size.Aleocharinae.,abunance.Aleocharinae.,0.2028605,0.1835578,0.5714286,0.06348658,FALSE,0.3448619,trait affects abundance,0.01075,0.7837838,0.8108108,0.05410597,14.39269,37,Terrestrial,1.568202,-1.968592,-0.6283889,1.158142,abunance.Aleocharinae.,Staphylinidae
1606,1606,12,4.3.finalss-87846,size.Batrisini.,abunance.Batrisini.,0.1988865,0.1830175,0.5714286,0.06348658,FALSE,0.3381061,trait affects abundance,0.02202273,0.7837838,0.8108108,0.05410597,14.39269,37,Terrestrial,1.568202,-1.657129,0.2080231,1.158142,abunance.Batrisini.,Staphylinidae
1607,1607,13,4.3.finalss-87846,size.Tachinus.nakanei,abunance.Tachinus.nakanei,0.0135174,0.4755974,0.7844645,0.008050919,FALSE,0.02297951,trait affects abundance,0.1278182,0.7837838,0.8108108,0.05410597,14.39269,37,Terrestrial,1.568202,-0.8934074,-0.7781513,1.158142,abunance.Tachinus.nakanei,Staphylinidae
1608,1608,14,4.3.finalss-87846,size.Tritoma.niponensis,abunance.Tritoma.niponensis,0.209617,0.1676833,0.9449112,0.002241373,FALSE,0.356348,trait affects abundance,0.06825,0.7837838,0.8108108,0.05410597,14.39269,37,Terrestrial,1.568202,-1.165897,0.2080231,1.158142,abunance.Tritoma.niponensis,Erotylidae
1609,1609,15,4.3.finalss-87846,size.Paratrichius.doenitzi,abunance.Paratrichius.doenitzi,0.2101959,0.1669965,0.9449112,0.002241373,FALSE,0.3573321,trait affects abundance,3.521455,0.7837838,0.8108108,0.05410597,14.39269,37,Terrestrial,1.568202,0.5467221,0.2080231,1.158142,abunance.Paratrichius.doenitzi,Cetoniidae
1610,1610,16,4.3.finalss-87846,size.Synuchus.tanzawanus,abunance.Synuchus.tanzawanus,0.052094,0.4066856,0.7807201,0.02268708,FALSE,0.08855957,trait affects abundance,0.9382045,0.7837838,0.8108108,0.05410597,14.39269,37,Terrestrial,1.568202,-0.02770247,-0.5797836,1.158142,abunance.Synuchus.tanzawanus,Carabidae
1611,1611,17,4.3.finalss-87846,size.Trephionus.kinoshitai,abunance.Trephionus.kinoshitai,0.1816847,0.2027476,1,0.000836611,FALSE,0.3088631,trait affects abundance,1.761636,0.7837838,0.8108108,0.05410597,14.39269,37,Terrestrial,1.568202,0.2459163,-0.5797836,1.158142,abunance.Trephionus.kinoshitai,Carabidae
1612,1612,18,4.3.finalss-87846,size.Eudectus.rufulus,abunance.Eudectus.rufulus,0.3739798,0.0375729,0.9819806,0.001188755,TRUE,0.6357639,trait affects abundance,0.007068182,0.7837838,0.8108108,0.05410597,14.39269,37,Terrestrial,1.568202,-2.150692,-0.9294189,1.158142,abunance.Eudectus.rufulus,Staphylinidae
1613,1613,19,4.3.finalss-87846,size.Leptura.ochraceofasciata,abunance.Leptura.ochraceofasciata,0.3079439,0.07478682,0.9449112,0.002241373,FALSE,0.5235032,trait affects abundance,1.676318,0.7837838,0.8108108,0.05410597,14.39269,37,Terrestrial,1.568202,0.2243565,0.2080231,1.158142,abunance.Leptura.ochraceofasciata,Cerambycidae
1614,1614,20,4.3.finalss-87846,size.Lucanus.maculifemoratus,abunance.Lucanus.maculifemoratus,0.3079073,0.07481267,0.9449112,0.002241373,FALSE,0.523441,trait affects abundance,16.13743,0.7837838,0.8108108,0.05410597,14.39269,37,Terrestrial,1.568202,1.207834,0.2080231,1.158142,abunance.Lucanus.maculifemoratus,Lucanidae
1615,1615,21,4.3.finalss-87846,size.Pterostichus.brittoni,abunance.Pterostichus.brittoni,0.4039122,0.02623368,0.9819806,0.001188755,TRUE,0.686649,trait affects abundance,0.2725227,0.7837838,0.8108108,0.05410597,14.39269,37,Terrestrial,1.568202,-0.5645973,0.2080231,1.158142,abunance.Pterostichus.brittoni,Carabidae
1616,1616,22,4.3.finalss-87846,size.Agelosus.carinatus,abunance.Agelosus.carinatus,0.360776,0.04740635,0.9285715,0.001981735,TRUE,0.6133176,trait affects abundance,2.997636,0.7837838,0.8108108,0.05410597,14.39269,37,Terrestrial,1.568202,0.4767789,-0.9542425,1.158142,abunance.Agelosus.carinatus,Staphylinidae
1617,1617,23,4.3.finalss-87846,size.Silphini.,abunance.Silphini.,0.3491579,0.04944352,1,0.000836611,TRUE,0.5935668,trait affects abundance,3.511568,0.7837838,0.8108108,0.05410597,14.39269,37,Terrestrial,1.568202,0.5455011,0.2080231,1.158142,abunance.Silphini.,Silphidae
1618,1618,24,4.3.finalss-87846,size.Cyparium.mikado,abunance.Cyparium.mikado,0.3981315,0.05249898,1,0.000836611,FALSE,0.6768217,trait affects abundance,0.1737045,0.7837838,0.8108108,0.05410597,14.39269,37,Terrestrial,1.568202,-0.7601888,0.2080231,1.158142,abunance.Cyparium.mikado,Staphylinidae
1619,1619,25,4.3.finalss-87846,size.Pterostichus.takaosanus,abunance.Pterostichus.takaosanus,0.4258857,0.02937716,0.9285715,0.001981735,TRUE,0.7240037,trait affects abundance,0.8951136,0.7837838,0.8108108,0.05410597,14.39269,37,Terrestrial,1.568202,-0.04812183,-0.6766936,1.158142,abunance.Pterostichus.takaosanus,Carabidae
1620,1620,26,4.3.finalss-87846,size.Agonum.aurelium,abunance.Agonum.aurelium,0.348979,0.08095062,1,0.000836611,FALSE,0.5932627,trait affects abundance,1.496705,0.7837838,0.8108108,0.05410597,14.39269,37,Terrestrial,1.568202,0.1751361,-0.39794,1.158142,abunance.Agonum.aurelium,Carabidae
1621,1621,27,4.3.finalss-87846,size.Polydrusus.isshikii,abunance.Polydrusus.isshikii,0.3486036,0.04973631,1,0.000836611,TRUE,0.5926245,trait affects abundance,0.1174545,0.7837838,0.8108108,0.05410597,14.39269,37,Terrestrial,1.568202,-0.9301302,0.2080231,1.158142,abunance.Polydrusus.isshikii,Curculionidae
1622,1622,28,4.3.finalss-87846,size.Tachinus.punctiventris,abunance.Tachinus.punctiventris,0.3489836,0.04953547,1,0.000836611,TRUE,0.5932704,trait affects abundance,0.2731136,0.7837838,0.8108108,0.05410597,14.39269,37,Terrestrial,1.568202,-0.5636566,0.2080231,1.158142,abunance.Tachinus.punctiventris,Staphylinidae
1623,1623,29,4.3.finalss-87846,size.Athetini.,abunance.Athetini.,0.3072406,0.07528488,1,0.000836611,FALSE,0.5223075,trait affects abundance,0.007613636,0.7837838,0.8108108,0.05410597,14.39269,37,Terrestrial,1.568202,-2.118408,0.2080231,1.158142,abunance.Athetini.,Staphylinidae
1624,1624,30,4.3.finalss-87846,size.Philonthus.virgatus,abunance.Philonthus.virgatus,0.2912316,0.08724657,1,0.000836611,FALSE,0.4950925,trait affects abundance,0.04959091,0.7837838,0.8108108,0.05410597,14.39269,37,Terrestrial,1.568202,-1.304598,0.2080231,1.158142,abunance.Philonthus.virgatus,Staphylinidae
1625,1625,31,4.3.finalss-87846,size.Xantholinini.,abunance.Xantholinini.,0.2883963,0.08949156,1,0.000836611,FALSE,0.4902724,trait affects abundance,0.09727273,0.7837838,0.8108108,0.05410597,14.39269,37,Terrestrial,1.568202,-1.012009,0.2080231,1.158142,abunance.Xantholinini.,Staphylinidae
1626,1626,32,4.3.finalss-87846,size.Philonthus.subvarians,abunance.Philonthus.subvarians,0.290993,0.08743401,1,0.000836611,FALSE,0.4946868,trait affects abundance,0.1144545,0.7837838,0.8108108,0.05410597,14.39269,37,Terrestrial,1.568202,-0.941367,0.2080231,1.158142,abunance.Philonthus.subvarians,Staphylinidae
1627,1627,33,4.3.finalss-87846,size.Ascaphium.tibiale,abunance.Ascaphium.tibiale,0.226907,0.1478815,0.9258201,0.007680297,FALSE,0.3857408,trait affects abundance,0.1576818,0.7837838,0.8108108,0.05410597,14.39269,37,Terrestrial,1.568202,-0.8022184,0.2080231,1.158142,abunance.Ascaphium.tibiale,Staphylinidae
1628,1628,34,4.3.finalss-87846,size.Stomis.prognathus,abunance.Stomis.prognathus,0.2276344,0.1470809,0.9258201,0.007680297,FALSE,0.3869775,trait affects abundance,1.110705,0.7837838,0.8108108,0.05410597,14.39269,37,Terrestrial,1.568202,0.04559855,0.2080231,1.158142,abunance.Stomis.prognathus,Carabidae
1629,1629,35,4.3.finalss-87846,size.Elateridae.,abunance.Elateridae.,0.2275124,0.147215,0.9258201,0.007680297,FALSE,0.3867701,trait affects abundance,0.5901818,0.7837838,0.8108108,0.05410597,14.39269,37,Terrestrial,1.568202,-0.2290142,0.2080231,1.158142,abunance.Elateridae.,Elateridae
1630,1630,36,4.3.finalss-87846,size.Phyllobius.sp,abunance.Phyllobius.sp,0.3984562,0.05238978,1,0.000836611,FALSE,0.6773736,trait affects abundance,0.2840682,0.7837838,0.8108108,0.05410597,14.39269,37,Terrestrial,1.568202,-0.5465774,0.2080231,1.158142,abunance.Phyllobius.sp,Curculionidae
1631,1631,37,4.3.finalss-87846,size.Notiophilus.impressifrons,abunance.Notiophilus.impressifrons,0.2278346,0.146861,0.9258201,0.007680297,FALSE,0.3873178,trait affects abundance,0.23675,0.7837838,0.8108108,0.05410597,14.39269,37,Terrestrial,1.568202,-0.62571,0.2080231,1.158142,abunance.Notiophilus.impressifrons,Carabidae
1632,1632,38,4.3.finalss-87846,abunance.Pterostichus.sp,size.Pterostichus.sp,0.4131725,0.02868707,1,0.000836611,TRUE,0.7023913,abundance affects trait,4.500648,0.7837838,0.8108108,0.05410597,14.39269,37,Terrestrial,1.568202,0.653275,-0.2536053,1.158142,size.Pterostichus.sp,Carabidae
1633,1633,39,4.3.finalss-87846,abunance.Synuchus.arcuaticollis,size.Synuchus.arcuaticollis,0.347499,0.1521391,1,0.000836611,FALSE,0.5907467,abundance affects trait,1.293273,0.7837838,0.8108108,0.05410597,14.39269,37,Terrestrial,1.568202,0.1116901,-0.7781513,1.158142,size.Synuchus.arcuaticollis,Carabidae
1634,1634,40,4.3.finalss-87846,abunance.Synuchus.crocatus,size.Synuchus.crocatus,0.5882369,0.01070514,1,0.000263214,TRUE,1,abundance affects trait,5.043909,0.7837838,0.8108108,0.05410597,14.39269,37,Terrestrial,1.568202,0.7027673,-0.3617278,1.158142,size.Synuchus.crocatus,Carabidae
1635,1635,41,4.3.finalss-87846,abunance.Plesiophthalmus.nigrocyaneus,size.Plesiophthalmus.nigrocyaneus,0.3559027,0.06599943,1,0.000836611,FALSE,0.605033,abundance affects trait,2.134432,0.7837838,0.8108108,0.05410597,14.39269,37,Terrestrial,1.568202,0.3292823,0.2080231,1.158142,size.Plesiophthalmus.nigrocyaneus,Tenebrionidae
1636,1636,42,4.3.finalss-87846,abunance.Aleochara.sp,size.Aleochara.sp,0.3409099,0.08741365,1,0.000836611,FALSE,0.5795453,abundance affects trait,0.7663409,0.7837838,0.8108108,0.05410597,14.39269,37,Terrestrial,1.568202,-0.115578,-0.332629,1.158142,size.Aleochara.sp,Staphylinidae
1637,1637,43,4.3.finalss-87846,abunance.Pterostichus.subovatus,size.Pterostichus.subovatus,0.4304647,0.08728954,1,0.000836611,FALSE,0.7317879,abundance affects trait,5.008295,0.7837838,0.8108108,0.05410597,14.39269,37,Terrestrial,1.568202,0.6996899,-0.6232493,1.158142,size.Pterostichus.subovatus,Carabidae
1638,1638,44,4.3.finalss-87846,abunance.Calosoma.maximowiczi,size.Calosoma.maximowiczi,0.2108053,0.1662752,1,0.000836611,FALSE,0.3583681,abundance affects trait,9.416341,0.7837838,0.8108108,0.05410597,14.39269,37,Terrestrial,1.568202,0.9738822,0.2080231,1.158142,size.Calosoma.maximowiczi,Carabidae
1639,1639,45,4.3.finalss-87846,abunance.Synuchus.agonus,size.Synuchus.agonus,0.3257133,0.1050559,1,0.000836611,FALSE,0.5537112,abundance affects trait,0.8916591,0.7837838,0.8108108,0.05410597,14.39269,37,Terrestrial,1.568202,-0.04980116,-0.7781513,1.158142,size.Synuchus.agonus,Carabidae
1640,1640,46,4.3.finalss-87846,abunance.Philonthus.kobensis,size.Philonthus.kobensis,0.5518841,0.002518595,1,0.000263214,TRUE,0.9382005,abundance affects trait,0.07713636,0.7837838,0.8108108,0.05410597,14.39269,37,Terrestrial,1.568202,-1.112741,0.2080231,1.158142,size.Philonthus.kobensis,Staphylinidae
1641,1641,47,4.3.finalss-87846,abunance.Tachinus.elongatus,size.Tachinus.elongatus,0.3456585,0.1529491,1,0.000263214,FALSE,0.5876179,abundance affects trait,0.1634318,0.7837838,0.8108108,0.05410597,14.39269,37,Terrestrial,1.568202,-0.7866634,-0.9542425,1.158142,size.Tachinus.elongatus,Staphylinidae
1642,1642,48,4.3.finalss-87846,abunance.Aleocharinae.,size.Aleocharinae.,0.5411111,0.003048318,1,0.000263214,TRUE,0.9198863,abundance affects trait,0.01075,0.7837838,0.8108108,0.05410597,14.39269,37,Terrestrial,1.568202,-1.968592,-0.6283889,1.158142,size.Aleocharinae.,Staphylinidae
1643,1643,49,4.3.finalss-87846,abunance.Batrisini.,size.Batrisini.,0.5504085,0.002597717,1,0.000263214,TRUE,0.9356919,abundance affects trait,0.02202273,0.7837838,0.8108108,0.05410597,14.39269,37,Terrestrial,1.568202,-1.657129,0.2080231,1.158142,size.Batrisini.,Staphylinidae
1644,1644,50,4.3.finalss-87846,abunance.Tachinus.nakanei,size.Tachinus.nakanei,0.1636997,0.2272569,0.8864052,0.005275846,FALSE,0.2782887,abundance affects trait,0.1278182,0.7837838,0.8108108,0.05410597,14.39269,37,Terrestrial,1.568202,-0.8934074,-0.7781513,1.158142,size.Tachinus.nakanei,Staphylinidae
1645,1645,51,4.3.finalss-87846,abunance.Tritoma.niponensis,size.Tritoma.niponensis,0.3451272,0.07079873,1,0.000836611,FALSE,0.5867146,abundance affects trait,0.06825,0.7837838,0.8108108,0.05410597,14.39269,37,Terrestrial,1.568202,-1.165897,0.2080231,1.158142,size.Tritoma.niponensis,Erotylidae
1646,1646,52,4.3.finalss-87846,abunance.Paratrichius.doenitzi,size.Paratrichius.doenitzi,0.3558388,0.06600291,1,0.000836611,FALSE,0.6049244,abundance affects trait,3.521455,0.7837838,0.8108108,0.05410597,14.39269,37,Terrestrial,1.568202,0.5467221,0.2080231,1.158142,size.Paratrichius.doenitzi,Cetoniidae
1647,1647,53,4.3.finalss-87846,abunance.Synuchus.tanzawanus,size.Synuchus.tanzawanus,0.1795349,0.2055995,0.9285715,0.001981735,FALSE,0.3052085,abundance affects trait,0.9382045,0.7837838,0.8108108,0.05410597,14.39269,37,Terrestrial,1.568202,-0.02770247,-0.5797836,1.158142,size.Synuchus.tanzawanus,Carabidae
1648,1648,54,4.3.finalss-87846,abunance.Trephionus.kinoshitai,size.Trephionus.kinoshitai,0.2363769,0.1376648,1,0.000836611,FALSE,0.4018397,abundance affects trait,1.761636,0.7837838,0.8108108,0.05410597,14.39269,37,Terrestrial,1.568202,0.2459163,-0.5797836,1.158142,size.Trephionus.kinoshitai,Carabidae
1649,1649,55,4.3.finalss-87846,abunance.Eudectus.rufulus,size.Eudectus.rufulus,0.2547925,0.1190785,0.9285715,0.001981735,FALSE,0.4331461,abundance affects trait,0.007068182,0.7837838,0.8108108,0.05410597,14.39269,37,Terrestrial,1.568202,-2.150692,-0.9294189,1.158142,size.Eudectus.rufulus,Staphylinidae
1650,1650,56,4.3.finalss-87846,abunance.Leptura.ochraceofasciata,size.Leptura.ochraceofasciata,0.5013228,0.02276713,1,0.000836611,TRUE,0.8522464,abundance affects trait,1.676318,0.7837838,0.8108108,0.05410597,14.39269,37,Terrestrial,1.568202,0.2243565,0.2080231,1.158142,size.Leptura.ochraceofasciata,Cerambycidae
1651,1651,57,4.3.finalss-87846,abunance.Lucanus.maculifemoratus,size.Lucanus.maculifemoratus,0.5014924,0.02272713,1,0.000836611,TRUE,0.8525347,abundance affects trait,16.13743,0.7837838,0.8108108,0.05410597,14.39269,37,Terrestrial,1.568202,1.207834,0.2080231,1.158142,size.Lucanus.maculifemoratus,Lucanidae
1652,1652,58,4.3.finalss-87846,abunance.Pterostichus.brittoni,size.Pterostichus.brittoni,0.3598503,0.06620582,1,0.000836611,FALSE,0.6117439,abundance affects trait,0.2725227,0.7837838,0.8108108,0.05410597,14.39269,37,Terrestrial,1.568202,-0.5645973,0.2080231,1.158142,size.Pterostichus.brittoni,Carabidae
1653,1653,59,4.3.finalss-87846,abunance.Agelosus.carinatus,size.Agelosus.carinatus,0.379597,0.1357872,1,0.000836611,FALSE,0.6453132,abundance affects trait,2.997636,0.7837838,0.8108108,0.05410597,14.39269,37,Terrestrial,1.568202,0.4767789,-0.9542425,1.158142,size.Agelosus.carinatus,Staphylinidae
1654,1654,60,4.3.finalss-87846,abunance.Silphini.,size.Silphini.,0.1070415,0.3133012,0.9092413,0.002769589,FALSE,0.18197,abundance affects trait,3.511568,0.7837838,0.8108108,0.05410597,14.39269,37,Terrestrial,1.568202,0.5455011,0.2080231,1.158142,size.Silphini.,Silphidae
1655,1655,61,4.3.finalss-87846,abunance.Cyparium.mikado,size.Cyparium.mikado,0.3721885,0.09106972,1,0.000836611,FALSE,0.6327187,abundance affects trait,0.1737045,0.7837838,0.8108108,0.05410597,14.39269,37,Terrestrial,1.568202,-0.7601888,0.2080231,1.158142,size.Cyparium.mikado,Staphylinidae
1656,1656,62,4.3.finalss-87846,abunance.Pterostichus.takaosanus,size.Pterostichus.takaosanus,0.2413157,0.214094,0.9444444,0.000580668,FALSE,0.4102356,abundance affects trait,0.8951136,0.7837838,0.8108108,0.05410597,14.39269,37,Terrestrial,1.568202,-0.04812183,-0.6766936,1.158142,size.Pterostichus.takaosanus,Carabidae
1657,1657,63,4.3.finalss-87846,abunance.Agonum.aurelium,size.Agonum.aurelium,0.3965559,0.1889548,0.9285715,0.001981735,FALSE,0.6741432,abundance affects trait,1.496705,0.7837838,0.8108108,0.05410597,14.39269,37,Terrestrial,1.568202,0.1751361,-0.39794,1.158142,size.Agonum.aurelium,Carabidae
1658,1658,64,4.3.finalss-87846,abunance.Polydrusus.isshikii,size.Polydrusus.isshikii,0.1153083,0.2999957,0.9092413,0.002769589,FALSE,0.1960235,abundance affects trait,0.1174545,0.7837838,0.8108108,0.05410597,14.39269,37,Terrestrial,1.568202,-0.9301302,0.2080231,1.158142,size.Polydrusus.isshikii,Curculionidae
1659,1659,65,4.3.finalss-87846,abunance.Tachinus.punctiventris,size.Tachinus.punctiventris,0.1063161,0.3144794,0.9092413,0.002769589,FALSE,0.180737,abundance affects trait,0.2731136,0.7837838,0.8108108,0.05410597,14.39269,37,Terrestrial,1.568202,-0.5636566,0.2080231,1.158142,size.Tachinus.punctiventris,Staphylinidae
1660,1660,66,4.3.finalss-87846,abunance.Athetini.,size.Athetini.,0.3856447,0.06796902,1,0.000836611,FALSE,0.6555942,abundance affects trait,0.007613636,0.7837838,0.8108108,0.05410597,14.39269,37,Terrestrial,1.568202,-2.118408,0.2080231,1.158142,size.Athetini.,Staphylinidae
1661,1661,67,4.3.finalss-87846,abunance.Philonthus.virgatus,size.Philonthus.virgatus,0.3820142,0.1873392,1,0.000263214,FALSE,0.6494224,abundance affects trait,0.04959091,0.7837838,0.8108108,0.05410597,14.39269,37,Terrestrial,1.568202,-1.304598,0.2080231,1.158142,size.Philonthus.virgatus,Staphylinidae
1662,1662,68,4.3.finalss-87846,abunance.Xantholinini.,size.Xantholinini.,0.3750187,0.1939317,0.9444444,0.000580668,FALSE,0.6375301,abundance affects trait,0.09727273,0.7837838,0.8108108,0.05410597,14.39269,37,Terrestrial,1.568202,-1.012009,0.2080231,1.158142,size.Xantholinini.,Staphylinidae
1663,1663,69,4.3.finalss-87846,abunance.Philonthus.subvarians,size.Philonthus.subvarians,0.3914822,0.1786413,1,0.000263214,FALSE,0.665518,abundance affects trait,0.1144545,0.7837838,0.8108108,0.05410597,14.39269,37,Terrestrial,1.568202,-0.941367,0.2080231,1.158142,size.Philonthus.subvarians,Staphylinidae
1664,1664,70,4.3.finalss-87846,abunance.Ascaphium.tibiale,size.Ascaphium.tibiale,0.2713524,0.1216964,0.8571429,0.00443399,FALSE,0.4612978,abundance affects trait,0.1576818,0.7837838,0.8108108,0.05410597,14.39269,37,Terrestrial,1.568202,-0.8022184,0.2080231,1.158142,size.Ascaphium.tibiale,Staphylinidae
1665,1665,71,4.3.finalss-87846,abunance.Stomis.prognathus,size.Stomis.prognathus,0.2701112,0.1234261,0.8571429,0.00443399,FALSE,0.4591878,abundance affects trait,1.110705,0.7837838,0.8108108,0.05410597,14.39269,37,Terrestrial,1.568202,0.04559855,0.2080231,1.158142,size.Stomis.prognathus,Carabidae
1666,1666,72,4.3.finalss-87846,abunance.Elateridae.,size.Elateridae.,0.2703571,0.1229334,0.8571429,0.00443399,FALSE,0.4596058,abundance affects trait,0.5901818,0.7837838,0.8108108,0.05410597,14.39269,37,Terrestrial,1.568202,-0.2290142,0.2080231,1.158142,size.Elateridae.,Elateridae
1667,1667,73,4.3.finalss-87846,abunance.Phyllobius.sp,size.Phyllobius.sp,0.3718615,0.09171109,1,0.000836611,FALSE,0.6321629,abundance affects trait,0.2840682,0.7837838,0.8108108,0.05410597,14.39269,37,Terrestrial,1.568202,-0.5465774,0.2080231,1.158142,size.Phyllobius.sp,Curculionidae
1668,1668,74,4.3.finalss-87846,abunance.Notiophilus.impressifrons,size.Notiophilus.impressifrons,0.315196,0.1119389,1,0.000836611,FALSE,0.5358318,abundance affects trait,0.23675,0.7837838,0.8108108,0.05410597,14.39269,37,Terrestrial,1.568202,-0.62571,0.2080231,1.158142,size.Notiophilus.impressifrons,Carabidae
1669,1669,1,4.3.finalss-87849,size.Coleoptera.,abunance.Coleoptera.,0.5010682,0.01680639,1,0.000836611,TRUE,0.9515954,trait affects abundance,8.172235,0.8888889,0.8222222,0.07142649,7.932286,45,Terrestrial,1.653213,0.9123408,-0.2100829,0.8993983,abunance.Coleoptera.,Staphylinidae
1670,1670,2,4.3.finalss-87849,size.Badister.nakayamai,abunance.Badister.nakayamai,0.2838365,0.09318296,1,0.000836611,FALSE,0.5390434,trait affects abundance,0.03956818,0.8888889,0.8222222,0.07142649,7.932286,45,Terrestrial,1.653213,-1.402654,0.2080231,0.8993983,abunance.Badister.nakayamai,Carabidae
1671,1671,3,4.3.finalss-87849,size.Cantharidae.,abunance.Cantharidae.,0.289204,0.08884809,1,0.000836611,FALSE,0.5492371,trait affects abundance,0.06970455,0.8888889,0.8222222,0.07142649,7.932286,45,Terrestrial,1.653213,-1.156739,0.2080231,0.8993983,abunance.Cantharidae.,Cantharidae
1672,1672,4,4.3.finalss-87849,size.Scydmaenidae.,abunance.Scydmaenidae.,0.1638092,0.2271033,1,0.000836611,FALSE,0.3110956,trait affects abundance,0.04750379,0.8888889,0.8222222,0.07142649,7.932286,45,Terrestrial,1.653213,-1.323272,-0.4149733,0.8993983,abunance.Scydmaenidae.,Staphylinidae
1673,1673,5,4.3.finalss-87849,size.Sipalinus.gigas,abunance.Sipalinus.gigas,0.2899882,0.08822635,1,0.000836611,FALSE,0.5507264,trait affects abundance,6.539932,0.8888889,0.8222222,0.07142649,7.932286,45,Terrestrial,1.653213,0.8155732,0.2080231,0.8993983,abunance.Sipalinus.gigas,Curculionidae
1674,1674,6,4.3.finalss-87849,size.Staphylinidae.,abunance.Staphylinidae.,0.1900376,0.1966228,0.8095238,0.01626098,FALSE,0.3609068,trait affects abundance,0.1291818,0.8888889,0.8222222,0.07142649,7.932286,45,Terrestrial,1.653213,-0.8887986,-0.1125295,0.8993983,abunance.Staphylinidae.,Staphylinidae
1675,1675,7,4.3.finalss-87849,size.Aspidophorus.japonicus,abunance.Aspidophorus.japonicus,0.2237609,0.1513746,1,0.002666712,FALSE,0.4249518,trait affects abundance,0.025,0.8888889,0.8222222,0.07142649,7.932286,45,Terrestrial,1.653213,-1.60206,-0.9542425,0.8993983,abunance.Aspidophorus.japonicus,Staphylinidae
1676,1676,8,4.3.finalss-87849,size.Chrysomelidae.,abunance.Chrysomelidae.,0.06495609,0.3841819,0.9285715,0.001981735,FALSE,0.1233603,trait affects abundance,0.03986364,0.8888889,0.8222222,0.07142649,7.932286,45,Terrestrial,1.653213,-1.399423,-0.8016323,0.8993983,abunance.Chrysomelidae.,Chrysomelidae
1677,1677,9,4.3.finalss-87849,size.Cetonia.pilifera,abunance.Cetonia.pilifera,0.2270328,0.1477428,0.9574271,0.000662208,FALSE,0.4311656,trait affects abundance,10.65036,0.8888889,0.8222222,0.07142649,7.932286,45,Terrestrial,1.653213,1.027364,-0.9542425,0.8993983,abunance.Cetonia.pilifera,Scarabaeidae
1678,1678,10,4.3.finalss-87849,size.Anisolinus.elegans,abunance.Anisolinus.elegans,0.2672227,0.1074874,1,0.000836611,FALSE,0.5074915,trait affects abundance,0.8416136,0.8888889,0.8222222,0.07142649,7.932286,45,Terrestrial,1.653213,-0.07488724,-0.6766936,0.8993983,abunance.Anisolinus.elegans,Staphylinidae
1679,1679,11,4.3.finalss-87849,size.Nicrophorus.quadripunctatus,abunance.Nicrophorus.quadripunctatus,0.278473,0.09765368,0.9285715,0.001981735,FALSE,0.5288573,trait affects abundance,15.97218,0.8888889,0.8222222,0.07142649,7.932286,45,Terrestrial,1.653213,1.203364,-0.5006024,0.8993983,abunance.Nicrophorus.quadripunctatus,Silphidae
1680,1680,12,4.3.finalss-87849,size.Synuchus.melantho,abunance.Synuchus.melantho,0.4333973,0.01882093,1,0.000836611,TRUE,0.8230793,trait affects abundance,5.790523,0.8888889,0.8222222,0.07142649,7.932286,45,Terrestrial,1.653213,0.7627178,-0.3549054,0.8993983,abunance.Synuchus.melantho,Carabidae
1681,1681,13,4.3.finalss-87849,size.Platydracus.sharpi,abunance.Platydracus.sharpi,0.404454,0.08917506,0.9285715,0.001981735,FALSE,0.7681122,trait affects abundance,10.04407,0.8888889,0.8222222,0.07142649,7.932286,45,Terrestrial,1.653213,1.00191,-0.544068,0.8993983,abunance.Platydracus.sharpi,Staphylinidae
1682,1682,14,4.3.finalss-87849,size.Poecilus.samurai,abunance.Poecilus.samurai,0.2545815,0.1192819,1,0.000836611,FALSE,0.4834842,trait affects abundance,9.033295,0.8888889,0.8222222,0.07142649,7.932286,45,Terrestrial,1.653213,0.9558462,-0.6766936,0.8993983,abunance.Poecilus.samurai,Carabidae
1683,1683,15,4.3.finalss-87849,size.Cholevinae.,abunance.Cholevinae.,0.4663022,0.0201913,1,0.000836611,TRUE,0.8855702,trait affects abundance,0.3131818,0.8888889,0.8222222,0.07142649,7.932286,45,Terrestrial,1.653213,-0.5042035,-0.3405385,0.8993983,abunance.Cholevinae.,Leiodidae
1684,1684,16,4.3.finalss-87849,size.Eusilpha.japonica,abunance.Eusilpha.japonica,0.4162341,0.03465836,1,0.000836611,TRUE,0.7904841,trait affects abundance,16.21498,0.8888889,0.8222222,0.07142649,7.932286,45,Terrestrial,1.653213,1.209917,-0.8029748,0.8993983,abunance.Eusilpha.japonica,Silphidae
1685,1685,17,4.3.finalss-87849,size.Sphaeridiinae.,abunance.Sphaeridiinae.,0.2933059,0.0856285,0.9819806,0.001188755,FALSE,0.5570271,trait affects abundance,0.02536364,0.8888889,0.8222222,0.07142649,7.932286,45,Terrestrial,1.653213,-1.595788,0.2080231,0.8993983,abunance.Sphaeridiinae.,Sphaeridiinae
1686,1686,18,4.3.finalss-87849,size.Domene.curtipennis,abunance.Domene.curtipennis,0.1906164,0.1911301,1,0.000836611,FALSE,0.362006,trait affects abundance,0.1370227,0.8888889,0.8222222,0.07142649,7.932286,45,Terrestrial,1.653213,-0.8632074,-0.9542425,0.8993983,abunance.Domene.curtipennis,Staphylinidae
1687,1687,19,4.3.finalss-87849,size.Plesiophthalmus.nigrocyaneus,abunance.Plesiophthalmus.nigrocyaneus,0.06786896,0.3791314,0.7237468,0.05727935,FALSE,0.1288922,trait affects abundance,4.000182,0.8888889,0.8222222,0.07142649,7.932286,45,Terrestrial,1.653213,0.6020797,0.2080231,0.8993983,abunance.Plesiophthalmus.nigrocyaneus,Tenebrionidae
1688,1688,20,4.3.finalss-87849,size.Platydracus.brevicornis,abunance.Platydracus.brevicornis,0.2035631,0.1749642,1,0.000836611,FALSE,0.3865935,trait affects abundance,0.6833409,0.8888889,0.8222222,0.07142649,7.932286,45,Terrestrial,1.653213,-0.1653626,0.2080231,0.8993983,abunance.Platydracus.brevicornis,Staphylinidae
1689,1689,21,4.3.finalss-87849,size.Carabidae.,abunance.Carabidae.,0.2130018,0.2134724,0.8571429,0.00443399,FALSE,0.4045189,trait affects abundance,0.3469773,0.8888889,0.8222222,0.07142649,7.932286,45,Terrestrial,1.653213,-0.459699,-0.7558749,0.8993983,abunance.Carabidae.,Carabidae
1690,1690,22,4.3.finalss-87849,size.Scaphisomini.,abunance.Scaphisomini.,0.1799757,0.2050129,0.8571429,0.00443399,FALSE,0.341798,trait affects abundance,0.03418182,0.8888889,0.8222222,0.07142649,7.932286,45,Terrestrial,1.653213,-1.466205,-0.9542425,0.8993983,abunance.Scaphisomini.,Staphylinidae
1691,1691,23,4.3.finalss-87849,size.Philonthus.subvarians,abunance.Philonthus.subvarians,0,0.5,1,1,FALSE,0,trait affects abundance,0.4774091,0.8888889,0.8222222,0.07142649,7.932286,45,Terrestrial,1.653213,-0.3211093,-0.60206,0.8993983,abunance.Philonthus.subvarians,Staphylinidae
1692,1692,24,4.3.finalss-87849,size.Proteinus.sp,abunance.Proteinus.sp,0.3088618,0.07773441,1,0.000836611,FALSE,0.5865698,trait affects abundance,0.02893182,0.8888889,0.8222222,0.07142649,7.932286,45,Terrestrial,1.653213,-1.538624,-0.3928004,0.8993983,abunance.Proteinus.sp,Staphylinidae
1693,1693,25,4.3.finalss-87849,size.Aleocharinae.,abunance.Aleocharinae.,0.4894635,0.01640058,1,0.000836611,TRUE,0.9295564,trait affects abundance,0.02577273,0.8888889,0.8222222,0.07142649,7.932286,45,Terrestrial,1.653213,-1.58884,-0.9294189,0.8993983,abunance.Aleocharinae.,Staphylinidae
1694,1694,26,4.3.finalss-87849,size.Atomariinae.,abunance.Atomariinae.,0.1936606,0.1872567,0.8864052,0.005275846,FALSE,0.3677873,trait affects abundance,0.009090909,0.8888889,0.8222222,0.07142649,7.932286,45,Terrestrial,1.653213,-2.041393,0.2080231,0.8993983,abunance.Atomariinae.,Cryptophagidae
1695,1695,27,4.3.finalss-87849,size.Calosoma.maximowiczi,abunance.Calosoma.maximowiczi,0.2101839,0.1670107,0.9449112,0.002241373,FALSE,0.3991673,trait affects abundance,6.888545,0.8888889,0.8222222,0.07142649,7.932286,45,Terrestrial,1.653213,0.8381275,0.2080231,0.8993983,abunance.Calosoma.maximowiczi,Carabidae
1696,1696,28,4.3.finalss-87849,size.Staphylininae.,abunance.Staphylininae.,0.2066195,0.171266,0.9449112,0.002241373,FALSE,0.3923981,trait affects abundance,0.05411364,0.8888889,0.8222222,0.07142649,7.932286,45,Terrestrial,1.653213,-1.266693,0.2080231,0.8993983,abunance.Staphylininae.,Staphylinidae
1697,1697,29,4.3.finalss-87849,size.Bolitobius.setiger,abunance.Bolitobius.setiger,0.1963725,0.1838433,0.7857143,0.009374738,FALSE,0.3729376,trait affects abundance,0.1790758,0.8888889,0.8222222,0.07142649,7.932286,45,Terrestrial,1.653213,-0.7469632,-0.9294189,0.8993983,abunance.Bolitobius.setiger,Tachyporinae
1698,1698,30,4.3.finalss-87849,size.Tachinus.mimulus,abunance.Tachinus.mimulus,0.3502363,0.05393932,1,0.000263214,FALSE,0.6651455,trait affects abundance,0.3264716,0.8888889,0.8222222,0.07142649,7.932286,45,Terrestrial,1.653213,-0.4861546,-0.2453969,0.8993983,abunance.Tachinus.mimulus,Staphylinidae
1699,1699,31,4.3.finalss-87849,size.Anotylus.latiusculus,abunance.Anotylus.latiusculus,0.1361492,0.2675322,1,0.000836611,FALSE,0.2585655,trait affects abundance,0.009227273,0.8888889,0.8222222,0.07142649,7.932286,45,Terrestrial,1.653213,-2.034927,-0.6532125,0.8993983,abunance.Anotylus.latiusculus,Staphylinidae
1700,1700,32,4.3.finalss-87849,size.Lordithon.sp,abunance.Lordithon.sp,0.2481779,0.1255596,0.9819806,0.001188755,FALSE,0.471323,trait affects abundance,0.1427045,0.8888889,0.8222222,0.07142649,7.932286,45,Terrestrial,1.653213,-0.8455622,-0.7346856,0.8993983,abunance.Lordithon.sp,Staphylinidae
1701,1701,33,4.3.finalss-87849,size.Gonocephalum.sp,abunance.Gonocephalum.sp,0.1969129,0.1831674,0.7857143,0.009374738,FALSE,0.3739639,trait affects abundance,1.323182,0.8888889,0.8222222,0.07142649,7.932286,45,Terrestrial,1.653213,0.1216195,0.2080231,0.8993983,abunance.Gonocephalum.sp,Tenebrionidae
1702,1702,34,4.3.finalss-87849,size.Synuchus.congruus,abunance.Synuchus.congruus,0.2205983,0.1882033,0.8571429,0.00443399,FALSE,0.4189455,trait affects abundance,0.9047045,0.8888889,0.8222222,0.07142649,7.932286,45,Terrestrial,1.653213,-0.04349323,-0.5878196,0.8993983,abunance.Synuchus.congruus,Carabidae
1703,1703,35,4.3.finalss-87849,size.Toxidiini.,abunance.Toxidiini.,0.3398321,0.08739008,1,0.000836611,FALSE,0.6453865,trait affects abundance,0.007840909,0.8888889,0.8222222,0.07142649,7.932286,45,Terrestrial,1.653213,-2.105634,0.2080231,0.8993983,abunance.Toxidiini.,Chrysomelidae
1704,1704,36,4.3.finalss-87849,size.Mimela.sp,abunance.Mimela.sp,0.3173029,0.06837489,0.8864052,0.005275846,FALSE,0.6026005,trait affects abundance,5.904159,0.8888889,0.8222222,0.07142649,7.932286,45,Terrestrial,1.653213,0.7711581,-0.9542425,0.8993983,abunance.Mimela.sp,Scarabaeidae
1705,1705,37,4.3.finalss-87849,size.Homalota.sp,abunance.Homalota.sp,0.183412,0.2004717,0.9285715,0.001981735,FALSE,0.3483239,trait affects abundance,0.001295455,0.8888889,0.8222222,0.07142649,7.932286,45,Terrestrial,1.653213,-2.887578,0.2080231,0.8993983,abunance.Homalota.sp,Staphylinidae
1706,1706,38,4.3.finalss-87849,size.Macrodorcas.striatipennis,abunance.Macrodorcas.striatipennis,0.3079126,0.07480894,0.9449112,0.002241373,FALSE,0.5847671,trait affects abundance,6.671932,0.8888889,0.8222222,0.07142649,7.932286,45,Terrestrial,1.653213,0.8242516,0.2080231,0.8993983,abunance.Macrodorcas.striatipennis,Staphylinidae
1707,1707,39,4.3.finalss-87849,size.Synuchus.sp,abunance.Synuchus.sp,0.2247127,0.1503126,1,0.000836611,FALSE,0.4267594,trait affects abundance,0.1484773,0.8888889,0.8222222,0.07142649,7.932286,45,Terrestrial,1.653213,-0.82834,-0.9542425,0.8993983,abunance.Synuchus.sp,Carabidae
1708,1708,40,4.3.finalss-87849,size.Acidota.crenata,abunance.Acidota.crenata,0.2289198,0.1456726,1,0.000836611,FALSE,0.4347492,trait affects abundance,0.08079545,0.8888889,0.8222222,0.07142649,7.932286,45,Terrestrial,1.653213,-1.092613,-0.9542425,0.8993983,abunance.Acidota.crenata,Staphylinidae
1709,1709,41,4.3.finalss-87849,size.Curculionidae.,abunance.Curculionidae.,0.3983856,0.05242647,1,0.000836611,FALSE,0.7565875,trait affects abundance,0.3489773,0.8888889,0.8222222,0.07142649,7.932286,45,Terrestrial,1.653213,-0.4572029,0.2080231,0.8993983,abunance.Curculionidae.,Curculionidae
1710,1710,42,4.3.finalss-87849,size.Onthophagus.ater,abunance.Onthophagus.ater,0.1666326,0.349409,0.5000001,0.1077623,FALSE,0.3164576,trait affects abundance,0.68,0.8888889,0.8222222,0.07142649,7.932286,45,Terrestrial,1.653213,-0.1674911,0.2080231,0.8993983,abunance.Onthophagus.ater,Scarabaeidae
1711,1711,43,4.3.finalss-87849,size.Sepedophilus.sp,abunance.Sepedophilus.sp,0.1664816,0.3532192,0.5000001,0.1077623,FALSE,0.3161709,trait affects abundance,0.004340909,0.8888889,0.8222222,0.07142649,7.932286,45,Terrestrial,1.653213,-2.362419,0.2080231,0.8993983,abunance.Sepedophilus.sp,Staphylinidae
1712,1712,44,4.3.finalss-87849,size.Aleochara.sp,abunance.Aleochara.sp,0.2275989,0.1471199,0.9258201,0.007680297,FALSE,0.4322407,trait affects abundance,0.3327727,0.8888889,0.8222222,0.07142649,7.932286,45,Terrestrial,1.653213,-0.4778523,-0.9294189,0.8993983,abunance.Aleochara.sp,Staphylinidae
1713,1713,45,4.3.finalss-87849,size.Asemum.striatum,abunance.Asemum.striatum,0.2276161,0.147101,0.9258201,0.007680297,FALSE,0.4322733,trait affects abundance,2.298523,0.8888889,0.8222222,0.07142649,7.932286,45,Terrestrial,1.653213,0.3614488,0.2080231,0.8993983,abunance.Asemum.striatum,Cerambycidae
1714,1714,46,4.3.finalss-87849,abunance.Coleoptera.,size.Coleoptera.,0.3128966,0.08610173,0.9285715,0.001981735,FALSE,0.5942323,abundance affects trait,8.172235,0.8888889,0.8222222,0.07142649,7.932286,45,Terrestrial,1.653213,0.9123408,-0.2100829,0.8993983,size.Coleoptera.,Staphylinidae
1715,1715,47,4.3.finalss-87849,abunance.Badister.nakayamai,size.Badister.nakayamai,0.3184067,0.2761214,0.3333333,0.2514522,FALSE,0.6046969,abundance affects trait,0.03956818,0.8888889,0.8222222,0.07142649,7.932286,45,Terrestrial,1.653213,-1.402654,0.2080231,0.8993983,size.Badister.nakayamai,Carabidae
1716,1716,48,4.3.finalss-87849,abunance.Cantharidae.,size.Cantharidae.,0.3847527,0.1917713,1,0.000263214,FALSE,0.7306967,abundance affects trait,0.06970455,0.8888889,0.8222222,0.07142649,7.932286,45,Terrestrial,1.653213,-1.156739,0.2080231,0.8993983,size.Cantharidae.,Cantharidae
1717,1717,49,4.3.finalss-87849,abunance.Scydmaenidae.,size.Scydmaenidae.,0.148573,0.2489781,0.9574271,0.000662208,FALSE,0.28216,abundance affects trait,0.04750379,0.8888889,0.8222222,0.07142649,7.932286,45,Terrestrial,1.653213,-1.323272,-0.4149733,0.8993983,size.Scydmaenidae.,Staphylinidae
1718,1718,50,4.3.finalss-87849,abunance.Sipalinus.gigas,size.Sipalinus.gigas,0.3717677,0.1994069,0.9444444,0.000580668,FALSE,0.7060366,abundance affects trait,6.539932,0.8888889,0.8222222,0.07142649,7.932286,45,Terrestrial,1.653213,0.8155732,0.2080231,0.8993983,size.Sipalinus.gigas,Curculionidae
1719,1719,51,4.3.finalss-87849,abunance.Staphylinidae.,size.Staphylinidae.,0.1954396,0.3173184,0.8333333,0.002498984,FALSE,0.3711658,abundance affects trait,0.1291818,0.8888889,0.8222222,0.07142649,7.932286,45,Terrestrial,1.653213,-0.8887986,-0.1125295,0.8993983,size.Staphylinidae.,Staphylinidae
1720,1720,52,4.3.finalss-87849,abunance.Aspidophorus.japonicus,size.Aspidophorus.japonicus,0.2100627,0.1671544,0.9819806,0.001188755,FALSE,0.398937,abundance affects trait,0.025,0.8888889,0.8222222,0.07142649,7.932286,45,Terrestrial,1.653213,-1.60206,-0.9542425,0.8993983,size.Aspidophorus.japonicus,Staphylinidae
1721,1721,53,4.3.finalss-87849,abunance.Chrysomelidae.,size.Chrysomelidae.,0.3206912,0.0812988,1,0.000836611,FALSE,0.6090353,abundance affects trait,0.03986364,0.8888889,0.8222222,0.07142649,7.932286,45,Terrestrial,1.653213,-1.399423,-0.8016323,0.8993983,size.Chrysomelidae.,Chrysomelidae
1722,1722,54,4.3.finalss-87849,abunance.Cetonia.pilifera,size.Cetonia.pilifera,0.1807179,0.238431,1,0.000836611,FALSE,0.3432074,abundance affects trait,10.65036,0.8888889,0.8222222,0.07142649,7.932286,45,Terrestrial,1.653213,1.027364,-0.9542425,0.8993983,size.Cetonia.pilifera,Scarabaeidae
1723,1723,55,4.3.finalss-87849,abunance.Anisolinus.elegans,size.Anisolinus.elegans,0.3571327,0.1421198,1,0.000836611,FALSE,0.6782427,abundance affects trait,0.8416136,0.8888889,0.8222222,0.07142649,7.932286,45,Terrestrial,1.653213,-0.07488724,-0.6766936,0.8993983,size.Anisolinus.elegans,Staphylinidae
1724,1724,56,4.3.finalss-87849,abunance.Nicrophorus.quadripunctatus,size.Nicrophorus.quadripunctatus,0.493307,0.03854181,1,0.000836611,TRUE,0.9368559,abundance affects trait,15.97218,0.8888889,0.8222222,0.07142649,7.932286,45,Terrestrial,1.653213,1.203364,-0.5006024,0.8993983,size.Nicrophorus.quadripunctatus,Silphidae
1725,1725,57,4.3.finalss-87849,abunance.Synuchus.melantho,size.Synuchus.melantho,0.3862741,0.05549838,1,0.000836611,FALSE,0.7335861,abundance affects trait,5.790523,0.8888889,0.8222222,0.07142649,7.932286,45,Terrestrial,1.653213,0.7627178,-0.3549054,0.8993983,size.Synuchus.melantho,Carabidae
1726,1726,58,4.3.finalss-87849,abunance.Platydracus.sharpi,size.Platydracus.sharpi,0.5265559,0.02098034,1,0.000263214,TRUE,1,abundance affects trait,10.04407,0.8888889,0.8222222,0.07142649,7.932286,45,Terrestrial,1.653213,1.00191,-0.544068,0.8993983,size.Platydracus.sharpi,Staphylinidae
1727,1727,59,4.3.finalss-87849,abunance.Poecilus.samurai,size.Poecilus.samurai,0.4765979,0.041971,1,0.000836611,TRUE,0.9051231,abundance affects trait,9.033295,0.8888889,0.8222222,0.07142649,7.932286,45,Terrestrial,1.653213,0.9558462,-0.6766936,0.8993983,size.Poecilus.samurai,Carabidae
1728,1728,60,4.3.finalss-87849,abunance.Cholevinae.,size.Cholevinae.,0,0.5,1,1,FALSE,0,abundance affects trait,0.3131818,0.8888889,0.8222222,0.07142649,7.932286,45,Terrestrial,1.653213,-0.5042035,-0.3405385,0.8993983,size.Cholevinae.,Leiodidae
1729,1729,61,4.3.finalss-87849,abunance.Eusilpha.japonica,size.Eusilpha.japonica,0.185163,0.3482511,0.5714286,0.06348658,FALSE,0.3516492,abundance affects trait,16.21498,0.8888889,0.8222222,0.07142649,7.932286,45,Terrestrial,1.653213,1.209917,-0.8029748,0.8993983,size.Eusilpha.japonica,Silphidae
1730,1730,62,4.3.finalss-87849,abunance.Sphaeridiinae.,size.Sphaeridiinae.,0.2637998,0.1743507,0.9285715,0.001981735,FALSE,0.5009911,abundance affects trait,0.02536364,0.8888889,0.8222222,0.07142649,7.932286,45,Terrestrial,1.653213,-1.595788,0.2080231,0.8993983,size.Sphaeridiinae.,Sphaeridiinae
1731,1731,63,4.3.finalss-87849,abunance.Domene.curtipennis,size.Domene.curtipennis,0.2033544,0.2815553,1,0.000836611,FALSE,0.3861972,abundance affects trait,0.1370227,0.8888889,0.8222222,0.07142649,7.932286,45,Terrestrial,1.653213,-0.8632074,-0.9542425,0.8993983,size.Domene.curtipennis,Staphylinidae
1732,1732,64,4.3.finalss-87849,abunance.Plesiophthalmus.nigrocyaneus,size.Plesiophthalmus.nigrocyaneus,0.3089241,0.1112705,1,0.000836611,FALSE,0.586688,abundance affects trait,4.000182,0.8888889,0.8222222,0.07142649,7.932286,45,Terrestrial,1.653213,0.6020797,0.2080231,0.8993983,size.Plesiophthalmus.nigrocyaneus,Tenebrionidae
1733,1733,65,4.3.finalss-87849,abunance.Platydracus.brevicornis,size.Platydracus.brevicornis,0.3148642,0.1581516,1,0.000836611,FALSE,0.5979691,abundance affects trait,0.6833409,0.8888889,0.8222222,0.07142649,7.932286,45,Terrestrial,1.653213,-0.1653626,0.2080231,0.8993983,size.Platydracus.brevicornis,Staphylinidae
1734,1734,66,4.3.finalss-87849,abunance.Carabidae.,size.Carabidae.,0.1756514,0.2108055,1,0.000263214,FALSE,0.3335854,abundance affects trait,0.3469773,0.8888889,0.8222222,0.07142649,7.932286,45,Terrestrial,1.653213,-0.459699,-0.7558749,0.8993983,size.Carabidae.,Carabidae
1735,1735,67,4.3.finalss-87849,abunance.Scaphisomini.,size.Scaphisomini.,0.2653973,0.1097652,0.9285715,0.001981735,FALSE,0.5040248,abundance affects trait,0.03418182,0.8888889,0.8222222,0.07142649,7.932286,45,Terrestrial,1.653213,-1.466205,-0.9542425,0.8993983,size.Scaphisomini.,Staphylinidae
1736,1736,68,4.3.finalss-87849,abunance.Philonthus.subvarians,size.Philonthus.subvarians,0.2511298,0.1381862,1,0.000836611,FALSE,0.4769289,abundance affects trait,0.4774091,0.8888889,0.8222222,0.07142649,7.932286,45,Terrestrial,1.653213,-0.3211093,-0.60206,0.8993983,size.Philonthus.subvarians,Staphylinidae
1737,1737,69,4.3.finalss-87849,abunance.Proteinus.sp,size.Proteinus.sp,0.1806901,0.2040643,0.7637627,0.01264858,FALSE,0.3431547,abundance affects trait,0.02893182,0.8888889,0.8222222,0.07142649,7.932286,45,Terrestrial,1.653213,-1.538624,-0.3928004,0.8993983,size.Proteinus.sp,Staphylinidae
1738,1738,70,4.3.finalss-87849,abunance.Aleocharinae.,size.Aleocharinae.,0.2910507,0.1611697,0.9444444,0.000580668,FALSE,0.5527441,abundance affects trait,0.02577273,0.8888889,0.8222222,0.07142649,7.932286,45,Terrestrial,1.653213,-1.58884,-0.9294189,0.8993983,size.Aleocharinae.,Staphylinidae
1739,1739,71,4.3.finalss-87849,abunance.Atomariinae.,size.Atomariinae.,0.3235091,0.09369377,1,0.000836611,FALSE,0.6143869,abundance affects trait,0.009090909,0.8888889,0.8222222,0.07142649,7.932286,45,Terrestrial,1.653213,-2.041393,0.2080231,0.8993983,size.Atomariinae.,Cryptophagidae
1740,1740,72,4.3.finalss-87849,abunance.Calosoma.maximowiczi,size.Calosoma.maximowiczi,0.3544049,0.06695688,1,0.000836611,FALSE,0.6730622,abundance affects trait,6.888545,0.8888889,0.8222222,0.07142649,7.932286,45,Terrestrial,1.653213,0.8381275,0.2080231,0.8993983,size.Calosoma.maximowiczi,Carabidae
1741,1741,73,4.3.finalss-87849,abunance.Staphylininae.,size.Staphylininae.,0.3400375,0.07304444,1,0.000836611,FALSE,0.6457766,abundance affects trait,0.05411364,0.8888889,0.8222222,0.07142649,7.932286,45,Terrestrial,1.653213,-1.266693,0.2080231,0.8993983,size.Staphylininae.,Staphylinidae
1742,1742,74,4.3.finalss-87849,abunance.Bolitobius.setiger,size.Bolitobius.setiger,0.1786837,0.2076644,0.5714286,0.06348658,FALSE,0.3393443,abundance affects trait,0.1790758,0.8888889,0.8222222,0.07142649,7.932286,45,Terrestrial,1.653213,-0.7469632,-0.9294189,0.8993983,size.Bolitobius.setiger,Tachyporinae
1743,1743,75,4.3.finalss-87849,abunance.Tachinus.mimulus,size.Tachinus.mimulus,0.4248488,0.02643114,1,0.000836611,TRUE,0.8068446,abundance affects trait,0.3264716,0.8888889,0.8222222,0.07142649,7.932286,45,Terrestrial,1.653213,-0.4861546,-0.2453969,0.8993983,size.Tachinus.mimulus,Staphylinidae
1744,1744,76,4.3.finalss-87849,abunance.Anotylus.latiusculus,size.Anotylus.latiusculus,0.2879887,0.1647835,1,0.000836611,FALSE,0.5469289,abundance affects trait,0.009227273,0.8888889,0.8222222,0.07142649,7.932286,45,Terrestrial,1.653213,-2.034927,-0.6532125,0.8993983,size.Anotylus.latiusculus,Staphylinidae
1745,1745,77,4.3.finalss-87849,abunance.Lordithon.sp,size.Lordithon.sp,0.4964298,0.0310764,0.8333333,0.002498984,TRUE,0.9427864,abundance affects trait,0.1427045,0.8888889,0.8222222,0.07142649,7.932286,45,Terrestrial,1.653213,-0.8455622,-0.7346856,0.8993983,size.Lordithon.sp,Staphylinidae
1746,1746,78,4.3.finalss-87849,abunance.Gonocephalum.sp,size.Gonocephalum.sp,0.1787561,0.2075308,0.5714286,0.06348658,FALSE,0.3394817,abundance affects trait,1.323182,0.8888889,0.8222222,0.07142649,7.932286,45,Terrestrial,1.653213,0.1216195,0.2080231,0.8993983,size.Gonocephalum.sp,Tenebrionidae
1747,1747,79,4.3.finalss-87849,abunance.Synuchus.congruus,size.Synuchus.congruus,0.3723545,0.04857281,1,0.000263214,TRUE,0.7071508,abundance affects trait,0.9047045,0.8888889,0.8222222,0.07142649,7.932286,45,Terrestrial,1.653213,-0.04349323,-0.5878196,0.8993983,size.Synuchus.congruus,Carabidae
1748,1748,80,4.3.finalss-87849,abunance.Toxidiini.,size.Toxidiini.,0.4112957,0.04458355,1,0.000836611,TRUE,0.7811054,abundance affects trait,0.007840909,0.8888889,0.8222222,0.07142649,7.932286,45,Terrestrial,1.653213,-2.105634,0.2080231,0.8993983,size.Toxidiini.,Chrysomelidae
1749,1749,81,4.3.finalss-87849,abunance.Mimela.sp,size.Mimela.sp,0.05268806,0.4056395,0.7937254,0.01086974,FALSE,0.1000617,abundance affects trait,5.904159,0.8888889,0.8222222,0.07142649,7.932286,45,Terrestrial,1.653213,0.7711581,-0.9542425,0.8993983,size.Mimela.sp,Scarabaeidae
1750,1750,82,4.3.finalss-87849,abunance.Homalota.sp,size.Homalota.sp,0.1621934,0.2293755,1,0.000836611,FALSE,0.3080269,abundance affects trait,0.001295455,0.8888889,0.8222222,0.07142649,7.932286,45,Terrestrial,1.653213,-2.887578,0.2080231,0.8993983,size.Homalota.sp,Staphylinidae
1751,1751,83,4.3.finalss-87849,abunance.Macrodorcas.striatipennis,size.Macrodorcas.striatipennis,0.5014687,0.02273379,1,0.000836611,TRUE,0.9523559,abundance affects trait,6.671932,0.8888889,0.8222222,0.07142649,7.932286,45,Terrestrial,1.653213,0.8242516,0.2080231,0.8993983,size.Macrodorcas.striatipennis,Staphylinidae
1752,1752,84,4.3.finalss-87849,abunance.Synuchus.sp,size.Synuchus.sp,0.1911851,0.1942419,0.9285715,0.001981735,FALSE,0.363086,abundance affects trait,0.1484773,0.8888889,0.8222222,0.07142649,7.932286,45,Terrestrial,1.653213,-0.82834,-0.9542425,0.8993983,size.Synuchus.sp,Carabidae
1753,1753,85,4.3.finalss-87849,abunance.Acidota.crenata,size.Acidota.crenata,0.1826405,0.255017,0.8571429,0.00443399,FALSE,0.3468588,abundance affects trait,0.08079545,0.8888889,0.8222222,0.07142649,7.932286,45,Terrestrial,1.653213,-1.092613,-0.9542425,0.8993983,size.Acidota.crenata,Staphylinidae
1754,1754,86,4.3.finalss-87849,abunance.Curculionidae.,size.Curculionidae.,0.3807548,0.0841477,1,0.000836611,FALSE,0.7231042,abundance affects trait,0.3489773,0.8888889,0.8222222,0.07142649,7.932286,45,Terrestrial,1.653213,-0.4572029,0.2080231,0.8993983,size.Curculionidae.,Curculionidae
1755,1755,87,4.3.finalss-87849,abunance.Onthophagus.ater,size.Onthophagus.ater,0.356629,0.07180345,0.9285715,0.001981735,FALSE,0.6772862,abundance affects trait,0.68,0.8888889,0.8222222,0.07142649,7.932286,45,Terrestrial,1.653213,-0.1674911,0.2080231,0.8993983,size.Onthophagus.ater,Scarabaeidae
1756,1756,88,4.3.finalss-87849,abunance.Sepedophilus.sp,size.Sepedophilus.sp,0.3242146,0.08916793,0.7857143,0.009374738,FALSE,0.6157269,abundance affects trait,0.004340909,0.8888889,0.8222222,0.07142649,7.932286,45,Terrestrial,1.653213,-2.362419,0.2080231,0.8993983,size.Sepedophilus.sp,Staphylinidae
1757,1757,89,4.3.finalss-87849,abunance.Aleochara.sp,size.Aleochara.sp,0.2705456,0.1226087,0.8571429,0.00443399,FALSE,0.5138022,abundance affects trait,0.3327727,0.8888889,0.8222222,0.07142649,7.932286,45,Terrestrial,1.653213,-0.4778523,-0.9294189,0.8993983,size.Aleochara.sp,Staphylinidae
1758,1758,90,4.3.finalss-87849,abunance.Asemum.striatum,size.Asemum.striatum,0.2702145,0.1232751,0.8571429,0.00443399,FALSE,0.5131735,abundance affects trait,2.298523,0.8888889,0.8222222,0.07142649,7.932286,45,Terrestrial,1.653213,0.3614488,0.2080231,0.8993983,size.Asemum.striatum,Cerambycidae
1759,1759,1,4.3.finalss-87850,size.Staphylinus.daimio,abunance.Staphylinus.daimio,0.7285367,0.0400511,1,0.000836611,TRUE,0.9557583,trait affects abundance,95.48949,0.8627451,0.8235294,0.07142649,7.932286,51,Terrestrial,1.70757,1.979956,0.3763903,0.8993983,abunance.Staphylinus.daimio,Staphylinidae
1760,1760,2,4.3.finalss-87850,size.Coleoptera.,abunance.Coleoptera.,0.3013797,0.1158639,0.9444444,0.000580668,FALSE,0.3953763,trait affects abundance,13.88391,0.8627451,0.8235294,0.07142649,7.932286,51,Terrestrial,1.70757,1.142512,-0.02759026,0.8993983,abunance.Coleoptera.,Staphylinidae
1761,1761,3,4.3.finalss-87850,size.Proteinus.sp,abunance.Proteinus.sp,0.3800915,0.0914756,1,0.000836611,FALSE,0.4986373,trait affects abundance,0.01395455,0.8627451,0.8235294,0.07142649,7.932286,51,Terrestrial,1.70757,-1.855284,-0.3646991,0.8993983,abunance.Proteinus.sp,Staphylinidae
1762,1762,4,4.3.finalss-87850,size.Carabidae.,abunance.Carabidae.,0.09774591,0.3782542,0.8571429,0.00443399,FALSE,0.1282316,trait affects abundance,3.999212,0.8627451,0.8235294,0.07142649,7.932286,51,Terrestrial,1.70757,0.6019744,-0.2974259,0.8993983,abunance.Carabidae.,Carabidae
1763,1763,5,4.3.finalss-87850,size.Staphylinidae.,abunance.Staphylinidae.,0.1470483,0.2512212,0.9819806,0.001188755,FALSE,0.1929109,trait affects abundance,0.07968182,0.8627451,0.8235294,0.07142649,7.932286,51,Terrestrial,1.70757,-1.098641,-0.3802112,0.8993983,abunance.Staphylinidae.,Staphylinidae
1764,1764,6,4.3.finalss-87850,size.Anotylus.latiusculus,abunance.Anotylus.latiusculus,0.585346,0.007854315,1,0.000836611,TRUE,0.7679082,trait affects abundance,0.01445455,0.8627451,0.8235294,0.07142649,7.932286,51,Terrestrial,1.70757,-1.839996,-0.2253093,0.8993983,abunance.Anotylus.latiusculus,Staphylinidae
1765,1765,7,4.3.finalss-87850,size.Histeridae.,abunance.Histeridae.,0.3143345,0.07036535,0.9449112,0.002241373,FALSE,0.4123715,trait affects abundance,0.9465227,0.8627451,0.8235294,0.07142649,7.932286,51,Terrestrial,1.70757,-0.02386895,-0.5797836,0.8993983,abunance.Histeridae.,Histeridae
1766,1766,8,4.3.finalss-87850,size.Onthophagus.ater,abunance.Onthophagus.ater,0.52619,0.0151005,1,0.000836611,TRUE,0.6903021,trait affects abundance,4.053568,0.8627451,0.8235294,0.07142649,7.932286,51,Terrestrial,1.70757,0.6078375,-0.544068,0.8993983,abunance.Onthophagus.ater,Scarabaeidae
1767,1767,9,4.3.finalss-87850,size.Platydracus.sharpi,abunance.Platydracus.sharpi,0.3745324,0.106146,0.9285715,0.001981735,FALSE,0.4913444,trait affects abundance,32.79588,0.8627451,0.8235294,0.07142649,7.932286,51,Terrestrial,1.70757,1.515819,-0.02687215,0.8993983,abunance.Platydracus.sharpi,Staphylinidae
1768,1768,10,4.3.finalss-87850,size.Pterostichus.sp,abunance.Pterostichus.sp,0.03905542,0.4297852,0.8864052,0.005275846,FALSE,0.05123633,trait affects abundance,10.24057,0.8627451,0.8235294,0.07142649,7.932286,51,Terrestrial,1.70757,1.010324,-0.07918125,0.8993983,abunance.Pterostichus.sp,Carabidae
1769,1769,11,4.3.finalss-87850,size.Othius.rufipennis,abunance.Othius.rufipennis,0.3134682,0.1146395,1,0.000263214,FALSE,0.4112351,trait affects abundance,0.9879924,0.8627451,0.8235294,0.07142649,7.932286,51,Terrestrial,1.70757,-0.005246385,-0.4306091,0.8993983,abunance.Othius.rufipennis,Staphylinidae
1770,1770,12,4.3.finalss-87850,size.Synuchus.cycloderus,abunance.Synuchus.cycloderus,0.2856963,0.1119895,1,0.000263214,FALSE,0.3748014,trait affects abundance,39.82094,0.8627451,0.8235294,0.07142649,7.932286,51,Terrestrial,1.70757,1.600112,0.09626614,0.8993983,abunance.Synuchus.cycloderus,Carabidae
1771,1771,13,4.3.finalss-87850,size.Megarthrus.sp,abunance.Megarthrus.sp,0.2009224,0.1781961,1,0.000836611,FALSE,0.2635875,trait affects abundance,0.009590909,0.8627451,0.8235294,0.07142649,7.932286,51,Terrestrial,1.70757,-2.01814,0.2080231,0.8993983,abunance.Megarthrus.sp,Staphylinidae
1772,1772,14,4.3.finalss-87850,size.Mimela.sp,abunance.Mimela.sp,0.2259548,0.2191314,0.5000001,0.1077623,FALSE,0.2964273,trait affects abundance,5.802705,0.8627451,0.8235294,0.07142649,7.932286,51,Terrestrial,1.70757,0.7636305,-0.9542425,0.8993983,abunance.Mimela.sp,Scarabaeidae
1773,1773,15,4.3.finalss-87850,size.Platydracus.brevicornis,abunance.Platydracus.brevicornis,0.2035826,0.1749405,1,0.000836611,FALSE,0.2670775,trait affects abundance,3.078114,0.8627451,0.8235294,0.07142649,7.932286,51,Terrestrial,1.70757,0.4882846,-0.7533277,0.8993983,abunance.Platydracus.brevicornis,Staphylinidae
1774,1774,16,4.3.finalss-87850,size.Hylobius.haroldi,abunance.Hylobius.haroldi,0.2035871,0.174935,1,0.000836611,FALSE,0.2670834,trait affects abundance,2.097591,0.8627451,0.8235294,0.07142649,7.932286,51,Terrestrial,1.70757,0.3217208,0.2080231,0.8993983,abunance.Hylobius.haroldi,Curculionidae
1775,1775,17,4.3.finalss-87850,size.Paederinae.,abunance.Paederinae.,0.120493,0.2917709,0.8864052,0.005275846,FALSE,0.1580732,trait affects abundance,0.06159091,0.8627451,0.8235294,0.07142649,7.932286,51,Terrestrial,1.70757,-1.210483,0.2080231,0.8993983,abunance.Paederinae.,Staphylinidae
1776,1776,18,4.3.finalss-87850,size.Ischnosoma.sp,abunance.Ischnosoma.sp,0.4010985,0.04711402,1,0.000263214,TRUE,0.5261961,trait affects abundance,0.072,0.8627451,0.8235294,0.07142649,7.932286,51,Terrestrial,1.70757,-1.142668,-0.8016323,0.8993983,abunance.Ischnosoma.sp,Staphylinidae
1777,1777,19,4.3.finalss-87850,size.Chrysomelidae.,abunance.Chrysomelidae.,0.4675562,0.02864584,1,0.000836611,TRUE,0.6133811,trait affects abundance,0.02538636,0.8627451,0.8235294,0.07142649,7.932286,51,Terrestrial,1.70757,-1.5954,-0.9542425,0.8993983,abunance.Chrysomelidae.,Chrysomelidae
1778,1778,20,4.3.finalss-87850,size.Dryophthorus.konishii,abunance.Dryophthorus.konishii,0.2377612,0.1362088,1,0.000836611,FALSE,0.311916,trait affects abundance,0.1147045,0.8627451,0.8235294,0.07142649,7.932286,51,Terrestrial,1.70757,-0.9404194,-0.8016323,0.8993983,abunance.Dryophthorus.konishii,Curculionidae
1779,1779,21,4.3.finalss-87850,size.Anisolinus.elegans,abunance.Anisolinus.elegans,0.3787183,0.05362295,1,0.000836611,FALSE,0.4968359,trait affects abundance,0.5845682,0.8627451,0.8235294,0.07142649,7.932286,51,Terrestrial,1.70757,-0.2331648,-0.9542425,0.8993983,abunance.Anisolinus.elegans,Staphylinidae
1780,1780,22,4.3.finalss-87850,size.Macrodorcas.striatipennis,abunance.Macrodorcas.striatipennis,0.3282224,0.08799204,0.7142858,0.01874113,FALSE,0.4305909,trait affects abundance,12.31748,0.8627451,0.8235294,0.07142649,7.932286,51,Terrestrial,1.70757,1.090522,-0.9542425,0.8993983,abunance.Macrodorcas.striatipennis,Staphylinidae
1781,1781,23,4.3.finalss-87850,size.Curculionidae.,abunance.Curculionidae.,0.2077242,0.1699405,0.9449112,0.002241373,FALSE,0.2725108,trait affects abundance,0.05922727,0.8627451,0.8235294,0.07142649,7.932286,51,Terrestrial,1.70757,-1.227478,0.2080231,0.8993983,abunance.Curculionidae.,Curculionidae
1782,1782,24,4.3.finalss-87850,size.Phyllobius.sp,abunance.Phyllobius.sp,0.3169426,0.06861435,0.9444444,0.000580668,FALSE,0.4157931,trait affects abundance,1.045636,0.8627451,0.8235294,0.07142649,7.932286,51,Terrestrial,1.70757,0.01938068,-0.8016323,0.8993983,abunance.Phyllobius.sp,Curculionidae
1783,1783,25,4.3.finalss-87850,size.Elateridae.,abunance.Elateridae.,0.327058,0.09006327,1,0.000836611,FALSE,0.4290634,trait affects abundance,0.4085455,0.8627451,0.8235294,0.07142649,7.932286,51,Terrestrial,1.70757,-0.3887596,-0.9542425,0.8993983,abunance.Elateridae.,Elateridae
1784,1784,26,4.3.finalss-87850,size.Aleochara.sp,abunance.Aleochara.sp,0.2201186,0.1554798,1,0.000836611,FALSE,0.2887709,trait affects abundance,0.10475,0.8627451,0.8235294,0.07142649,7.932286,51,Terrestrial,1.70757,-0.979846,-0.9542425,0.8993983,abunance.Aleochara.sp,Staphylinidae
1785,1785,27,4.3.finalss-87850,size.Harpalus.laevipes,abunance.Harpalus.laevipes,0.1969095,0.1831716,0.7857143,0.009374738,FALSE,0.2583231,trait affects abundance,1.2595,0.8627451,0.8235294,0.07142649,7.932286,51,Terrestrial,1.70757,0.1001982,0.2080231,0.8993983,abunance.Harpalus.laevipes,Carabidae
1786,1786,28,4.3.finalss-87850,size.Agrypnus.cordicollis,abunance.Agrypnus.cordicollis,0.1969386,0.1831353,0.7857143,0.009374738,FALSE,0.2583613,trait affects abundance,1.386955,0.8627451,0.8235294,0.07142649,7.932286,51,Terrestrial,1.70757,0.1420622,0.2080231,0.8993983,abunance.Agrypnus.cordicollis,Elateridae
1787,1787,29,4.3.finalss-87850,size.Gonocephalum.sp,abunance.Gonocephalum.sp,0.1969743,0.1830907,0.7857143,0.009374738,FALSE,0.2584081,trait affects abundance,1.480523,0.8627451,0.8235294,0.07142649,7.932286,51,Terrestrial,1.70757,0.1704151,0.2080231,0.8993983,abunance.Gonocephalum.sp,Tenebrionidae
1788,1788,30,4.3.finalss-87850,size.Acidota.crenata,abunance.Acidota.crenata,0.2599218,0.1312234,0.9285715,0.001981735,FALSE,0.3409882,trait affects abundance,0.3179545,0.8627451,0.8235294,0.07142649,7.932286,51,Terrestrial,1.70757,-0.497635,-0.544068,0.8993983,abunance.Acidota.crenata,Staphylinidae
1789,1789,31,4.3.finalss-87850,size.Omaliinae.,abunance.Omaliinae.,0.4651012,0.01127257,1,0.000836611,TRUE,0.6101605,trait affects abundance,0.04627273,0.8627451,0.8235294,0.07142649,7.932286,51,Terrestrial,1.70757,-1.334675,-0.60206,0.8993983,abunance.Omaliinae.,Staphylinidae
1790,1790,32,4.3.finalss-87850,size.Leiodinae.,abunance.Leiodinae.,0.2731425,0.1022356,0.9574271,0.000662208,FALSE,0.3583322,trait affects abundance,0.03565909,0.8627451,0.8235294,0.07142649,7.932286,51,Terrestrial,1.70757,-1.44783,-0.9542425,0.8993983,abunance.Leiodinae.,Leiodidae
1791,1791,33,4.3.finalss-87850,size.Quedius.adustus,abunance.Quedius.adustus,0.3234896,0.06435348,1,0.000836611,FALSE,0.4243821,trait affects abundance,0.1700455,0.8627451,0.8235294,0.07142649,7.932286,51,Terrestrial,1.70757,-0.769435,0.2080231,0.8993983,abunance.Quedius.adustus,Staphylinidae
1792,1792,34,4.3.finalss-87850,size.Meloe.menoko,abunance.Meloe.menoko,0.3398604,0.08717913,1,0.000836611,FALSE,0.4458586,trait affects abundance,6.343068,0.8627451,0.8235294,0.07142649,7.932286,51,Terrestrial,1.70757,0.8022994,-0.9294189,0.8993983,abunance.Meloe.menoko,Meloidae
1793,1793,35,4.3.finalss-87850,size.Sipalinus.gigas,abunance.Sipalinus.gigas,0.09136955,0.4081018,0.2142857,0.5361867,FALSE,0.1198666,trait affects abundance,11.48339,0.8627451,0.8235294,0.07142649,7.932286,51,Terrestrial,1.70757,1.06007,0.2080231,0.8993983,abunance.Sipalinus.gigas,Curculionidae
1794,1794,36,4.3.finalss-87850,size.Agelasa.nigriceps,abunance.Agelasa.nigriceps,0.2285942,0.1460285,0.9258201,0.007680297,FALSE,0.2998899,trait affects abundance,0.07713636,0.8627451,0.8235294,0.07142649,7.932286,51,Terrestrial,1.70757,-1.112741,0.2080231,0.8993983,abunance.Agelasa.nigriceps,Chrysomelidae
1795,1795,37,4.3.finalss-87850,size.Cryptophagus.sp,abunance.Cryptophagus.sp,0.2713355,0.1418346,1,0.000836611,FALSE,0.3559617,trait affects abundance,0.02647727,0.8627451,0.8235294,0.07142649,7.932286,51,Terrestrial,1.70757,-1.577127,0.2080231,0.8993983,abunance.Cryptophagus.sp,Cryptophagidae
1796,1796,38,4.3.finalss-87850,size.Dendroxena.sexcarinata,abunance.Dendroxena.sexcarinata,0.1504442,0.2462383,0.8451542,0.01906741,FALSE,0.1973659,trait affects abundance,2.657023,0.8627451,0.8235294,0.07142649,7.932286,51,Terrestrial,1.70757,0.4243953,-0.9542425,0.8993983,abunance.Dendroxena.sexcarinata,Silphidae
1797,1797,39,4.3.finalss-87850,size.Bolitobius.setiger,abunance.Bolitobius.setiger,0.3074141,0.07516177,0.9449112,0.002241373,FALSE,0.4032928,trait affects abundance,0.1871591,0.8627451,0.8235294,0.07142649,7.932286,51,Terrestrial,1.70757,-0.7277891,-0.9294189,0.8993983,abunance.Bolitobius.setiger,Tachyporinae
1798,1798,40,4.3.finalss-87850,size.Anisodactylus.tricuspidatus,abunance.Anisodactylus.tricuspidatus,0.3078716,0.07483788,0.9449112,0.002241373,FALSE,0.403893,trait affects abundance,0.7758409,0.8627451,0.8235294,0.07142649,7.932286,51,Terrestrial,1.70757,-0.1102273,0.2080231,0.8993983,abunance.Anisodactylus.tricuspidatus,Carabidae
1799,1799,41,4.3.finalss-87850,size.Hesperus.tiro,abunance.Hesperus.tiro,0.3080425,0.07471719,0.9449112,0.002241373,FALSE,0.4041171,trait affects abundance,0.2635909,0.8627451,0.8235294,0.07142649,7.932286,51,Terrestrial,1.70757,-0.5790696,0.2080231,0.8993983,abunance.Hesperus.tiro,Staphylinidae
1800,1800,42,4.3.finalss-87850,size.Nipponoharpalus.discrepans,abunance.Nipponoharpalus.discrepans,0.06808455,0.3787583,0.7237468,0.05727935,FALSE,0.08931928,trait affects abundance,1.184841,0.8627451,0.8235294,0.07142649,7.932286,51,Terrestrial,1.70757,0.07366004,0.2080231,0.8993983,abunance.Nipponoharpalus.discrepans,Carabidae
1801,1801,43,4.3.finalss-87850,size.Calosoma.maximowiczi,abunance.Calosoma.maximowiczi,0.1963704,0.1838459,0.9819806,0.001188755,FALSE,0.257616,trait affects abundance,24.04195,0.8627451,0.8235294,0.07142649,7.932286,51,Terrestrial,1.70757,1.38097,-0.8016323,0.8993983,abunance.Calosoma.maximowiczi,Carabidae
1802,1802,44,4.3.finalss-87850,size.Trox.mutsuensis,abunance.Trox.mutsuensis,0.2035611,0.1749667,1,0.000836611,FALSE,0.2670493,trait affects abundance,0.9679091,0.8627451,0.8235294,0.07142649,7.932286,51,Terrestrial,1.70757,-0.01416543,0.2080231,0.8993983,abunance.Trox.mutsuensis,Trogidae
1803,1803,45,4.3.finalss-87850,size.Poecilus.samurai,abunance.Poecilus.samurai,0.2035922,0.1749288,1,0.000836611,FALSE,0.2670901,trait affects abundance,2.332455,0.8627451,0.8235294,0.07142649,7.932286,51,Terrestrial,1.70757,0.3678132,0.2080231,0.8993983,abunance.Poecilus.samurai,Carabidae
1804,1804,46,4.3.finalss-87850,size.Scaphisomini.,abunance.Scaphisomini.,0.2044143,0.1739297,1,0.000836611,FALSE,0.2681686,trait affects abundance,0.01490909,0.8627451,0.8235294,0.07142649,7.932286,51,Terrestrial,1.70757,-1.826549,0.2080231,0.8993983,abunance.Scaphisomini.,Staphylinidae
1805,1805,47,4.3.finalss-87850,size.Synuchus.sp,abunance.Synuchus.sp,0.1969964,0.183063,0.7857143,0.009374738,FALSE,0.2584372,trait affects abundance,1.251227,0.8627451,0.8235294,0.07142649,7.932286,51,Terrestrial,1.70757,0.0973362,-0.7533277,0.8993983,abunance.Synuchus.sp,Carabidae
1806,1806,48,4.3.finalss-87850,size.Hylobius.ezoensis,abunance.Hylobius.ezoensis,0.22761,0.1471077,0.9258201,0.007680297,FALSE,0.2985987,trait affects abundance,4.151545,0.8627451,0.8235294,0.07142649,7.932286,51,Terrestrial,1.70757,0.6182098,0.2080231,0.8993983,abunance.Hylobius.ezoensis,Curculionidae
1807,1807,49,4.3.finalss-87850,size.Lordithon.sp,abunance.Lordithon.sp,0.2382072,0.1357417,0.9449112,0.002241373,FALSE,0.3125011,trait affects abundance,0.07047727,0.8627451,0.8235294,0.07142649,7.932286,51,Terrestrial,1.70757,-1.151951,0.2080231,0.8993983,abunance.Lordithon.sp,Staphylinidae
1808,1808,50,4.3.finalss-87850,size.Lycoperdina.dux,abunance.Lycoperdina.dux,0.2246339,0.1504003,0.9819806,0.001188755,FALSE,0.2946944,trait affects abundance,0.2135909,0.8627451,0.8235294,0.07142649,7.932286,51,Terrestrial,1.70757,-0.6704172,0.2080231,0.8993983,abunance.Lycoperdina.dux,Endomychidae
1809,1809,51,4.3.finalss-87850,size.Domene.curtipennis,abunance.Domene.curtipennis,0.3495065,0.04926001,1,0.000836611,TRUE,0.4585133,trait affects abundance,0.04177273,0.8627451,0.8235294,0.07142649,7.932286,51,Terrestrial,1.70757,-1.379107,0.2080231,0.8993983,abunance.Domene.curtipennis,Staphylinidae
1810,1810,52,4.3.finalss-87850,abunance.Staphylinus.daimio,size.Staphylinus.daimio,0.7622604,0.158113,0.4444444,0.1178509,FALSE,1,abundance affects trait,95.48949,0.8627451,0.8235294,0.07142649,7.932286,51,Terrestrial,1.70757,1.979956,0.3763903,0.8993983,size.Staphylinus.daimio,Staphylinidae
1811,1811,53,4.3.finalss-87850,abunance.Coleoptera.,size.Coleoptera.,0.1546876,0.2400798,0.9449112,0.002241373,FALSE,0.2029328,abundance affects trait,13.88391,0.8627451,0.8235294,0.07142649,7.932286,51,Terrestrial,1.70757,1.142512,-0.02759026,0.8993983,size.Coleoptera.,Staphylinidae
1812,1812,54,4.3.finalss-87850,abunance.Proteinus.sp,size.Proteinus.sp,0.1786187,0.2068215,0.8095238,0.01626098,FALSE,0.2343276,abundance affects trait,0.01395455,0.8627451,0.8235294,0.07142649,7.932286,51,Terrestrial,1.70757,-1.855284,-0.3646991,0.8993983,size.Proteinus.sp,Staphylinidae
1813,1813,55,4.3.finalss-87850,abunance.Carabidae.,size.Carabidae.,0.3414284,0.1129047,1,0.000836611,FALSE,0.4479157,abundance affects trait,3.999212,0.8627451,0.8235294,0.07142649,7.932286,51,Terrestrial,1.70757,0.6019744,-0.2974259,0.8993983,size.Carabidae.,Carabidae
1814,1814,56,4.3.finalss-87850,abunance.Staphylinidae.,size.Staphylinidae.,0.238582,0.2288391,0.8571429,0.00443399,FALSE,0.3129928,abundance affects trait,0.07968182,0.8627451,0.8235294,0.07142649,7.932286,51,Terrestrial,1.70757,-1.098641,-0.3802112,0.8993983,size.Staphylinidae.,Staphylinidae
1815,1815,57,4.3.finalss-87850,abunance.Anotylus.latiusculus,size.Anotylus.latiusculus,0.2044149,0.173929,1,0.000836611,FALSE,0.2681694,abundance affects trait,0.01445455,0.8627451,0.8235294,0.07142649,7.932286,51,Terrestrial,1.70757,-1.839996,-0.2253093,0.8993983,size.Anotylus.latiusculus,Staphylinidae
1816,1816,58,4.3.finalss-87850,abunance.Histeridae.,size.Histeridae.,0.135451,0.2685934,0.9574271,0.000662208,FALSE,0.1776964,abundance affects trait,0.9465227,0.8627451,0.8235294,0.07142649,7.932286,51,Terrestrial,1.70757,-0.02386895,-0.5797836,0.8993983,size.Histeridae.,Histeridae
1817,1817,59,4.3.finalss-87850,abunance.Onthophagus.ater,size.Onthophagus.ater,0.000445851,0.4991947,0.1690308,0.73771,FALSE,0.000584907,abundance affects trait,4.053568,0.8627451,0.8235294,0.07142649,7.932286,51,Terrestrial,1.70757,0.6078375,-0.544068,0.8993983,size.Onthophagus.ater,Scarabaeidae
1818,1818,60,4.3.finalss-87850,abunance.Platydracus.sharpi,size.Platydracus.sharpi,0.03017847,0.4456417,0.7126967,0.03154075,FALSE,0.03959076,abundance affects trait,32.79588,0.8627451,0.8235294,0.07142649,7.932286,51,Terrestrial,1.70757,1.515819,-0.02687215,0.8993983,size.Platydracus.sharpi,Staphylinidae
1819,1819,61,4.3.finalss-87850,abunance.Pterostichus.sp,size.Pterostichus.sp,0.2140653,0.1624479,1,0.000836611,FALSE,0.2808296,abundance affects trait,10.24057,0.8627451,0.8235294,0.07142649,7.932286,51,Terrestrial,1.70757,1.010324,-0.07918125,0.8993983,size.Pterostichus.sp,Carabidae
1820,1820,62,4.3.finalss-87850,abunance.Othius.rufipennis,size.Othius.rufipennis,0.5459593,0.02468337,1,0.000836611,TRUE,0.7162372,abundance affects trait,0.9879924,0.8627451,0.8235294,0.07142649,7.932286,51,Terrestrial,1.70757,-0.005246385,-0.4306091,0.8993983,size.Othius.rufipennis,Staphylinidae
1821,1821,63,4.3.finalss-87850,abunance.Synuchus.cycloderus,size.Synuchus.cycloderus,0.2578007,0.116203,1,0.000836611,FALSE,0.3382055,abundance affects trait,39.82094,0.8627451,0.8235294,0.07142649,7.932286,51,Terrestrial,1.70757,1.600112,0.09626614,0.8993983,size.Synuchus.cycloderus,Carabidae
1822,1822,64,4.3.finalss-87850,abunance.Megarthrus.sp,size.Megarthrus.sp,0.3110149,0.1625622,1,0.000836611,FALSE,0.4080166,abundance affects trait,0.009590909,0.8627451,0.8235294,0.07142649,7.932286,51,Terrestrial,1.70757,-2.01814,0.2080231,0.8993983,size.Megarthrus.sp,Staphylinidae
1823,1823,65,4.3.finalss-87850,abunance.Mimela.sp,size.Mimela.sp,0.3230911,0.1162922,1,0.000263214,FALSE,0.4238592,abundance affects trait,5.802705,0.8627451,0.8235294,0.07142649,7.932286,51,Terrestrial,1.70757,0.7636305,-0.9542425,0.8993983,size.Mimela.sp,Scarabaeidae
1824,1824,66,4.3.finalss-87850,abunance.Platydracus.brevicornis,size.Platydracus.brevicornis,0.3147158,0.1584204,1,0.000836611,FALSE,0.4128718,abundance affects trait,3.078114,0.8627451,0.8235294,0.07142649,7.932286,51,Terrestrial,1.70757,0.4882846,-0.7533277,0.8993983,size.Platydracus.brevicornis,Staphylinidae
1825,1825,67,4.3.finalss-87850,abunance.Hylobius.haroldi,size.Hylobius.haroldi,0.314636,0.1584572,1,0.000836611,FALSE,0.412767,abundance affects trait,2.097591,0.8627451,0.8235294,0.07142649,7.932286,51,Terrestrial,1.70757,0.3217208,0.2080231,0.8993983,size.Hylobius.haroldi,Curculionidae
1826,1826,68,4.3.finalss-87850,abunance.Paederinae.,size.Paederinae.,0.01804081,0.4674458,0.6813852,0.04851973,FALSE,0.02366751,abundance affects trait,0.06159091,0.8627451,0.8235294,0.07142649,7.932286,51,Terrestrial,1.70757,-1.210483,0.2080231,0.8993983,size.Paederinae.,Staphylinidae
1827,1827,69,4.3.finalss-87850,abunance.Ischnosoma.sp,size.Ischnosoma.sp,0.2018816,0.1770182,0.9819806,0.001188755,FALSE,0.264846,abundance affects trait,0.072,0.8627451,0.8235294,0.07142649,7.932286,51,Terrestrial,1.70757,-1.142668,-0.8016323,0.8993983,size.Ischnosoma.sp,Staphylinidae
1828,1828,70,4.3.finalss-87850,abunance.Chrysomelidae.,size.Chrysomelidae.,0.2751052,0.1021004,1,0.000263214,FALSE,0.3609071,abundance affects trait,0.02538636,0.8627451,0.8235294,0.07142649,7.932286,51,Terrestrial,1.70757,-1.5954,-0.9542425,0.8993983,size.Chrysomelidae.,Chrysomelidae
1829,1829,71,4.3.finalss-87850,abunance.Dryophthorus.konishii,size.Dryophthorus.konishii,0.3299098,0.07251503,1,0.000836611,FALSE,0.4328046,abundance affects trait,0.1147045,0.8627451,0.8235294,0.07142649,7.932286,51,Terrestrial,1.70757,-0.9404194,-0.8016323,0.8993983,size.Dryophthorus.konishii,Curculionidae
1830,1830,72,4.3.finalss-87850,abunance.Anisolinus.elegans,size.Anisolinus.elegans,0.2259392,0.3184772,0.7142858,0.01874113,FALSE,0.2964068,abundance affects trait,0.5845682,0.8627451,0.8235294,0.07142649,7.932286,51,Terrestrial,1.70757,-0.2331648,-0.9542425,0.8993983,size.Anisolinus.elegans,Staphylinidae
1831,1831,73,4.3.finalss-87850,abunance.Macrodorcas.striatipennis,size.Macrodorcas.striatipennis,0.4642707,0.04929919,1,0.000263214,TRUE,0.6090709,abundance affects trait,12.31748,0.8627451,0.8235294,0.07142649,7.932286,51,Terrestrial,1.70757,1.090522,-0.9542425,0.8993983,size.Macrodorcas.striatipennis,Staphylinidae
1832,1832,74,4.3.finalss-87850,abunance.Curculionidae.,size.Curculionidae.,0.3655127,0.06243261,1,0.000836611,FALSE,0.4795116,abundance affects trait,0.05922727,0.8627451,0.8235294,0.07142649,7.932286,51,Terrestrial,1.70757,-1.227478,0.2080231,0.8993983,size.Curculionidae.,Curculionidae
1833,1833,75,4.3.finalss-87850,abunance.Phyllobius.sp,size.Phyllobius.sp,0.2071095,0.1706774,1,0.000836611,FALSE,0.2717043,abundance affects trait,1.045636,0.8627451,0.8235294,0.07142649,7.932286,51,Terrestrial,1.70757,0.01938068,-0.8016323,0.8993983,size.Phyllobius.sp,Curculionidae
1834,1834,76,4.3.finalss-87850,abunance.Elateridae.,size.Elateridae.,0.2214806,0.1764539,1,0.000836611,FALSE,0.2905577,abundance affects trait,0.4085455,0.8627451,0.8235294,0.07142649,7.932286,51,Terrestrial,1.70757,-0.3887596,-0.9542425,0.8993983,size.Elateridae.,Elateridae
1835,1835,77,4.3.finalss-87850,abunance.Aleochara.sp,size.Aleochara.sp,0.3418431,0.07748977,1,0.000836611,FALSE,0.4484597,abundance affects trait,0.10475,0.8627451,0.8235294,0.07142649,7.932286,51,Terrestrial,1.70757,-0.979846,-0.9542425,0.8993983,size.Aleochara.sp,Staphylinidae
1836,1836,78,4.3.finalss-87850,abunance.Harpalus.laevipes,size.Harpalus.laevipes,0.1787708,0.2075159,0.5714286,0.06348658,FALSE,0.2345272,abundance affects trait,1.2595,0.8627451,0.8235294,0.07142649,7.932286,51,Terrestrial,1.70757,0.1001982,0.2080231,0.8993983,size.Harpalus.laevipes,Carabidae
1837,1837,79,4.3.finalss-87850,abunance.Agrypnus.cordicollis,size.Agrypnus.cordicollis,0.1788712,0.207419,0.5714286,0.06348658,FALSE,0.2346589,abundance affects trait,1.386955,0.8627451,0.8235294,0.07142649,7.932286,51,Terrestrial,1.70757,0.1420622,0.2080231,0.8993983,size.Agrypnus.cordicollis,Elateridae
1838,1838,80,4.3.finalss-87850,abunance.Gonocephalum.sp,size.Gonocephalum.sp,0.178832,0.2074204,0.5714286,0.06348658,FALSE,0.2346075,abundance affects trait,1.480523,0.8627451,0.8235294,0.07142649,7.932286,51,Terrestrial,1.70757,0.1704151,0.2080231,0.8993983,size.Gonocephalum.sp,Tenebrionidae
1839,1839,81,4.3.finalss-87850,abunance.Acidota.crenata,size.Acidota.crenata,0.4327178,0.02526841,1,0.000836611,TRUE,0.5676771,abundance affects trait,0.3179545,0.8627451,0.8235294,0.07142649,7.932286,51,Terrestrial,1.70757,-0.497635,-0.544068,0.8993983,size.Acidota.crenata,Staphylinidae
1840,1840,82,4.3.finalss-87850,abunance.Omaliinae.,size.Omaliinae.,0.227094,0.1776047,0.7142858,0.01874113,FALSE,0.2979218,abundance affects trait,0.04627273,0.8627451,0.8235294,0.07142649,7.932286,51,Terrestrial,1.70757,-1.334675,-0.60206,0.8993983,size.Omaliinae.,Staphylinidae
1841,1841,83,4.3.finalss-87850,abunance.Leiodinae.,size.Leiodinae.,0.4872017,0.01117731,1,0.000263214,TRUE,0.6391538,abundance affects trait,0.03565909,0.8627451,0.8235294,0.07142649,7.932286,51,Terrestrial,1.70757,-1.44783,-0.9542425,0.8993983,size.Leiodinae.,Leiodidae
1842,1842,84,4.3.finalss-87850,abunance.Quedius.adustus,size.Quedius.adustus,0.4614894,0.02742454,1,0.000836611,TRUE,0.6054222,abundance affects trait,0.1700455,0.8627451,0.8235294,0.07142649,7.932286,51,Terrestrial,1.70757,-0.769435,0.2080231,0.8993983,size.Quedius.adustus,Staphylinidae
1843,1843,85,4.3.finalss-87850,abunance.Meloe.menoko,size.Meloe.menoko,0.3832113,0.06702945,1,0.000836611,FALSE,0.5027302,abundance affects trait,6.343068,0.8627451,0.8235294,0.07142649,7.932286,51,Terrestrial,1.70757,0.8022994,-0.9294189,0.8993983,size.Meloe.menoko,Meloidae
1844,1844,86,4.3.finalss-87850,abunance.Sipalinus.gigas,size.Sipalinus.gigas,0.5791791,0.006907973,1,0.000836611,TRUE,0.7598178,abundance affects trait,11.48339,0.8627451,0.8235294,0.07142649,7.932286,51,Terrestrial,1.70757,1.06007,0.2080231,0.8993983,size.Sipalinus.gigas,Curculionidae
1845,1845,87,4.3.finalss-87850,abunance.Agelasa.nigriceps,size.Agelasa.nigriceps,0.2696386,0.1243334,0.8571429,0.00443399,FALSE,0.3537355,abundance affects trait,0.07713636,0.8627451,0.8235294,0.07142649,7.932286,51,Terrestrial,1.70757,-1.112741,0.2080231,0.8993983,size.Agelasa.nigriceps,Chrysomelidae
1846,1846,88,4.3.finalss-87850,abunance.Cryptophagus.sp,size.Cryptophagus.sp,0.284184,0.1070511,1,0.000836611,FALSE,0.3728175,abundance affects trait,0.02647727,0.8627451,0.8235294,0.07142649,7.932286,51,Terrestrial,1.70757,-1.577127,0.2080231,0.8993983,size.Cryptophagus.sp,Cryptophagidae
1847,1847,89,4.3.finalss-87850,abunance.Dendroxena.sexcarinata,size.Dendroxena.sexcarinata,0.2477601,0.1915901,1,0.000836611,FALSE,0.3250334,abundance affects trait,2.657023,0.8627451,0.8235294,0.07142649,7.932286,51,Terrestrial,1.70757,0.4243953,-0.9542425,0.8993983,size.Dendroxena.sexcarinata,Silphidae
1848,1848,90,4.3.finalss-87850,abunance.Bolitobius.setiger,size.Bolitobius.setiger,0.5021291,0.02250991,1,0.000836611,TRUE,0.658737,abundance affects trait,0.1871591,0.8627451,0.8235294,0.07142649,7.932286,51,Terrestrial,1.70757,-0.7277891,-0.9294189,0.8993983,size.Bolitobius.setiger,Tachyporinae
1849,1849,91,4.3.finalss-87850,abunance.Anisodactylus.tricuspidatus,size.Anisodactylus.tricuspidatus,0.501421,0.02274905,1,0.000836611,TRUE,0.657808,abundance affects trait,0.7758409,0.8627451,0.8235294,0.07142649,7.932286,51,Terrestrial,1.70757,-0.1102273,0.2080231,0.8993983,size.Anisodactylus.tricuspidatus,Carabidae
1850,1850,92,4.3.finalss-87850,abunance.Hesperus.tiro,size.Hesperus.tiro,0.4987886,0.02189224,1,0.000836611,TRUE,0.6543545,abundance affects trait,0.2635909,0.8627451,0.8235294,0.07142649,7.932286,51,Terrestrial,1.70757,-0.5790696,0.2080231,0.8993983,size.Hesperus.tiro,Staphylinidae
1851,1851,93,4.3.finalss-87850,abunance.Nipponoharpalus.discrepans,size.Nipponoharpalus.discrepans,0.3087348,0.1111435,1,0.000836611,FALSE,0.4050253,abundance affects trait,1.184841,0.8627451,0.8235294,0.07142649,7.932286,51,Terrestrial,1.70757,0.07366004,0.2080231,0.8993983,size.Nipponoharpalus.discrepans,Carabidae
1852,1852,94,4.3.finalss-87850,abunance.Calosoma.maximowiczi,size.Calosoma.maximowiczi,0.4306608,0.115732,1,0.000836611,FALSE,0.5649785,abundance affects trait,24.04195,0.8627451,0.8235294,0.07142649,7.932286,51,Terrestrial,1.70757,1.38097,-0.8016323,0.8993983,size.Calosoma.maximowiczi,Carabidae
1853,1853,95,4.3.finalss-87850,abunance.Trox.mutsuensis,size.Trox.mutsuensis,0.314554,0.1584879,1,0.000836611,FALSE,0.4126595,abundance affects trait,0.9679091,0.8627451,0.8235294,0.07142649,7.932286,51,Terrestrial,1.70757,-0.01416543,0.2080231,0.8993983,size.Trox.mutsuensis,Trogidae
1854,1854,96,4.3.finalss-87850,abunance.Poecilus.samurai,size.Poecilus.samurai,0.3148168,0.1583062,1,0.000836611,FALSE,0.4130042,abundance affects trait,2.332455,0.8627451,0.8235294,0.07142649,7.932286,51,Terrestrial,1.70757,0.3678132,0.2080231,0.8993983,size.Poecilus.samurai,Carabidae
1855,1855,97,4.3.finalss-87850,abunance.Scaphisomini.,size.Scaphisomini.,0.2903862,0.1979596,0.9285715,0.001981735,FALSE,0.3809541,abundance affects trait,0.01490909,0.8627451,0.8235294,0.07142649,7.932286,51,Terrestrial,1.70757,-1.826549,0.2080231,0.8993983,size.Scaphisomini.,Staphylinidae
1856,1856,98,4.3.finalss-87850,abunance.Synuchus.sp,size.Synuchus.sp,0.1789213,0.2073264,0.5714286,0.06348658,FALSE,0.2347246,abundance affects trait,1.251227,0.8627451,0.8235294,0.07142649,7.932286,51,Terrestrial,1.70757,0.0973362,-0.7533277,0.8993983,size.Synuchus.sp,Carabidae
1857,1857,99,4.3.finalss-87850,abunance.Hylobius.ezoensis,size.Hylobius.ezoensis,0.2702391,0.1233314,0.8571429,0.00443399,FALSE,0.3545233,abundance affects trait,4.151545,0.8627451,0.8235294,0.07142649,7.932286,51,Terrestrial,1.70757,0.6182098,0.2080231,0.8993983,size.Hylobius.ezoensis,Curculionidae
1858,1858,100,4.3.finalss-87850,abunance.Lordithon.sp,size.Lordithon.sp,0.3168923,0.06864781,1,0.000836611,FALSE,0.4157271,abundance affects trait,0.07047727,0.8627451,0.8235294,0.07142649,7.932286,51,Terrestrial,1.70757,-1.151951,0.2080231,0.8993983,size.Lordithon.sp,Staphylinidae
1859,1859,101,4.3.finalss-87850,abunance.Lycoperdina.dux,size.Lycoperdina.dux,0.1992469,0.1987479,1,0.000836611,FALSE,0.2613895,abundance affects trait,0.2135909,0.8627451,0.8235294,0.07142649,7.932286,51,Terrestrial,1.70757,-0.6704172,0.2080231,0.8993983,size.Lycoperdina.dux,Endomychidae
1860,1860,102,4.3.finalss-87850,abunance.Domene.curtipennis,size.Domene.curtipennis,0.1076875,0.3122532,0.9092413,0.002769589,FALSE,0.1412738,abundance affects trait,0.04177273,0.8627451,0.8235294,0.07142649,7.932286,51,Terrestrial,1.70757,-1.379107,0.2080231,0.8993983,size.Domene.curtipennis,Staphylinidae
1861,1861,1,4.3.finalss-87851,size.Carabus.opaculus,abunance.Carabus.opaculus,0.9786769,5.96E-09,1,0.000263214,TRUE,1,trait affects abundance,106.7585,0.7209302,0.8139535,0.06604655,7.699544,43,Terrestrial,1.633468,2.028402,0.1085958,0.886465,abunance.Carabus.opaculus,Carabidae
1862,1862,2,4.3.finalss-87851,size.Phelotrupes.laevistriatus,abunance.Phelotrupes.laevistriatus,0.9641326,2.21E-05,1,0.000263214,TRUE,0.9851389,trait affects abundance,176.5627,0.7209302,0.8139535,0.06604655,7.699544,43,Terrestrial,1.633468,2.246899,0.03064265,0.886465,abunance.Phelotrupes.laevistriatus,Geotrupidae
1863,1863,3,4.3.finalss-87851,size.Pterostichus.thunbergi,abunance.Pterostichus.thunbergi,0.9528957,0.000122466,1,0.000263214,TRUE,0.9736571,trait affects abundance,171.4031,0.7209302,0.8139535,0.06604655,7.699544,43,Terrestrial,1.633468,2.234019,0.5442208,0.886465,abunance.Pterostichus.thunbergi,Carabidae
1864,1864,4,4.3.finalss-87851,size.Agrypnus.cordicollis,abunance.Agrypnus.cordicollis,0.4368596,0.03733627,1,0.000836611,TRUE,0.4463778,trait affects abundance,3.63575,0.7209302,0.8139535,0.06604655,7.699544,43,Terrestrial,1.633468,0.560594,-0.9542425,0.886465,abunance.Agrypnus.cordicollis,Elateridae
1865,1865,5,4.3.finalss-87851,size.Eusilpha.japonica,abunance.Eusilpha.japonica,0.4939389,0.03011445,1,0.000836611,TRUE,0.5047006,trait affects abundance,53.23231,0.7209302,0.8139535,0.06604655,7.699544,43,Terrestrial,1.633468,1.726175,-0.3258536,0.886465,abunance.Eusilpha.japonica,Silphidae
1866,1866,6,4.3.finalss-87851,size.Harpalus.laevipes,abunance.Harpalus.laevipes,0.1181026,0.3543437,0.9285715,0.001981735,FALSE,0.1206758,trait affects abundance,1.913795,0.7209302,0.8139535,0.06604655,7.699544,43,Terrestrial,1.633468,0.2818955,-0.9542425,0.886465,abunance.Harpalus.laevipes,Carabidae
1867,1867,7,4.3.finalss-87851,size.Pterostichus.subovatus,abunance.Pterostichus.subovatus,0.2206646,0.2114667,0.9444444,0.000580668,FALSE,0.2254724,trait affects abundance,9.172795,0.7209302,0.8139535,0.06604655,7.699544,43,Terrestrial,1.633468,0.9625017,-0.5185139,0.886465,abunance.Pterostichus.subovatus,Carabidae
1868,1868,8,4.3.finalss-87851,size.Aleochara.sp,abunance.Aleochara.sp,0.2965022,0.08317518,0.9819806,0.001188755,FALSE,0.3029623,trait affects abundance,0.5089318,0.7209302,0.8139535,0.06604655,7.699544,43,Terrestrial,1.633468,-0.2933404,-0.7533277,0.886465,abunance.Aleochara.sp,Staphylinidae
1869,1869,9,4.3.finalss-87851,size.Carabus.albrechti,abunance.Carabus.albrechti,0.5749391,0.0345772,1,0.000836611,TRUE,0.5874657,trait affects abundance,61.536,0.7209302,0.8139535,0.06604655,7.699544,43,Terrestrial,1.633468,1.789129,-0.4771213,0.886465,abunance.Carabus.albrechti,Carabidae
1870,1870,10,4.3.finalss-87851,size.Scolytidae.,abunance.Scolytidae.,0.3105523,0.07295954,0.9819806,0.001188755,FALSE,0.3173185,trait affects abundance,0.007068182,0.7209302,0.8139535,0.06604655,7.699544,43,Terrestrial,1.633468,-2.150692,0.2080231,0.886465,abunance.Scolytidae.,Curculionidae
1871,1871,11,4.3.finalss-87851,size.Tachinus.mimulus,abunance.Tachinus.mimulus,0.3975381,0.04468162,1,0.000836611,TRUE,0.4061996,trait affects abundance,0.05217045,0.7209302,0.8139535,0.06604655,7.699544,43,Terrestrial,1.633468,-1.282575,-0.90309,0.886465,abunance.Tachinus.mimulus,Staphylinidae
1872,1872,12,4.3.finalss-87851,size.Mimela.sp,abunance.Mimela.sp,0.3842801,0.1009061,1,0.000836611,FALSE,0.3926526,trait affects abundance,1.257682,0.7209302,0.8139535,0.06604655,7.699544,43,Terrestrial,1.633468,0.09957078,-0.8016323,0.886465,abunance.Mimela.sp,Scarabaeidae
1873,1873,13,4.3.finalss-87851,size.Bolitobius.setiger,abunance.Bolitobius.setiger,0.3410856,0.1313674,1,0.000836611,FALSE,0.3485171,trait affects abundance,0.2492727,0.7209302,0.8139535,0.06604655,7.699544,43,Terrestrial,1.633468,-0.6033252,-0.8016323,0.886465,abunance.Bolitobius.setiger,Tachyporinae
1874,1874,14,4.3.finalss-87851,size.Synuchus.cycloderus,abunance.Synuchus.cycloderus,0.3777234,0.08237836,1,0.000836611,FALSE,0.3859531,trait affects abundance,18.076,0.7209302,0.8139535,0.06604655,7.699544,43,Terrestrial,1.633468,1.257102,-0.2284793,0.886465,abunance.Synuchus.cycloderus,Carabidae
1875,1875,15,4.3.finalss-87851,size.Sphaeridiinae.,abunance.Sphaeridiinae.,0.2873193,0.09035441,0.9285715,0.001981735,FALSE,0.2935794,trait affects abundance,0.03856818,0.7209302,0.8139535,0.06604655,7.699544,43,Terrestrial,1.633468,-1.413771,-0.9542425,0.886465,abunance.Sphaeridiinae.,Sphaeridiinae
1876,1876,16,4.3.finalss-87851,size.Synuchus.melantho,abunance.Synuchus.melantho,0.309257,0.07386306,1,0.000836611,FALSE,0.315995,trait affects abundance,1.464455,0.7209302,0.8139535,0.06604655,7.699544,43,Terrestrial,1.633468,0.1656759,-0.9542425,0.886465,abunance.Synuchus.melantho,Carabidae
1877,1877,17,4.3.finalss-87851,size.Agelasa.nigriceps,abunance.Agelasa.nigriceps,0.2799366,0.09641986,0.8864052,0.005275846,FALSE,0.2860357,trait affects abundance,0.4196136,0.7209302,0.8139535,0.06604655,7.699544,43,Terrestrial,1.633468,-0.3771504,-0.9542425,0.886465,abunance.Agelasa.nigriceps,Chrysomelidae
1878,1878,18,4.3.finalss-87851,size.Physoronia.japonicus,abunance.Physoronia.japonicus,0.1224321,0.2887193,0.8864052,0.005275846,FALSE,0.1250997,trait affects abundance,0.1372045,0.7209302,0.8139535,0.06604655,7.699544,43,Terrestrial,1.633468,-0.8626315,0.2080231,0.886465,abunance.Physoronia.japonicus,Staphylinidae
1879,1879,19,4.3.finalss-87851,size.Carabidae.,abunance.Carabidae.,0.1270666,0.2814817,0.8864052,0.005275846,FALSE,0.1298351,trait affects abundance,0.01240909,0.7209302,0.8139535,0.06604655,7.699544,43,Terrestrial,1.633468,-1.90626,0.2080231,0.886465,abunance.Carabidae.,Carabidae
1880,1880,20,4.3.finalss-87851,size.Aleocharinae.,abunance.Aleocharinae.,0.3686224,0.07653413,1,0.000836611,FALSE,0.3766538,trait affects abundance,0.4093636,0.7209302,0.8139535,0.06604655,7.699544,43,Terrestrial,1.633468,-0.3878907,-0.3756636,0.886465,abunance.Aleocharinae.,Staphylinidae
1881,1881,21,4.3.finalss-87851,size.Platydracus.sharpi,abunance.Platydracus.sharpi,0.4249039,0.02517044,1,0.000836611,TRUE,0.4341616,trait affects abundance,7.669955,0.7209302,0.8139535,0.06604655,7.699544,43,Terrestrial,1.633468,0.8847928,-0.7346856,0.886465,abunance.Platydracus.sharpi,Staphylinidae
1882,1882,22,4.3.finalss-87851,size.Staphylinidae.,abunance.Staphylinidae.,0.1329224,0.2724519,1,0.000836611,FALSE,0.1358185,trait affects abundance,0.1089318,0.7209302,0.8139535,0.06604655,7.699544,43,Terrestrial,1.633468,-0.9628452,-0.6232493,0.886465,abunance.Staphylinidae.,Staphylinidae
1883,1883,23,4.3.finalss-87851,size.Hylobius.haroldi,abunance.Hylobius.haroldi,0.2406819,0.1331683,0.9819806,0.001188755,FALSE,0.2459258,trait affects abundance,3.84075,0.7209302,0.8139535,0.06604655,7.699544,43,Terrestrial,1.633468,0.584416,-0.9542425,0.886465,abunance.Hylobius.haroldi,Curculionidae
1884,1884,24,4.3.finalss-87851,size.Leistus.niger,abunance.Leistus.niger,0.5231483,0.01954079,1,0.000836611,TRUE,0.5345465,trait affects abundance,1.974818,0.7209302,0.8139535,0.06604655,7.699544,43,Terrestrial,1.633468,0.2955271,-0.6766936,0.886465,abunance.Leistus.niger,Carabidae
1885,1885,25,4.3.finalss-87851,size.Platydracus.brachycerus,abunance.Platydracus.brachycerus,0.2605046,0.1315275,0.8571429,0.00443399,FALSE,0.2661804,trait affects abundance,1.618795,0.7209302,0.8139535,0.06604655,7.699544,43,Terrestrial,1.633468,0.209192,-0.9542425,0.886465,abunance.Platydracus.brachycerus,Staphylinidae
1886,1886,26,4.3.finalss-87851,size.Dendroxena.sexcarinata,abunance.Dendroxena.sexcarinata,0.2503514,0.1234059,1,0.000836611,FALSE,0.255806,trait affects abundance,8.136159,0.7209302,0.8139535,0.06604655,7.699544,43,Terrestrial,1.633468,0.9104194,-0.8016323,0.886465,abunance.Dendroxena.sexcarinata,Silphidae
1887,1887,27,4.3.finalss-87851,size.Niphades.variegatus,abunance.Niphades.variegatus,0.4039724,0.02621389,0.9819806,0.001188755,TRUE,0.412774,trait affects abundance,0.9108182,0.7209302,0.8139535,0.06604655,7.699544,43,Terrestrial,1.633468,-0.04056831,0.2080231,0.886465,abunance.Niphades.variegatus,Curculionidae
1888,1888,28,4.3.finalss-87851,size.Platydracus.brevicornis,abunance.Platydracus.brevicornis,0.2063769,0.1715579,0.9860133,0.000365019,FALSE,0.2108734,trait affects abundance,2.783773,0.7209302,0.8139535,0.06604655,7.699544,43,Terrestrial,1.633468,0.4446338,-0.8573325,0.886465,abunance.Platydracus.brevicornis,Staphylinidae
1889,1889,29,4.3.finalss-87851,size.Anisodactylus.tricuspidatus,abunance.Anisodactylus.tricuspidatus,0.196951,0.1831198,0.7857143,0.009374738,FALSE,0.2012421,trait affects abundance,1.061409,0.7209302,0.8139535,0.06604655,7.699544,43,Terrestrial,1.633468,0.0258828,0.2080231,0.886465,abunance.Anisodactylus.tricuspidatus,Carabidae
1890,1890,30,4.3.finalss-87851,size.Gonocephalum.sp,abunance.Gonocephalum.sp,0.1969925,0.183068,0.7857143,0.009374738,FALSE,0.2012845,trait affects abundance,1.993568,0.7209302,0.8139535,0.06604655,7.699544,43,Terrestrial,1.633468,0.2996311,0.2080231,0.886465,abunance.Gonocephalum.sp,Tenebrionidae
1891,1891,31,4.3.finalss-87851,size.Aesalus.asiaticus,abunance.Aesalus.asiaticus,0.1973173,0.1826625,0.7857143,0.009374738,FALSE,0.2016164,trait affects abundance,0.2371591,0.7209302,0.8139535,0.06604655,7.699544,43,Terrestrial,1.633468,-0.6249602,0.2080231,0.886465,abunance.Aesalus.asiaticus,Lucanidae
1892,1892,32,4.3.finalss-87851,size.Calosoma.inquisitor,abunance.Calosoma.inquisitor,0.09136793,0.4081029,0.2142857,0.5361867,FALSE,0.09335862,trait affects abundance,8.478273,0.7209302,0.8139535,0.06604655,7.699544,43,Terrestrial,1.633468,0.9283074,0.2080231,0.886465,abunance.Calosoma.inquisitor,Carabidae
1893,1893,33,4.3.finalss-87851,size.Carabus.gehinii,abunance.Carabus.gehinii,0.1857672,0.197391,0.9759001,0.003897905,FALSE,0.1898146,trait affects abundance,17.72148,0.7209302,0.8139535,0.06604655,7.699544,43,Terrestrial,1.633468,1.2485,-0.9542425,0.886465,abunance.Carabus.gehinii,Carabidae
1894,1894,34,4.3.finalss-87851,size.Cholevinae.,abunance.Cholevinae.,0.2297173,0.144803,0.9258201,0.007680297,FALSE,0.2347223,trait affects abundance,0.04190909,0.7209302,0.8139535,0.06604655,7.699544,43,Terrestrial,1.633468,-1.377692,0.3841144,0.886465,abunance.Cholevinae.,Leiodidae
1895,1895,35,4.3.finalss-87851,size.Osorius.angustulus,abunance.Osorius.angustulus,0.2263619,0.1484832,0.9258201,0.007680297,FALSE,0.2312938,trait affects abundance,0.07456818,0.7209302,0.8139535,0.06604655,7.699544,43,Terrestrial,1.633468,-1.127446,0.2080231,0.886465,abunance.Osorius.angustulus,Staphylinidae
1896,1896,36,4.3.finalss-87851,size.Anotylus.sp,abunance.Anotylus.sp,0.2281822,0.1464797,0.9258201,0.007680297,FALSE,0.2331538,trait affects abundance,0.03236364,0.7209302,0.8139535,0.06604655,7.699544,43,Terrestrial,1.633468,-1.489943,0.2080231,0.886465,abunance.Anotylus.sp,Staphylinidae
1897,1897,37,4.3.finalss-87851,size.Agelosus.carinatus,abunance.Agelosus.carinatus,0.3983175,0.05244922,1,0.000836611,FALSE,0.406996,trait affects abundance,2.426409,0.7209302,0.8139535,0.06604655,7.699544,43,Terrestrial,1.633468,0.384964,0.2080231,0.886465,abunance.Agelosus.carinatus,Staphylinidae
1898,1898,38,4.3.finalss-87851,size.Ontholestes.gracilis,abunance.Ontholestes.gracilis,0.227579,0.1471418,0.9258201,0.007680297,FALSE,0.2325374,trait affects abundance,0.9925,0.7209302,0.8139535,0.06604655,7.699544,43,Terrestrial,1.633468,-0.003269485,0.2080231,0.886465,abunance.Ontholestes.gracilis,Staphylinidae
1899,1899,39,4.3.finalss-87851,size.Anatis.halonis,abunance.Anatis.halonis,0.3494153,0.04930798,1,0.000836611,TRUE,0.3570283,trait affects abundance,0.4205,0.7209302,0.8139535,0.06604655,7.699544,43,Terrestrial,1.633468,-0.376234,0.2080231,0.886465,abunance.Anatis.halonis,Coccinellidae
1900,1900,40,4.3.finalss-87851,size.Staphylinus.daimio,abunance.Staphylinus.daimio,0.3491077,0.04946996,1,0.000836611,TRUE,0.356714,trait affects abundance,1.471568,0.7209302,0.8139535,0.06604655,7.699544,43,Terrestrial,1.633468,0.1677804,0.2080231,0.886465,abunance.Staphylinus.daimio,Staphylinidae
1901,1901,41,4.3.finalss-87851,size.Ischnosoma.sp,abunance.Ischnosoma.sp,0.3126878,0.07148683,0.9819806,0.001188755,FALSE,0.3195005,trait affects abundance,0.01865909,0.7209302,0.8139535,0.06604655,7.699544,43,Terrestrial,1.633468,-1.72911,0.2080231,0.886465,abunance.Ischnosoma.sp,Staphylinidae
1902,1902,42,4.3.finalss-87851,size.Nitidulidae.,abunance.Nitidulidae.,0.3019726,0.07908833,0.9819806,0.001188755,FALSE,0.3085519,trait affects abundance,0.007068182,0.7209302,0.8139535,0.06604655,7.699544,43,Terrestrial,1.633468,-2.150692,0.2080231,0.886465,abunance.Nitidulidae.,Nitidulidae
1903,1903,43,4.3.finalss-87851,size.Algon.grandicollis,abunance.Algon.grandicollis,0.08216566,0.3546258,0.2142857,0.5361867,FALSE,0.08395587,trait affects abundance,0.8691364,0.7209302,0.8139535,0.06604655,7.699544,43,Terrestrial,1.633468,-0.06091208,0.2080231,0.886465,abunance.Algon.grandicollis,Staphylinidae
1904,1904,44,4.3.finalss-87851,abunance.Carabus.opaculus,size.Carabus.opaculus,0.9655165,2.68E-06,1,0.000263214,TRUE,0.9865529,abundance affects trait,106.7585,0.7209302,0.8139535,0.06604655,7.699544,43,Terrestrial,1.633468,2.028402,0.1085958,0.886465,size.Carabus.opaculus,Carabidae
1905,1905,45,4.3.finalss-87851,abunance.Phelotrupes.laevistriatus,size.Phelotrupes.laevistriatus,0.9610245,4.66E-05,1,0.000263214,TRUE,0.9819631,abundance affects trait,176.5627,0.7209302,0.8139535,0.06604655,7.699544,43,Terrestrial,1.633468,2.246899,0.03064265,0.886465,size.Phelotrupes.laevistriatus,Geotrupidae
1906,1906,46,4.3.finalss-87851,abunance.Pterostichus.thunbergi,size.Pterostichus.thunbergi,0.9475617,0.000145834,1,0.000263214,TRUE,0.9682069,abundance affects trait,171.4031,0.7209302,0.8139535,0.06604655,7.699544,43,Terrestrial,1.633468,2.234019,0.5442208,0.886465,size.Pterostichus.thunbergi,Carabidae
1907,1907,47,4.3.finalss-87851,abunance.Agrypnus.cordicollis,size.Agrypnus.cordicollis,0.2601894,0.1944079,1,0.000836611,FALSE,0.2658583,abundance affects trait,3.63575,0.7209302,0.8139535,0.06604655,7.699544,43,Terrestrial,1.633468,0.560594,-0.9542425,0.886465,size.Agrypnus.cordicollis,Elateridae
1908,1908,48,4.3.finalss-87851,abunance.Eusilpha.japonica,size.Eusilpha.japonica,0.6361849,0.005065373,1,0.000836611,TRUE,0.6500459,abundance affects trait,53.23231,0.7209302,0.8139535,0.06604655,7.699544,43,Terrestrial,1.633468,1.726175,-0.3258536,0.886465,size.Eusilpha.japonica,Silphidae
1909,1909,49,4.3.finalss-87851,abunance.Harpalus.laevipes,size.Harpalus.laevipes,0.2306457,0.2917114,0.9285715,0.001981735,FALSE,0.2356709,abundance affects trait,1.913795,0.7209302,0.8139535,0.06604655,7.699544,43,Terrestrial,1.633468,0.2818955,-0.9542425,0.886465,size.Harpalus.laevipes,Carabidae
1910,1910,50,4.3.finalss-87851,abunance.Pterostichus.subovatus,size.Pterostichus.subovatus,0.2737191,0.2286266,0.8571429,0.00443399,FALSE,0.2796829,abundance affects trait,9.172795,0.7209302,0.8139535,0.06604655,7.699544,43,Terrestrial,1.633468,0.9625017,-0.5185139,0.886465,size.Pterostichus.subovatus,Carabidae
1911,1911,51,4.3.finalss-87851,abunance.Aleochara.sp,size.Aleochara.sp,0.2724947,0.1673491,1,0.000836611,FALSE,0.2784317,abundance affects trait,0.5089318,0.7209302,0.8139535,0.06604655,7.699544,43,Terrestrial,1.633468,-0.2933404,-0.7533277,0.886465,size.Aleochara.sp,Staphylinidae
1912,1912,52,4.3.finalss-87851,abunance.Carabus.albrechti,size.Carabus.albrechti,0.3325409,0.2269442,0.7857143,0.009374738,FALSE,0.3397862,abundance affects trait,61.536,0.7209302,0.8139535,0.06604655,7.699544,43,Terrestrial,1.633468,1.789129,-0.4771213,0.886465,size.Carabus.albrechti,Carabidae
1913,1913,53,4.3.finalss-87851,abunance.Scolytidae.,size.Scolytidae.,0.3575557,0.0891738,1,0.000836611,FALSE,0.365346,abundance affects trait,0.007068182,0.7209302,0.8139535,0.06604655,7.699544,43,Terrestrial,1.633468,-2.150692,0.2080231,0.886465,size.Scolytidae.,Curculionidae
1914,1914,54,4.3.finalss-87851,abunance.Tachinus.mimulus,size.Tachinus.mimulus,0.1600351,0.3790916,0.6428572,0.03544796,FALSE,0.1635219,abundance affects trait,0.05217045,0.7209302,0.8139535,0.06604655,7.699544,43,Terrestrial,1.633468,-1.282575,-0.90309,0.886465,size.Tachinus.mimulus,Staphylinidae
1915,1915,55,4.3.finalss-87851,abunance.Mimela.sp,size.Mimela.sp,0.261931,0.1803803,0.8888889,0.001229405,FALSE,0.2676379,abundance affects trait,1.257682,0.7209302,0.8139535,0.06604655,7.699544,43,Terrestrial,1.633468,0.09957078,-0.8016323,0.886465,size.Mimela.sp,Scarabaeidae
1916,1916,56,4.3.finalss-87851,abunance.Bolitobius.setiger,size.Bolitobius.setiger,0.3899288,0.1225094,1,0.000836611,FALSE,0.3984244,abundance affects trait,0.2492727,0.7209302,0.8139535,0.06604655,7.699544,43,Terrestrial,1.633468,-0.6033252,-0.8016323,0.886465,size.Bolitobius.setiger,Tachyporinae
1917,1917,57,4.3.finalss-87851,abunance.Synuchus.cycloderus,size.Synuchus.cycloderus,0.2806218,0.09584578,1,0.000836611,FALSE,0.2867359,abundance affects trait,18.076,0.7209302,0.8139535,0.06604655,7.699544,43,Terrestrial,1.633468,1.257102,-0.2284793,0.886465,size.Synuchus.cycloderus,Carabidae
1918,1918,58,4.3.finalss-87851,abunance.Sphaeridiinae.,size.Sphaeridiinae.,0.2582743,0.1848995,1,0.000836611,FALSE,0.2639015,abundance affects trait,0.03856818,0.7209302,0.8139535,0.06604655,7.699544,43,Terrestrial,1.633468,-1.413771,-0.9542425,0.886465,size.Sphaeridiinae.,Sphaeridiinae
1919,1919,59,4.3.finalss-87851,abunance.Synuchus.melantho,size.Synuchus.melantho,0.02374634,0.4743094,0.1428571,0.710523,FALSE,0.02426371,abundance affects trait,1.464455,0.7209302,0.8139535,0.06604655,7.699544,43,Terrestrial,1.633468,0.1656759,-0.9542425,0.886465,size.Synuchus.melantho,Carabidae
1920,1920,60,4.3.finalss-87851,abunance.Agelasa.nigriceps,size.Agelasa.nigriceps,0.2160912,0.1600956,0.9819806,0.001188755,FALSE,0.2207994,abundance affects trait,0.4196136,0.7209302,0.8139535,0.06604655,7.699544,43,Terrestrial,1.633468,-0.3771504,-0.9542425,0.886465,size.Agelasa.nigriceps,Chrysomelidae
1921,1921,61,4.3.finalss-87851,abunance.Physoronia.japonicus,size.Physoronia.japonicus,0.0145253,0.4737802,0.8017837,0.01481485,FALSE,0.01484177,abundance affects trait,0.1372045,0.7209302,0.8139535,0.06604655,7.699544,43,Terrestrial,1.633468,-0.8626315,0.2080231,0.886465,size.Physoronia.japonicus,Staphylinidae
1922,1922,62,4.3.finalss-87851,abunance.Carabidae.,size.Carabidae.,0,0.5,1,1,FALSE,0,abundance affects trait,0.01240909,0.7209302,0.8139535,0.06604655,7.699544,43,Terrestrial,1.633468,-1.90626,0.2080231,0.886465,size.Carabidae.,Carabidae
1923,1923,63,4.3.finalss-87851,abunance.Aleocharinae.,size.Aleocharinae.,0.6230426,0.002847161,1,0.000836611,TRUE,0.6366172,abundance affects trait,0.4093636,0.7209302,0.8139535,0.06604655,7.699544,43,Terrestrial,1.633468,-0.3878907,-0.3756636,0.886465,size.Aleocharinae.,Staphylinidae
1924,1924,64,4.3.finalss-87851,abunance.Platydracus.sharpi,size.Platydracus.sharpi,0.3057976,0.1245952,0.9444444,0.000580668,FALSE,0.3124602,abundance affects trait,7.669955,0.7209302,0.8139535,0.06604655,7.699544,43,Terrestrial,1.633468,0.8847928,-0.7346856,0.886465,size.Platydracus.sharpi,Staphylinidae
1925,1925,65,4.3.finalss-87851,abunance.Staphylinidae.,size.Staphylinidae.,0.1982867,0.2421253,1,0.000836611,FALSE,0.202607,abundance affects trait,0.1089318,0.7209302,0.8139535,0.06604655,7.699544,43,Terrestrial,1.633468,-0.9628452,-0.6232493,0.886465,size.Staphylinidae.,Staphylinidae
1926,1926,66,4.3.finalss-87851,abunance.Hylobius.haroldi,size.Hylobius.haroldi,0.2722442,0.2220042,0.9285715,0.001981735,FALSE,0.2781758,abundance affects trait,3.84075,0.7209302,0.8139535,0.06604655,7.699544,43,Terrestrial,1.633468,0.584416,-0.9542425,0.886465,size.Hylobius.haroldi,Curculionidae
1927,1927,67,4.3.finalss-87851,abunance.Leistus.niger,size.Leistus.niger,0.4835395,0.05738631,1,0.000836611,FALSE,0.4940747,abundance affects trait,1.974818,0.7209302,0.8139535,0.06604655,7.699544,43,Terrestrial,1.633468,0.2955271,-0.6766936,0.886465,size.Leistus.niger,Carabidae
1928,1928,68,4.3.finalss-87851,abunance.Platydracus.brachycerus,size.Platydracus.brachycerus,0.3871758,0.07326449,1,0.002666712,FALSE,0.3956115,abundance affects trait,1.618795,0.7209302,0.8139535,0.06604655,7.699544,43,Terrestrial,1.633468,0.209192,-0.9542425,0.886465,size.Platydracus.brachycerus,Staphylinidae
1929,1929,69,4.3.finalss-87851,abunance.Dendroxena.sexcarinata,size.Dendroxena.sexcarinata,0.1966031,0.297083,0.8571429,0.00443399,FALSE,0.2008866,abundance affects trait,8.136159,0.7209302,0.8139535,0.06604655,7.699544,43,Terrestrial,1.633468,0.9104194,-0.8016323,0.886465,size.Dendroxena.sexcarinata,Silphidae
1930,1930,70,4.3.finalss-87851,abunance.Niphades.variegatus,size.Niphades.variegatus,0.3617201,0.06512592,1,0.000836611,FALSE,0.3696011,abundance affects trait,0.9108182,0.7209302,0.8139535,0.06604655,7.699544,43,Terrestrial,1.633468,-0.04056831,0.2080231,0.886465,size.Niphades.variegatus,Curculionidae
1931,1931,71,4.3.finalss-87851,abunance.Platydracus.brevicornis,size.Platydracus.brevicornis,0.2205872,0.2546205,0.8571429,0.00443399,FALSE,0.2253933,abundance affects trait,2.783773,0.7209302,0.8139535,0.06604655,7.699544,43,Terrestrial,1.633468,0.4446338,-0.8573325,0.886465,size.Platydracus.brevicornis,Staphylinidae
1932,1932,72,4.3.finalss-87851,abunance.Anisodactylus.tricuspidatus,size.Anisodactylus.tricuspidatus,0.1790556,0.2072041,0.5714286,0.06348658,FALSE,0.1829568,abundance affects trait,1.061409,0.7209302,0.8139535,0.06604655,7.699544,43,Terrestrial,1.633468,0.0258828,0.2080231,0.886465,size.Anisodactylus.tricuspidatus,Carabidae
1933,1933,73,4.3.finalss-87851,abunance.Gonocephalum.sp,size.Gonocephalum.sp,0.1788931,0.2073294,0.5714286,0.06348658,FALSE,0.1827907,abundance affects trait,1.993568,0.7209302,0.8139535,0.06604655,7.699544,43,Terrestrial,1.633468,0.2996311,0.2080231,0.886465,size.Gonocephalum.sp,Tenebrionidae
1934,1934,74,4.3.finalss-87851,abunance.Aesalus.asiaticus,size.Aesalus.asiaticus,0.1793289,0.2068189,0.5714286,0.06348658,FALSE,0.183236,abundance affects trait,0.2371591,0.7209302,0.8139535,0.06604655,7.699544,43,Terrestrial,1.633468,-0.6249602,0.2080231,0.886465,size.Aesalus.asiaticus,Lucanidae
1935,1935,75,4.3.finalss-87851,abunance.Calosoma.inquisitor,size.Calosoma.inquisitor,0.579187,0.006907062,1,0.000836611,TRUE,0.5918062,abundance affects trait,8.478273,0.7209302,0.8139535,0.06604655,7.699544,43,Terrestrial,1.633468,0.9283074,0.2080231,0.886465,size.Calosoma.inquisitor,Carabidae
1936,1936,76,4.3.finalss-87851,abunance.Carabus.gehinii,size.Carabus.gehinii,0.475073,0.01679347,1,0.000836611,TRUE,0.4854238,abundance affects trait,17.72148,0.7209302,0.8139535,0.06604655,7.699544,43,Terrestrial,1.633468,1.2485,-0.9542425,0.886465,size.Carabus.gehinii,Carabidae
1937,1937,77,4.3.finalss-87851,abunance.Cholevinae.,size.Cholevinae.,0.2258473,0.1634704,1,0.000836611,FALSE,0.230768,abundance affects trait,0.04190909,0.7209302,0.8139535,0.06604655,7.699544,43,Terrestrial,1.633468,-1.377692,0.3841144,0.886465,size.Cholevinae.,Leiodidae
1938,1938,78,4.3.finalss-87851,abunance.Osorius.angustulus,size.Osorius.angustulus,0.2922443,0.1356162,1,0.000836611,FALSE,0.2986117,abundance affects trait,0.07456818,0.7209302,0.8139535,0.06604655,7.699544,43,Terrestrial,1.633468,-1.127446,0.2080231,0.886465,size.Osorius.angustulus,Staphylinidae
1939,1939,79,4.3.finalss-87851,abunance.Anotylus.sp,size.Anotylus.sp,0.2940915,0.1020076,1,0.000836611,FALSE,0.3004991,abundance affects trait,0.03236364,0.7209302,0.8139535,0.06604655,7.699544,43,Terrestrial,1.633468,-1.489943,0.2080231,0.886465,size.Anotylus.sp,Staphylinidae
1940,1940,80,4.3.finalss-87851,abunance.Agelosus.carinatus,size.Agelosus.carinatus,0.3705346,0.09280952,1,0.000836611,FALSE,0.3786077,abundance affects trait,2.426409,0.7209302,0.8139535,0.06604655,7.699544,43,Terrestrial,1.633468,0.384964,0.2080231,0.886465,size.Agelosus.carinatus,Staphylinidae
1941,1941,81,4.3.finalss-87851,abunance.Ontholestes.gracilis,size.Ontholestes.gracilis,0.2702924,0.123337,0.8571429,0.00443399,FALSE,0.2761815,abundance affects trait,0.9925,0.7209302,0.8139535,0.06604655,7.699544,43,Terrestrial,1.633468,-0.003269485,0.2080231,0.886465,size.Ontholestes.gracilis,Staphylinidae
1942,1942,82,4.3.finalss-87851,abunance.Anatis.halonis,size.Anatis.halonis,0.1073343,0.3128259,0.9092413,0.002769589,FALSE,0.1096729,abundance affects trait,0.4205,0.7209302,0.8139535,0.06604655,7.699544,43,Terrestrial,1.633468,-0.376234,0.2080231,0.886465,size.Anatis.halonis,Coccinellidae
1943,1943,83,4.3.finalss-87851,abunance.Staphylinus.daimio,size.Staphylinus.daimio,0.106822,0.3136575,0.9092413,0.002769589,FALSE,0.1091494,abundance affects trait,1.471568,0.7209302,0.8139535,0.06604655,7.699544,43,Terrestrial,1.633468,0.1677804,0.2080231,0.886465,size.Staphylinus.daimio,Staphylinidae
1944,1944,84,4.3.finalss-87851,abunance.Ischnosoma.sp,size.Ischnosoma.sp,0.4644117,0.03111407,1,0.000836611,TRUE,0.4745301,abundance affects trait,0.01865909,0.7209302,0.8139535,0.06604655,7.699544,43,Terrestrial,1.633468,-1.72911,0.2080231,0.886465,size.Ischnosoma.sp,Staphylinidae
1945,1945,85,4.3.finalss-87851,abunance.Nitidulidae.,size.Nitidulidae.,0.3966394,0.06605407,1,0.000836611,FALSE,0.4052813,abundance affects trait,0.007068182,0.7209302,0.8139535,0.06604655,7.699544,43,Terrestrial,1.633468,-2.150692,0.2080231,0.886465,size.Nitidulidae.,Nitidulidae
1946,1946,86,4.3.finalss-87851,abunance.Algon.grandicollis,size.Algon.grandicollis,0.2090822,0.1683193,1,0.000836611,FALSE,0.2136376,abundance affects trait,0.8691364,0.7209302,0.8139535,0.06604655,7.699544,43,Terrestrial,1.633468,-0.06091208,0.2080231,0.886465,size.Algon.grandicollis,Staphylinidae
1947,1947,1,4.3.finalss-87852,size.Pselaphinae.,abunance.Pselaphinae.,0.6381743,0.1105515,1,0.000836611,FALSE,0.9124912,trait affects abundance,0.08534091,0.8695652,0.7826087,0.06604655,7.699544,46,Terrestrial,1.662758,-1.068843,-0.3316988,0.886465,abunance.Pselaphinae.,Staphylinidae
1948,1948,2,4.3.finalss-87852,size.Pterostichus.microcephalus,abunance.Pterostichus.microcephalus,0.03205107,0.4422895,0.8864052,0.005275846,FALSE,0.04582811,trait affects abundance,2.532705,0.8695652,0.7826087,0.06604655,7.699544,46,Terrestrial,1.662758,0.4035845,-0.69897,0.886465,abunance.Pterostichus.microcephalus,Carabidae
1949,1949,3,4.3.finalss-87852,size.Philonthus.subvarians,abunance.Philonthus.subvarians,0.3310798,0.05965107,1,0.000263214,FALSE,0.4733932,trait affects abundance,0.4943636,0.8695652,0.7826087,0.06604655,7.699544,46,Terrestrial,1.662758,-0.3059535,-0.5642714,0.886465,abunance.Philonthus.subvarians,Staphylinidae
1950,1950,4,4.3.finalss-87852,size.Domene.curtipennis,abunance.Domene.curtipennis,0.3617037,0.04777259,1,0.000836611,TRUE,0.5171808,trait affects abundance,0.1953409,0.8695652,0.7826087,0.06604655,7.699544,46,Terrestrial,1.662758,-0.7092068,-0.8016323,0.886465,abunance.Domene.curtipennis,Staphylinidae
1951,1951,5,4.3.finalss-87852,size.Athetini.,abunance.Athetini.,0.1105505,0.3076253,0.8864052,0.005275846,FALSE,0.1580702,trait affects abundance,0.08298864,0.8695652,0.7826087,0.06604655,7.699544,46,Terrestrial,1.662758,-1.080981,-0.453121,0.886465,abunance.Athetini.,Staphylinidae
1952,1952,6,4.3.finalss-87852,size.Silpha.perforata,abunance.Silpha.perforata,0.4657027,0.0371299,1,0.000836611,TRUE,0.6658834,trait affects abundance,133.9612,0.8695652,0.7826087,0.06604655,7.699544,46,Terrestrial,1.662758,2.126979,0.02088506,0.886465,abunance.Silpha.perforata,Silphidae
1953,1953,7,4.3.finalss-87852,size.Anotylus.latiusculus,abunance.Anotylus.latiusculus,0.1315408,0.2745706,0.7857143,0.009374738,FALSE,0.1880832,trait affects abundance,0.01409091,0.8695652,0.7826087,0.06604655,7.699544,46,Terrestrial,1.662758,-1.851061,-0.3195134,0.886465,abunance.Anotylus.latiusculus,Staphylinidae
1954,1954,8,4.3.finalss-87852,size.Nipponoharpalus.discrepans,abunance.Nipponoharpalus.discrepans,0.1666718,0.223106,0.9285715,0.001981735,FALSE,0.2383151,trait affects abundance,1.951591,0.8695652,0.7826087,0.06604655,7.699544,46,Terrestrial,1.662758,0.2903888,-0.9542425,0.886465,abunance.Nipponoharpalus.discrepans,Carabidae
1955,1955,9,4.3.finalss-87852,size.Carabus.blaptoides,abunance.Carabus.blaptoides,0.2134462,0.1631706,0.9449112,0.002241373,FALSE,0.3051954,trait affects abundance,145.7857,0.8695652,0.7826087,0.06604655,7.699544,46,Terrestrial,1.662758,2.163715,-0.3802112,0.886465,abunance.Carabus.blaptoides,Carabidae
1956,1956,10,4.3.finalss-87852,size.Staphylinus.daimio,abunance.Staphylinus.daimio,0.4136276,0.04111428,0.9285715,0.001981735,TRUE,0.591424,trait affects abundance,48.54872,0.8695652,0.7826087,0.06604655,7.699544,46,Terrestrial,1.662758,1.686178,0.04980136,0.886465,abunance.Staphylinus.daimio,Staphylinidae
1957,1957,11,4.3.finalss-87852,size.Nicrophorus.quadripunctatus,abunance.Nicrophorus.quadripunctatus,0.1810178,0.2036299,0.7857143,0.009374738,FALSE,0.2588277,trait affects abundance,11.04887,0.8695652,0.7826087,0.06604655,7.699544,46,Terrestrial,1.662758,1.043318,-0.6642079,0.886465,abunance.Nicrophorus.quadripunctatus,Silphidae
1958,1958,12,4.3.finalss-87852,size.Synuchus.cycloderus,abunance.Synuchus.cycloderus,0.4197184,0.08186261,0.9444444,0.000580668,FALSE,0.6001329,trait affects abundance,17.557,0.8695652,0.7826087,0.06604655,7.699544,46,Terrestrial,1.662758,1.24445,-0.2724989,0.886465,abunance.Synuchus.cycloderus,Carabidae
1959,1959,13,4.3.finalss-87852,size.Macrodorcas.striatipennis,abunance.Macrodorcas.striatipennis,0.296508,0.08317077,0.9819806,0.001188755,FALSE,0.423961,trait affects abundance,2.832773,0.8695652,0.7826087,0.06604655,7.699544,46,Terrestrial,1.662758,0.4522117,0.2080231,0.886465,abunance.Macrodorcas.striatipennis,Staphylinidae
1960,1960,14,4.3.finalss-87852,size.Aleochara.sp,abunance.Aleochara.sp,0.2871899,0.09045851,0.8571429,0.00443399,FALSE,0.4106374,trait affects abundance,2.717133,0.8695652,0.7826087,0.06604655,7.699544,46,Terrestrial,1.662758,0.4341108,0.05406726,0.886465,abunance.Aleochara.sp,Staphylinidae
1961,1961,15,4.3.finalss-87852,size.Histeridae.,abunance.Histeridae.,0.2895102,0.1630044,0.9285715,0.001981735,FALSE,0.4139552,trait affects abundance,2.173818,0.8695652,0.7826087,0.06604655,7.699544,46,Terrestrial,1.662758,0.3372232,-0.2787536,0.886465,abunance.Histeridae.,Histeridae
1962,1962,16,4.3.finalss-87852,size.Poecilus.samurai,abunance.Poecilus.samurai,0.2035966,0.1749235,1,0.000836611,FALSE,0.2911119,trait affects abundance,4.539705,0.8695652,0.7826087,0.06604655,7.699544,46,Terrestrial,1.662758,0.6570276,-0.9294189,0.886465,abunance.Poecilus.samurai,Carabidae
1963,1963,17,4.3.finalss-87852,size.Carabidae.,abunance.Carabidae.,0.4236286,0.03836015,1,0.000836611,TRUE,0.6057238,trait affects abundance,0.6677576,0.8695652,0.7826087,0.06604655,7.699544,46,Terrestrial,1.662758,-0.1753812,-0.5606673,0.886465,abunance.Carabidae.,Carabidae
1964,1964,18,4.3.finalss-87852,size.Pterostichus.adstrictus,abunance.Pterostichus.adstrictus,0.3500875,0.04895529,1,0.000836611,TRUE,0.5005714,trait affects abundance,6.859068,0.8695652,0.7826087,0.06604655,7.699544,46,Terrestrial,1.662758,0.8362651,-0.5642714,0.886465,abunance.Pterostichus.adstrictus,Carabidae
1965,1965,19,4.3.finalss-87852,size.Carabini.,abunance.Carabini.,0.1219665,0.2894508,0.8864052,0.005275846,FALSE,0.1743934,trait affects abundance,0.45225,0.8695652,0.7826087,0.06604655,7.699544,46,Terrestrial,1.662758,-0.3446214,0.2080231,0.886465,abunance.Carabini.,Carabidae
1966,1966,20,4.3.finalss-87852,size.Calosoma.inquisitor,abunance.Calosoma.inquisitor,0.2947725,0.1027291,1,0.000836611,FALSE,0.4214794,trait affects abundance,25.36142,0.8695652,0.7826087,0.06604655,7.699544,46,Terrestrial,1.662758,1.404174,-0.6419315,0.886465,abunance.Calosoma.inquisitor,Carabidae
1967,1967,21,4.3.finalss-87852,size.Carabus.gehinii,abunance.Carabus.gehinii,0.2569124,0.1183558,1,0.000836611,FALSE,0.3673453,trait affects abundance,21.57939,0.8695652,0.7826087,0.06604655,7.699544,46,Terrestrial,1.662758,1.334039,-0.9542425,0.886465,abunance.Carabus.gehinii,Carabidae
1968,1968,22,4.3.finalss-87852,size.Dendroxena.sexcarinata,abunance.Dendroxena.sexcarinata,0.3541155,0.05251747,1,0.000836611,FALSE,0.5063308,trait affects abundance,7.922879,0.8695652,0.7826087,0.06604655,7.699544,46,Terrestrial,1.662758,0.898883,-0.9542425,0.886465,abunance.Dendroxena.sexcarinata,Silphidae
1969,1969,23,4.3.finalss-87852,size.Elateridae.,abunance.Elateridae.,0.3072943,0.08889524,1,0.000836611,FALSE,0.4393836,trait affects abundance,0.6899773,0.8695652,0.7826087,0.06604655,7.699544,46,Terrestrial,1.662758,-0.1611652,-0.9542425,0.886465,abunance.Elateridae.,Elateridae
1970,1970,24,4.3.finalss-87852,size.Agelosus.carinatus,abunance.Agelosus.carinatus,0.4119556,0.1086355,0.5000001,0.1077623,FALSE,0.5890333,trait affects abundance,4.303091,0.8695652,0.7826087,0.06604655,7.699544,46,Terrestrial,1.662758,0.6337805,-0.8016323,0.886465,abunance.Agelosus.carinatus,Staphylinidae
1971,1971,25,4.3.finalss-87852,size.Cholevinae.,abunance.Cholevinae.,0.3812016,0.1214274,1,0.000836611,FALSE,0.5450597,trait affects abundance,0.1087273,0.8695652,0.7826087,0.06604655,7.699544,46,Terrestrial,1.662758,-0.9636615,-0.5383909,0.886465,abunance.Cholevinae.,Leiodidae
1972,1972,26,4.3.finalss-87852,size.Sandalus.segnis,abunance.Sandalus.segnis,0.09136998,0.4080932,0.2142857,0.5361867,FALSE,0.130645,trait affects abundance,1.873068,0.8695652,0.7826087,0.06604655,7.699544,46,Terrestrial,1.662758,0.2725536,0.2080231,0.886465,abunance.Sandalus.segnis,Rhipiceridae
1973,1973,27,4.3.finalss-87852,size.Domene.crassicornis,abunance.Domene.crassicornis,0.2192129,0.2171913,1,0.000263214,FALSE,0.3134408,trait affects abundance,0.3016818,0.8695652,0.7826087,0.06604655,7.699544,46,Terrestrial,1.662758,-0.5204509,-0.9542425,0.886465,abunance.Domene.crassicornis,Staphylinidae
1974,1974,28,4.3.finalss-87852,size.Holotrichia.picea,abunance.Holotrichia.picea,0.4543181,0.034023,1,0.000836611,TRUE,0.6496051,trait affects abundance,10.63691,0.8695652,0.7826087,0.06604655,7.699544,46,Terrestrial,1.662758,1.026815,-0.9542425,0.886465,abunance.Holotrichia.picea,Scarabaeidae
1975,1975,29,4.3.finalss-87852,size.Rugilus.sp,abunance.Rugilus.sp,0.1999066,0.1794482,0.8571429,0.00443399,FALSE,0.2858357,trait affects abundance,0.02159091,0.8695652,0.7826087,0.06604655,7.699544,46,Terrestrial,1.662758,-1.665729,0.2080231,0.886465,abunance.Rugilus.sp,Staphylinidae
1976,1976,30,4.3.finalss-87852,size.Tachyporinae.,abunance.Tachyporinae.,0.1964345,0.1837657,0.7857143,0.009374738,FALSE,0.2808712,trait affects abundance,0.05961364,0.8695652,0.7826087,0.06604655,7.699544,46,Terrestrial,1.662758,-1.224654,0.2080231,0.886465,abunance.Tachyporinae.,Staphylinidae
1977,1977,31,4.3.finalss-87852,size.Lordithon.sp,abunance.Lordithon.sp,0.1656455,0.2551103,0.7857143,0.009374738,FALSE,0.2368476,trait affects abundance,0.19675,0.8695652,0.7826087,0.06604655,7.699544,46,Terrestrial,1.662758,-0.7060853,-0.60206,0.886465,abunance.Lordithon.sp,Staphylinidae
1978,1978,32,4.3.finalss-87852,size.Anisolinus.elegans,abunance.Anisolinus.elegans,0.2153722,0.176646,0.1428571,0.710523,FALSE,0.3079491,trait affects abundance,0.6264318,0.8695652,0.7826087,0.06604655,7.699544,46,Terrestrial,1.662758,-0.2031262,-0.9542425,0.886465,abunance.Anisolinus.elegans,Staphylinidae
1979,1979,33,4.3.finalss-87852,size.Curculionidae.,abunance.Curculionidae.,0.2803534,0.09675872,0.9285715,0.001981735,FALSE,0.4008624,trait affects abundance,0.2061818,0.8695652,0.7826087,0.06604655,7.699544,46,Terrestrial,1.662758,-0.6857496,0.2080231,0.886465,abunance.Curculionidae.,Curculionidae
1980,1980,34,4.3.finalss-87852,size.Homalota.sp,abunance.Homalota.sp,0.2501626,0.123592,0.9092413,0.002769589,FALSE,0.3576941,trait affects abundance,0.01577273,0.8695652,0.7826087,0.06604655,7.699544,46,Terrestrial,1.662758,-1.802093,-0.7781513,0.886465,abunance.Homalota.sp,Staphylinidae
1981,1981,35,4.3.finalss-87852,size.Meloe.menoko,abunance.Meloe.menoko,0.3235419,0.06432025,1,0.000836611,FALSE,0.4626152,trait affects abundance,5.556432,0.8695652,0.7826087,0.06604655,7.699544,46,Terrestrial,1.662758,0.744796,0.2080231,0.886465,abunance.Meloe.menoko,Meloidae
1982,1982,36,4.3.finalss-87852,size.Aleocharinae.,abunance.Aleocharinae.,0.2602983,0.1746755,1,0.000836611,FALSE,0.3721866,trait affects abundance,0.05277273,0.8695652,0.7826087,0.06604655,7.699544,46,Terrestrial,1.662758,-1.27759,-0.3756636,0.886465,abunance.Aleocharinae.,Staphylinidae
1983,1983,37,4.3.finalss-87852,size.Tachinus.sp3,abunance.Tachinus.sp3,0.3036868,0.132386,1,0.000836611,FALSE,0.4342255,trait affects abundance,0.1782273,0.8695652,0.7826087,0.06604655,7.699544,46,Terrestrial,1.662758,-0.7490258,-0.7533277,0.886465,abunance.Tachinus.sp3,Staphylinidae
1984,1984,38,4.3.finalss-87852,size.Ischnosoma.sp,abunance.Ischnosoma.sp,0.3014416,0.1326255,1,0.000836611,FALSE,0.4310152,trait affects abundance,0.02647727,0.8695652,0.7826087,0.06604655,7.699544,46,Terrestrial,1.662758,-1.577127,0.2080231,0.886465,abunance.Ischnosoma.sp,Staphylinidae
1985,1985,39,4.3.finalss-87852,size.Harpalus.laevipes,abunance.Harpalus.laevipes,0.3078613,0.07484519,0.9449112,0.002241373,FALSE,0.4401944,trait affects abundance,1.115568,0.8695652,0.7826087,0.06604655,7.699544,46,Terrestrial,1.662758,0.04749612,0.2080231,0.886465,abunance.Harpalus.laevipes,Carabidae
1986,1986,40,4.3.finalss-87852,size.Hesperus.tiro,abunance.Hesperus.tiro,0.06558707,0.3830863,0.7237468,0.05727935,FALSE,0.09377944,trait affects abundance,0.05225,0.8695652,0.7826087,0.06604655,7.699544,46,Terrestrial,1.662758,-1.281914,0.2080231,0.886465,abunance.Hesperus.tiro,Staphylinidae
1987,1987,41,4.3.finalss-87852,size.Agrypnus.cordicollis,abunance.Agrypnus.cordicollis,0.2036142,0.174902,1,0.000836611,FALSE,0.2911371,trait affects abundance,1.319091,0.8695652,0.7826087,0.06604655,7.699544,46,Terrestrial,1.662758,0.1202747,0.2080231,0.886465,abunance.Agrypnus.cordicollis,Elateridae
1988,1988,42,4.3.finalss-87852,size.Leiodinae.,abunance.Leiodinae.,0.1958609,0.1844846,0.8571429,0.00443399,FALSE,0.2800509,trait affects abundance,0.007840909,0.8695652,0.7826087,0.06604655,7.699544,46,Terrestrial,1.662758,-2.105634,0.2080231,0.886465,abunance.Leiodinae.,Leiodidae
1989,1989,43,4.3.finalss-87852,size.Encyclops.olivacea,abunance.Encyclops.olivacea,0.2275457,0.1471783,0.9258201,0.007680297,FALSE,0.3253555,trait affects abundance,0.06261364,0.8695652,0.7826087,0.06604655,7.699544,46,Terrestrial,1.662758,-1.203331,0.2080231,0.886465,abunance.Encyclops.olivacea,Curculionidae
1990,1990,44,4.3.finalss-87852,size.Phyllobius.sp,abunance.Phyllobius.sp,0.2277521,0.1469516,0.9258201,0.007680297,FALSE,0.3256506,trait affects abundance,0.2289318,0.8695652,0.7826087,0.06604655,7.699544,46,Terrestrial,1.662758,-0.6402938,0.2080231,0.886465,abunance.Phyllobius.sp,Curculionidae
1991,1991,45,4.3.finalss-87852,size.Encaustes.cruenta,abunance.Encaustes.cruenta,0.2242788,0.1507961,0.9819806,0.001188755,FALSE,0.3206842,trait affects abundance,10.84773,0.8695652,0.7826087,0.06604655,7.699544,46,Terrestrial,1.662758,1.035339,0.2080231,0.886465,abunance.Encaustes.cruenta,Erotylidae
1992,1992,46,4.3.finalss-87852,size.Aesalus.asiaticus,abunance.Aesalus.asiaticus,0.08446676,0.350729,0.2142857,0.5361867,FALSE,0.1207745,trait affects abundance,0.2542727,0.8695652,0.7826087,0.06604655,7.699544,46,Terrestrial,1.662758,-0.5947002,0.2080231,0.886465,abunance.Aesalus.asiaticus,Lucanidae
1993,1993,47,4.3.finalss-87852,abunance.Pselaphinae.,size.Pselaphinae.,0.6993758,0.04861286,1,0.000263214,TRUE,1,abundance affects trait,0.08534091,0.8695652,0.7826087,0.06604655,7.699544,46,Terrestrial,1.662758,-1.068843,-0.3316988,0.886465,size.Pselaphinae.,Staphylinidae
1994,1994,48,4.3.finalss-87852,abunance.Pterostichus.microcephalus,size.Pterostichus.microcephalus,0.4075583,0.05148426,1,0.000263214,FALSE,0.5827458,abundance affects trait,2.532705,0.8695652,0.7826087,0.06604655,7.699544,46,Terrestrial,1.662758,0.4035845,-0.69897,0.886465,size.Pterostichus.microcephalus,Carabidae
1995,1995,49,4.3.finalss-87852,abunance.Philonthus.subvarians,size.Philonthus.subvarians,0.5140556,0.02408031,1,0.000836611,TRUE,0.7350206,abundance affects trait,0.4943636,0.8695652,0.7826087,0.06604655,7.699544,46,Terrestrial,1.662758,-0.3059535,-0.5642714,0.886465,size.Philonthus.subvarians,Staphylinidae
1996,1996,50,4.3.finalss-87852,abunance.Domene.curtipennis,size.Domene.curtipennis,0.3452828,0.06513682,1,0.000836611,FALSE,0.4937014,abundance affects trait,0.1953409,0.8695652,0.7826087,0.06604655,7.699544,46,Terrestrial,1.662758,-0.7092068,-0.8016323,0.886465,size.Domene.curtipennis,Staphylinidae
1997,1997,51,4.3.finalss-87852,abunance.Athetini.,size.Athetini.,0.6688961,0.000689236,1,0.000263214,TRUE,0.9564187,abundance affects trait,0.08298864,0.8695652,0.7826087,0.06604655,7.699544,46,Terrestrial,1.662758,-1.080981,-0.453121,0.886465,size.Athetini.,Staphylinidae
1998,1998,52,4.3.finalss-87852,abunance.Silpha.perforata,size.Silpha.perforata,0.3240726,0.06398334,1,0.000263214,FALSE,0.4633741,abundance affects trait,133.9612,0.8695652,0.7826087,0.06604655,7.699544,46,Terrestrial,1.662758,2.126979,0.02088506,0.886465,size.Silpha.perforata,Silphidae
1999,1999,53,4.3.finalss-87852,abunance.Anotylus.latiusculus,size.Anotylus.latiusculus,0.08668959,0.3469783,0.7142858,0.01874113,FALSE,0.1239528,abundance affects trait,0.01409091,0.8695652,0.7826087,0.06604655,7.699544,46,Terrestrial,1.662758,-1.851061,-0.3195134,0.886465,size.Anotylus.latiusculus,Staphylinidae
2000,2000,54,4.3.finalss-87852,abunance.Nipponoharpalus.discrepans,size.Nipponoharpalus.discrepans,0.3801539,0.1503429,1,0.000836611,FALSE,0.5435617,abundance affects trait,1.951591,0.8695652,0.7826087,0.06604655,7.699544,46,Terrestrial,1.662758,0.2903888,-0.9542425,0.886465,size.Nipponoharpalus.discrepans,Carabidae
2001,2001,55,4.3.finalss-87852,abunance.Carabus.blaptoides,size.Carabus.blaptoides,0.1775782,0.2082138,0.9819806,0.001188755,FALSE,0.2539096,abundance affects trait,145.7857,0.8695652,0.7826087,0.06604655,7.699544,46,Terrestrial,1.662758,2.163715,-0.3802112,0.886465,size.Carabus.blaptoides,Carabidae
2002,2002,56,4.3.finalss-87852,abunance.Staphylinus.daimio,size.Staphylinus.daimio,0.3700338,0.1381812,1,0.000836611,FALSE,0.5290916,abundance affects trait,48.54872,0.8695652,0.7826087,0.06604655,7.699544,46,Terrestrial,1.662758,1.686178,0.04980136,0.886465,size.Staphylinus.daimio,Staphylinidae
2003,2003,57,4.3.finalss-87852,abunance.Nicrophorus.quadripunctatus,size.Nicrophorus.quadripunctatus,0.09580578,0.3409664,0.8571429,0.00443399,FALSE,0.1369876,abundance affects trait,11.04887,0.8695652,0.7826087,0.06604655,7.699544,46,Terrestrial,1.662758,1.043318,-0.6642079,0.886465,size.Nicrophorus.quadripunctatus,Silphidae
2004,2004,58,4.3.finalss-87852,abunance.Synuchus.cycloderus,size.Synuchus.cycloderus,0.05656894,0.3988208,0.7142858,0.01874113,FALSE,0.0808849,abundance affects trait,17.557,0.8695652,0.7826087,0.06604655,7.699544,46,Terrestrial,1.662758,1.24445,-0.2724989,0.886465,size.Synuchus.cycloderus,Carabidae
2005,2005,59,4.3.finalss-87852,abunance.Macrodorcas.striatipennis,size.Macrodorcas.striatipennis,0.2726535,0.1673635,1,0.000836611,FALSE,0.3898526,abundance affects trait,2.832773,0.8695652,0.7826087,0.06604655,7.699544,46,Terrestrial,1.662758,0.4522117,0.2080231,0.886465,size.Macrodorcas.striatipennis,Staphylinidae
2006,2006,60,4.3.finalss-87852,abunance.Aleochara.sp,size.Aleochara.sp,0.1462479,0.2524027,0.9574271,0.000662208,FALSE,0.209112,abundance affects trait,2.717133,0.8695652,0.7826087,0.06604655,7.699544,46,Terrestrial,1.662758,0.4341108,0.05406726,0.886465,size.Aleochara.sp,Staphylinidae
2007,2007,61,4.3.finalss-87852,abunance.Histeridae.,size.Histeridae.,0.3889649,0.05959667,1,0.000836611,FALSE,0.5561601,abundance affects trait,2.173818,0.8695652,0.7826087,0.06604655,7.699544,46,Terrestrial,1.662758,0.3372232,-0.2787536,0.886465,size.Histeridae.,Histeridae
2008,2008,62,4.3.finalss-87852,abunance.Poecilus.samurai,size.Poecilus.samurai,0.3147232,0.1584053,1,0.000836611,FALSE,0.4500059,abundance affects trait,4.539705,0.8695652,0.7826087,0.06604655,7.699544,46,Terrestrial,1.662758,0.6570276,-0.9294189,0.886465,size.Poecilus.samurai,Carabidae
2009,2009,63,4.3.finalss-87852,abunance.Carabidae.,size.Carabidae.,0.2611792,0.1869265,1,0.000263214,FALSE,0.3734462,abundance affects trait,0.6677576,0.8695652,0.7826087,0.06604655,7.699544,46,Terrestrial,1.662758,-0.1753812,-0.5606673,0.886465,size.Carabidae.,Carabidae
2010,2010,64,4.3.finalss-87852,abunance.Pterostichus.adstrictus,size.Pterostichus.adstrictus,0.3352165,0.1602779,1,0.000836611,FALSE,0.4793082,abundance affects trait,6.859068,0.8695652,0.7826087,0.06604655,7.699544,46,Terrestrial,1.662758,0.8362651,-0.5642714,0.886465,size.Pterostichus.adstrictus,Carabidae
2011,2011,65,4.3.finalss-87852,abunance.Carabini.,size.Carabini.,0.01248065,0.4774672,0.8017837,0.01481485,FALSE,0.01784542,abundance affects trait,0.45225,0.8695652,0.7826087,0.06604655,7.699544,46,Terrestrial,1.662758,-0.3446214,0.2080231,0.886465,size.Carabini.,Carabidae
2012,2012,66,4.3.finalss-87852,abunance.Calosoma.inquisitor,size.Calosoma.inquisitor,0.290567,0.08776936,0.9449112,0.002241373,FALSE,0.4154662,abundance affects trait,25.36142,0.8695652,0.7826087,0.06604655,7.699544,46,Terrestrial,1.662758,1.404174,-0.6419315,0.886465,size.Calosoma.inquisitor,Carabidae
2013,2013,67,4.3.finalss-87852,abunance.Carabus.gehinii,size.Carabus.gehinii,0.444785,0.04843333,1,0.000836611,TRUE,0.6359743,abundance affects trait,21.57939,0.8695652,0.7826087,0.06604655,7.699544,46,Terrestrial,1.662758,1.334039,-0.9542425,0.886465,size.Carabus.gehinii,Carabidae
2014,2014,68,4.3.finalss-87852,abunance.Dendroxena.sexcarinata,size.Dendroxena.sexcarinata,0.288961,0.1138044,1,0.000263214,FALSE,0.4131699,abundance affects trait,7.922879,0.8695652,0.7826087,0.06604655,7.699544,46,Terrestrial,1.662758,0.898883,-0.9542425,0.886465,size.Dendroxena.sexcarinata,Silphidae
2015,2015,69,4.3.finalss-87852,abunance.Elateridae.,size.Elateridae.,0.3680427,0.1343122,1,0.000263214,FALSE,0.5262445,abundance affects trait,0.6899773,0.8695652,0.7826087,0.06604655,7.699544,46,Terrestrial,1.662758,-0.1611652,-0.9542425,0.886465,size.Elateridae.,Elateridae
2016,2016,70,4.3.finalss-87852,abunance.Agelosus.carinatus,size.Agelosus.carinatus,0.3066365,0.09802604,1,0.000836611,FALSE,0.4384432,abundance affects trait,4.303091,0.8695652,0.7826087,0.06604655,7.699544,46,Terrestrial,1.662758,0.6337805,-0.8016323,0.886465,size.Agelosus.carinatus,Staphylinidae
2017,2017,71,4.3.finalss-87852,abunance.Cholevinae.,size.Cholevinae.,0.3316081,0.08844759,1,0.000836611,FALSE,0.4741487,abundance affects trait,0.1087273,0.8695652,0.7826087,0.06604655,7.699544,46,Terrestrial,1.662758,-0.9636615,-0.5383909,0.886465,size.Cholevinae.,Leiodidae
2018,2018,72,4.3.finalss-87852,abunance.Sandalus.segnis,size.Sandalus.segnis,0.5792188,0.006904076,1,0.000836611,TRUE,0.828194,abundance affects trait,1.873068,0.8695652,0.7826087,0.06604655,7.699544,46,Terrestrial,1.662758,0.2725536,0.2080231,0.886465,size.Sandalus.segnis,Rhipiceridae
2019,2019,73,4.3.finalss-87852,abunance.Domene.crassicornis,size.Domene.crassicornis,0.598378,0.00302549,1,0.000263214,TRUE,0.8555887,abundance affects trait,0.3016818,0.8695652,0.7826087,0.06604655,7.699544,46,Terrestrial,1.662758,-0.5204509,-0.9542425,0.886465,size.Domene.crassicornis,Staphylinidae
2020,2020,74,4.3.finalss-87852,abunance.Holotrichia.picea,size.Holotrichia.picea,0.3266216,0.1274954,1,0.000263214,FALSE,0.4670188,abundance affects trait,10.63691,0.8695652,0.7826087,0.06604655,7.699544,46,Terrestrial,1.662758,1.026815,-0.9542425,0.886465,size.Holotrichia.picea,Scarabaeidae
2021,2021,75,4.3.finalss-87852,abunance.Rugilus.sp,size.Rugilus.sp,0.1799856,0.2056182,0.7142858,0.01874113,FALSE,0.2573518,abundance affects trait,0.02159091,0.8695652,0.7826087,0.06604655,7.699544,46,Terrestrial,1.662758,-1.665729,0.2080231,0.886465,size.Rugilus.sp,Staphylinidae
2022,2022,76,4.3.finalss-87852,abunance.Tachyporinae.,size.Tachyporinae.,0.1800353,0.2067126,0.6428572,0.03544796,FALSE,0.2574228,abundance affects trait,0.05961364,0.8695652,0.7826087,0.06604655,7.699544,46,Terrestrial,1.662758,-1.224654,0.2080231,0.886465,size.Tachyporinae.,Staphylinidae
2023,2023,77,4.3.finalss-87852,abunance.Lordithon.sp,size.Lordithon.sp,0.3456869,0.1141192,1,0.000836611,FALSE,0.4942792,abundance affects trait,0.19675,0.8695652,0.7826087,0.06604655,7.699544,46,Terrestrial,1.662758,-0.7060853,-0.60206,0.886465,size.Lordithon.sp,Staphylinidae
2024,2024,78,4.3.finalss-87852,abunance.Anisolinus.elegans,size.Anisolinus.elegans,0.1560409,0.2381319,0.9819806,0.001188755,FALSE,0.2231146,abundance affects trait,0.6264318,0.8695652,0.7826087,0.06604655,7.699544,46,Terrestrial,1.662758,-0.2031262,-0.9542425,0.886465,size.Anisolinus.elegans,Staphylinidae
2025,2025,79,4.3.finalss-87852,abunance.Curculionidae.,size.Curculionidae.,0.2555275,0.1279892,1,0.000836611,FALSE,0.3653651,abundance affects trait,0.2061818,0.8695652,0.7826087,0.06604655,7.699544,46,Terrestrial,1.662758,-0.6857496,0.2080231,0.886465,size.Curculionidae.,Curculionidae
2026,2026,80,4.3.finalss-87852,abunance.Homalota.sp,size.Homalota.sp,0.2418971,0.1319157,0.9819806,0.001188755,FALSE,0.3458758,abundance affects trait,0.01577273,0.8695652,0.7826087,0.06604655,7.699544,46,Terrestrial,1.662758,-1.802093,-0.7781513,0.886465,size.Homalota.sp,Staphylinidae
2027,2027,81,4.3.finalss-87852,abunance.Meloe.menoko,size.Meloe.menoko,0.4531456,0.03054783,1,0.000836611,TRUE,0.6479286,abundance affects trait,5.556432,0.8695652,0.7826087,0.06604655,7.699544,46,Terrestrial,1.662758,0.744796,0.2080231,0.886465,size.Meloe.menoko,Meloidae
2028,2028,82,4.3.finalss-87852,abunance.Aleocharinae.,size.Aleocharinae.,0.3223789,0.1275936,1,0.000263214,FALSE,0.4609523,abundance affects trait,0.05277273,0.8695652,0.7826087,0.06604655,7.699544,46,Terrestrial,1.662758,-1.27759,-0.3756636,0.886465,size.Aleocharinae.,Staphylinidae
2029,2029,83,4.3.finalss-87852,abunance.Tachinus.sp3,size.Tachinus.sp3,0.592193,0.004503199,1,0.000836611,TRUE,0.8467451,abundance affects trait,0.1782273,0.8695652,0.7826087,0.06604655,7.699544,46,Terrestrial,1.662758,-0.7490258,-0.7533277,0.886465,size.Tachinus.sp3,Staphylinidae
2030,2030,84,4.3.finalss-87852,abunance.Ischnosoma.sp,size.Ischnosoma.sp,0.4641963,0.02538941,1,0.000836611,TRUE,0.6637294,abundance affects trait,0.02647727,0.8695652,0.7826087,0.06604655,7.699544,46,Terrestrial,1.662758,-1.577127,0.2080231,0.886465,size.Ischnosoma.sp,Staphylinidae
2031,2031,85,4.3.finalss-87852,abunance.Harpalus.laevipes,size.Harpalus.laevipes,0.5015114,0.02272286,1,0.000836611,TRUE,0.7170843,abundance affects trait,1.115568,0.8695652,0.7826087,0.06604655,7.699544,46,Terrestrial,1.662758,0.04749612,0.2080231,0.886465,size.Harpalus.laevipes,Carabidae
2032,2032,86,4.3.finalss-87852,abunance.Hesperus.tiro,size.Hesperus.tiro,0.1881003,0.1973639,1,0.000836611,FALSE,0.2689546,abundance affects trait,0.05225,0.8695652,0.7826087,0.06604655,7.699544,46,Terrestrial,1.662758,-1.281914,0.2080231,0.886465,size.Hesperus.tiro,Staphylinidae
2033,2033,87,4.3.finalss-87852,abunance.Agrypnus.cordicollis,size.Agrypnus.cordicollis,0.3146521,0.1584314,1,0.000836611,FALSE,0.4499043,abundance affects trait,1.319091,0.8695652,0.7826087,0.06604655,7.699544,46,Terrestrial,1.662758,0.1202747,0.2080231,0.886465,size.Agrypnus.cordicollis,Elateridae
2034,2034,88,4.3.finalss-87852,abunance.Leiodinae.,size.Leiodinae.,0.172149,0.218281,0.5714286,0.06348658,FALSE,0.2461466,abundance affects trait,0.007840909,0.8695652,0.7826087,0.06604655,7.699544,46,Terrestrial,1.662758,-2.105634,0.2080231,0.886465,size.Leiodinae.,Leiodidae
2035,2035,89,4.3.finalss-87852,abunance.Encyclops.olivacea,size.Encyclops.olivacea,0.2742201,0.1197555,1,0.000836611,FALSE,0.3920926,abundance affects trait,0.06261364,0.8695652,0.7826087,0.06604655,7.699544,46,Terrestrial,1.662758,-1.203331,0.2080231,0.886465,size.Encyclops.olivacea,Curculionidae
2036,2036,90,4.3.finalss-87852,abunance.Phyllobius.sp,size.Phyllobius.sp,0.3192478,0.1077829,1,0.000836611,FALSE,0.4564754,abundance affects trait,0.2289318,0.8695652,0.7826087,0.06604655,7.699544,46,Terrestrial,1.662758,-0.6402938,0.2080231,0.886465,size.Phyllobius.sp,Curculionidae
2037,2037,91,4.3.finalss-87852,abunance.Encaustes.cruenta,size.Encaustes.cruenta,0.1989976,0.1990795,1,0.000836611,FALSE,0.284536,abundance affects trait,10.84773,0.8695652,0.7826087,0.06604655,7.699544,46,Terrestrial,1.662758,1.035339,0.2080231,0.886465,size.Encaustes.cruenta,Erotylidae
2038,2038,92,4.3.finalss-87852,abunance.Aesalus.asiaticus,size.Aesalus.asiaticus,0.2311933,0.1432019,1,0.000836611,FALSE,0.3305709,abundance affects trait,0.2542727,0.8695652,0.7826087,0.06604655,7.699544,46,Terrestrial,1.662758,-0.5947002,0.2080231,0.886465,size.Aesalus.asiaticus,Lucanidae
2039,2039,1,4.3.finalss-87853,size.Coleoptera.,abunance.Coleoptera.,0.4404379,0.05862421,0.9285715,0.001981735,FALSE,0.8080389,trait affects abundance,17.30399,0.8125,0.8541667,0.06604655,7.699544,48,Terrestrial,1.681241,1.238146,-0.1038539,0.886465,abunance.Coleoptera.,Staphylinidae
2040,2040,2,4.3.finalss-87853,size.Proteinus.sp,abunance.Proteinus.sp,0.3151557,0.06981073,1,0.000836611,FALSE,0.5781928,trait affects abundance,0.02506818,0.8125,0.8541667,0.06604655,7.699544,48,Terrestrial,1.681241,-1.600877,-0.06550155,0.886465,abunance.Proteinus.sp,Staphylinidae
2041,2041,3,4.3.finalss-87853,size.Staphylinidae.,abunance.Staphylinidae.,0.1366812,0.266725,0.2857143,0.3864763,FALSE,0.250759,trait affects abundance,0.08122727,0.8125,0.8541667,0.06604655,7.699544,48,Terrestrial,1.681241,-1.090298,-0.06550155,0.886465,abunance.Staphylinidae.,Staphylinidae
2042,2042,4,4.3.finalss-87853,size.Calosoma.inquisitor,abunance.Calosoma.inquisitor,0.4602429,0.032022,1,0.000836611,TRUE,0.8443735,trait affects abundance,37.59786,0.8125,0.8541667,0.06604655,7.699544,48,Terrestrial,1.681241,1.575163,-0.4245922,0.886465,abunance.Calosoma.inquisitor,Carabidae
2043,2043,5,4.3.finalss-87853,size.Athetini.,abunance.Athetini.,0.1861754,0.1968596,0.8571429,0.00443399,FALSE,0.3415622,trait affects abundance,0.1021061,0.8125,0.8541667,0.06604655,7.699544,48,Terrestrial,1.681241,-0.9909485,-0.294781,0.886465,abunance.Athetini.,Staphylinidae
2044,2044,6,4.3.finalss-87853,size.Pselaphinae.,abunance.Pselaphinae.,0.07702592,0.3633788,0.9128709,0.001489162,FALSE,0.1413137,trait affects abundance,0.08485606,0.8125,0.8541667,0.06604655,7.699544,48,Terrestrial,1.681241,-1.071317,-0.1159839,0.886465,abunance.Pselaphinae.,Staphylinidae
2045,2045,7,4.3.finalss-87853,size.Nitidulidae.,abunance.Nitidulidae.,0.2933987,0.08555658,1,0.000836611,FALSE,0.5382769,trait affects abundance,0.03059091,0.8125,0.8541667,0.06604655,7.699544,48,Terrestrial,1.681241,-1.514408,0.2080231,0.886465,abunance.Nitidulidae.,Nitidulidae
2046,2046,8,4.3.finalss-87853,size.Scydmaenidae.,abunance.Scydmaenidae.,0,0.5,1,1,FALSE,0,trait affects abundance,0.003454545,0.8125,0.8541667,0.06604655,7.699544,48,Terrestrial,1.681241,-2.461609,-0.9542425,0.886465,abunance.Scydmaenidae.,Staphylinidae
2047,2047,9,4.3.finalss-87853,size.Silphini.,abunance.Silphini.,0.2463111,0.1274282,1,0.000836611,FALSE,0.4518888,trait affects abundance,32.41555,0.8125,0.8541667,0.06604655,7.699544,48,Terrestrial,1.681241,1.510753,0.004351233,0.886465,abunance.Silphini.,Silphidae
2048,2048,10,4.3.finalss-87853,size.Tachinus.mimulus,abunance.Tachinus.mimulus,0.3811794,0.04956415,1,0.000263214,TRUE,0.6993217,trait affects abundance,0.3592045,0.8125,0.8541667,0.06604655,7.699544,48,Terrestrial,1.681241,-0.4446582,-0.2182889,0.886465,abunance.Tachinus.mimulus,Staphylinidae
2049,2049,11,4.3.finalss-87853,size.Carabus.conciliator,abunance.Carabus.conciliator,0.1004871,0.3580034,0.7857143,0.009374738,FALSE,0.1843563,trait affects abundance,65.73482,0.8125,0.8541667,0.06604655,7.699544,48,Terrestrial,1.681241,1.817795,-0.2388821,0.886465,abunance.Carabus.conciliator,Carabidae
2050,2050,12,4.3.finalss-87853,size.Philonthus.subvarians,abunance.Philonthus.subvarians,0.5153375,0.04165035,1,0.000836611,TRUE,0.9454516,trait affects abundance,1.440765,0.8125,0.8541667,0.06604655,7.699544,48,Terrestrial,1.681241,0.1585932,-0.1893195,0.886465,abunance.Philonthus.subvarians,Staphylinidae
2051,2051,13,4.3.finalss-87853,size.Macrodorcas.striatipennis,abunance.Macrodorcas.striatipennis,0.1200094,0.3557862,0.9285715,0.001981735,FALSE,0.2201724,trait affects abundance,7.487341,0.8125,0.8541667,0.06604655,7.699544,48,Terrestrial,1.681241,0.8743276,-0.9542425,0.886465,abunance.Macrodorcas.striatipennis,Staphylinidae
2052,2052,14,4.3.finalss-87853,size.Aleochara.sp,abunance.Aleochara.sp,0.3952817,0.05821598,1,0.002666712,FALSE,0.725194,trait affects abundance,2.559273,0.8125,0.8541667,0.06604655,7.699544,48,Terrestrial,1.681241,0.4081166,-0.02020339,0.886465,abunance.Aleochara.sp,Staphylinidae
2053,2053,15,4.3.finalss-87853,size.Cholevinae.,abunance.Cholevinae.,0.2443855,0.1527822,1,0.000836611,FALSE,0.448356,trait affects abundance,0.1598636,0.8125,0.8541667,0.06604655,7.699544,48,Terrestrial,1.681241,-0.7962503,-0.455932,0.886465,abunance.Cholevinae.,Leiodidae
2054,2054,16,4.3.finalss-87853,size.Poecilus.samurai,abunance.Poecilus.samurai,0.4068242,0.04005796,1,0.000836611,TRUE,0.7463702,trait affects abundance,5.214523,0.8125,0.8541667,0.06604655,7.699544,48,Terrestrial,1.681241,0.7172146,-0.9542425,0.886465,abunance.Poecilus.samurai,Carabidae
2055,2055,17,4.3.finalss-87853,size.Tachyporinae.,abunance.Tachyporinae.,0.2988569,0.0813988,0.9819806,0.001188755,FALSE,0.5482906,trait affects abundance,0.04588636,0.8125,0.8541667,0.06604655,7.699544,48,Terrestrial,1.681241,-1.338316,0.2080231,0.886465,abunance.Tachyporinae.,Staphylinidae
2056,2056,18,4.3.finalss-87853,size.Histeridae.,abunance.Histeridae.,0.288217,0.1198131,1,0.000263214,FALSE,0.5287704,trait affects abundance,1.847705,0.8125,0.8541667,0.06604655,7.699544,48,Terrestrial,1.681241,0.2666325,-0.39794,0.886465,abunance.Histeridae.,Histeridae
2057,2057,19,4.3.finalss-87853,size.Homalota.sp,abunance.Homalota.sp,0.5216764,0.02876751,1,0.000836611,TRUE,0.957081,trait affects abundance,0.004886364,0.8125,0.8541667,0.06604655,7.699544,48,Terrestrial,1.681241,-2.311014,-0.4336556,0.886465,abunance.Homalota.sp,Staphylinidae
2058,2058,20,4.3.finalss-87853,size.Leistus.niger,abunance.Leistus.niger,0.06799924,0.3789059,0.7237468,0.05727935,FALSE,0.1247532,trait affects abundance,0.4723864,0.8125,0.8541667,0.06604655,7.699544,48,Terrestrial,1.681241,-0.3257026,0.2080231,0.886465,abunance.Leistus.niger,Carabidae
2059,2059,21,4.3.finalss-87853,size.Nicrophorus.quadripunctatus,abunance.Nicrophorus.quadripunctatus,0.2035472,0.1749836,1,0.000836611,FALSE,0.373433,trait affects abundance,1.455545,0.8125,0.8541667,0.06604655,7.699544,48,Terrestrial,1.681241,0.1630258,0.2080231,0.886465,abunance.Nicrophorus.quadripunctatus,Silphidae
2060,2060,22,4.3.finalss-87853,size.Synuchus.cycloderus,abunance.Synuchus.cycloderus,0.3119479,0.08994229,1,0.000836611,FALSE,0.5723078,trait affects abundance,25.13132,0.8125,0.8541667,0.06604655,7.699544,48,Terrestrial,1.681241,1.400215,-0.09448087,0.886465,abunance.Synuchus.cycloderus,Carabidae
2061,2061,23,4.3.finalss-87853,size.Chrysomelidae.,abunance.Chrysomelidae.,0.2346915,0.1394504,0.9449112,0.002241373,FALSE,0.4305712,trait affects abundance,0.05488636,0.8125,0.8541667,0.06604655,7.699544,48,Terrestrial,1.681241,-1.260536,-0.60206,0.886465,abunance.Chrysomelidae.,Chrysomelidae
2062,2062,24,4.3.finalss-87853,size.Aleocharinae.,abunance.Aleocharinae.,0.3260077,0.09811083,1,0.002666712,FALSE,0.5981023,trait affects abundance,0.2195909,0.8125,0.8541667,0.06604655,7.699544,48,Terrestrial,1.681241,-0.6583856,-0.5205869,0.886465,abunance.Aleocharinae.,Staphylinidae
2063,2063,25,4.3.finalss-87853,size.Scaphisomini.,abunance.Scaphisomini.,0.1621647,0.2525654,0.9444444,0.000580668,FALSE,0.2975116,trait affects abundance,0.06125,0.8125,0.8541667,0.06604655,7.699544,48,Terrestrial,1.681241,-1.212894,-0.4973246,0.886465,abunance.Scaphisomini.,Staphylinidae
2064,2064,26,4.3.finalss-87853,size.Anotylus.latiusculus,abunance.Anotylus.latiusculus,0.1541162,0.2415991,0.9047619,0.006863832,FALSE,0.2827455,trait affects abundance,0.05390909,0.8125,0.8541667,0.06604655,7.699544,48,Terrestrial,1.681241,-1.268338,-0.100404,0.886465,abunance.Anotylus.latiusculus,Staphylinidae
2065,2065,27,4.3.finalss-87853,size.Agonum.lampros,abunance.Agonum.lampros,0.529609,0.003875856,0.9285715,0.001981735,TRUE,0.9716343,trait affects abundance,0.2296818,0.8125,0.8541667,0.06604655,7.699544,48,Terrestrial,1.681241,-0.6388734,0.2080231,0.886465,abunance.Agonum.lampros,Carabidae
2066,2066,28,4.3.finalss-87853,size.Platydracus.brachycerus,abunance.Platydracus.brachycerus,0,0.5,1,1,FALSE,0,trait affects abundance,1.602545,0.8125,0.8541667,0.06604655,7.699544,48,Terrestrial,1.681241,0.2048104,-0.9542425,0.886465,abunance.Platydracus.brachycerus,Staphylinidae
2067,2067,29,4.3.finalss-87853,size.Sipalinus.gigas,abunance.Sipalinus.gigas,0.1999961,0.1793376,0.8498366,0.003972292,FALSE,0.3669181,trait affects abundance,11.68623,0.8125,0.8541667,0.06604655,7.699544,48,Terrestrial,1.681241,1.067674,-0.9542425,0.886465,abunance.Sipalinus.gigas,Curculionidae
2068,2068,30,4.3.finalss-87853,size.Harpalus.laevipes,abunance.Harpalus.laevipes,0.4038668,0.02624866,0.9819806,0.001188755,TRUE,0.7409444,trait affects abundance,0.8411591,0.8125,0.8541667,0.06604655,7.699544,48,Terrestrial,1.681241,-0.07512186,0.2080231,0.886465,abunance.Harpalus.laevipes,Carabidae
2069,2069,31,4.3.finalss-87853,size.Carabus.gehinii,abunance.Carabus.gehinii,0.4816727,0.01031271,1,0.000836611,TRUE,0.8836893,trait affects abundance,72.49448,0.8125,0.8541667,0.06604655,7.699544,48,Terrestrial,1.681241,1.860305,-0.5228787,0.886465,abunance.Carabus.gehinii,Carabidae
2070,2070,32,4.3.finalss-87853,size.Lordithon.sp,abunance.Lordithon.sp,0.3772841,0.09480806,0.9285715,0.001981735,FALSE,0.6921751,trait affects abundance,0.2644394,0.8125,0.8541667,0.06604655,7.699544,48,Terrestrial,1.681241,-0.5776738,-0.3881802,0.886465,abunance.Lordithon.sp,Staphylinidae
2071,2071,33,4.3.finalss-87853,size.Anotylus.sp,abunance.Anotylus.sp,0.199251,0.1802589,0.8571429,0.00443399,FALSE,0.3655511,trait affects abundance,0.02015909,0.8125,0.8541667,0.06604655,7.699544,48,Terrestrial,1.681241,-1.695529,0.2080231,0.886465,abunance.Anotylus.sp,Staphylinidae
2072,2072,34,4.3.finalss-87853,size.Meloe.menoko,abunance.Meloe.menoko,0.1823108,0.201921,0.9819806,0.001188755,FALSE,0.3344721,trait affects abundance,10.85577,0.8125,0.8541667,0.06604655,7.699544,48,Terrestrial,1.681241,1.035661,-0.9542425,0.886465,abunance.Meloe.menoko,Meloidae
2073,2073,35,4.3.finalss-87853,size.Paraserica.grisea,abunance.Paraserica.grisea,0.2520699,0.1217198,1,0.000836611,FALSE,0.4624539,trait affects abundance,0.9446136,0.8125,0.8541667,0.06604655,7.699544,48,Terrestrial,1.681241,-0.02474579,-0.9542425,0.886465,abunance.Paraserica.grisea,Passandridae
2074,2074,36,4.3.finalss-87853,size.Heptophylla.picea,abunance.Heptophylla.picea,0.239124,0.1347848,0.9449112,0.002241373,FALSE,0.4387031,trait affects abundance,1.001523,0.8125,0.8541667,0.06604655,7.699544,48,Terrestrial,1.681241,0.000660809,0.2080231,0.886465,abunance.Heptophylla.picea,Passandridae
2075,2075,37,4.3.finalss-87853,size.Osorius.angustulus,abunance.Osorius.angustulus,0.2261437,0.1487245,1,0.000836611,FALSE,0.4148891,trait affects abundance,0.2710606,0.8125,0.8541667,0.06604655,7.699544,48,Terrestrial,1.681241,-0.5669336,-0.7144822,0.886465,abunance.Osorius.angustulus,Staphylinidae
2076,2076,38,4.3.finalss-87853,size.Sphaeridiinae.,abunance.Sphaeridiinae.,0.3049517,0.07692157,0.9449112,0.002241373,FALSE,0.5594723,trait affects abundance,0.006545455,0.8125,0.8541667,0.06604655,7.699544,48,Terrestrial,1.681241,-2.18406,0.2080231,0.886465,abunance.Sphaeridiinae.,Sphaeridiinae
2077,2077,39,4.3.finalss-87853,size.Curculionidae.,abunance.Curculionidae.,0.3077497,0.07492409,0.9449112,0.002241373,FALSE,0.5646056,trait affects abundance,0.2595,0.8125,0.8541667,0.06604655,7.699544,48,Terrestrial,1.681241,-0.5858626,0.2080231,0.886465,abunance.Curculionidae.,Curculionidae
2078,2078,40,4.3.finalss-87853,size.Poecilus.versicolor,abunance.Poecilus.versicolor,0.06810581,0.3787215,0.7237468,0.05727935,FALSE,0.1249487,trait affects abundance,1.304568,0.8125,0.8541667,0.06604655,7.699544,48,Terrestrial,1.681241,0.1154668,0.2080231,0.886465,abunance.Poecilus.versicolor,Carabidae
2079,2079,41,4.3.finalss-87853,size.Domene.crassicornis,abunance.Domene.crassicornis,0.06737253,0.3799908,0.7237468,0.05727935,FALSE,0.1236034,trait affects abundance,0.1711591,0.8125,0.8541667,0.06604655,7.699544,48,Terrestrial,1.681241,-0.7666,0.2080231,0.886465,abunance.Domene.crassicornis,Staphylinidae
2080,2080,42,4.3.finalss-87853,size.Cossoninae.,abunance.Cossoninae.,0.199251,0.1802589,0.8571429,0.00443399,FALSE,0.3655511,trait affects abundance,0.02015909,0.8125,0.8541667,0.06604655,7.699544,48,Terrestrial,1.681241,-1.695529,0.2080231,0.886465,abunance.Cossoninae.,Curculionidae
2081,2081,43,4.3.finalss-87853,size.Calosoma.maximowiczi,abunance.Calosoma.maximowiczi,0.3983355,0.0524443,1,0.000836611,FALSE,0.7307967,trait affects abundance,12.4628,0.8125,0.8541667,0.06604655,7.699544,48,Terrestrial,1.681241,1.095615,0.2080231,0.886465,abunance.Calosoma.maximowiczi,Carabidae
2082,2082,44,4.3.finalss-87853,size.Ischnosoma.sp,abunance.Ischnosoma.sp,0.1706157,0.3494101,0.5000001,0.1077623,FALSE,0.313016,trait affects abundance,0.02502273,0.8125,0.8541667,0.06604655,7.699544,48,Terrestrial,1.681241,-1.601665,0.2080231,0.886465,abunance.Ischnosoma.sp,Staphylinidae
2083,2083,45,4.3.finalss-87853,size.Othius.rufipennis,abunance.Othius.rufipennis,0.1664241,0.3496095,0.5000001,0.1077623,FALSE,0.3053259,trait affects abundance,0.2180682,0.8125,0.8541667,0.06604655,7.699544,48,Terrestrial,1.681241,-0.6614077,0.2080231,0.886465,abunance.Othius.rufipennis,Staphylinidae
2084,2084,46,4.3.finalss-87853,size.Hesperus.tiro,abunance.Hesperus.tiro,0.2276307,0.1470849,0.9258201,0.007680297,FALSE,0.4176173,trait affects abundance,0.3590227,0.8125,0.8541667,0.06604655,7.699544,48,Terrestrial,1.681241,-0.4448781,0.2080231,0.886465,abunance.Hesperus.tiro,Staphylinidae
2085,2085,47,4.3.finalss-87853,size.Leiodinae.,abunance.Leiodinae.,0.233815,0.1403847,1,0.000836611,FALSE,0.428963,trait affects abundance,0.04377273,0.8125,0.8541667,0.06604655,7.699544,48,Terrestrial,1.681241,-1.358796,-0.9542425,0.886465,abunance.Leiodinae.,Leiodidae
2086,2086,48,4.3.finalss-87853,size.Anisodactylus.tricuspidatus,abunance.Anisodactylus.tricuspidatus,0.3490569,0.04949675,1,0.000836611,TRUE,0.6403889,trait affects abundance,1.114727,0.8125,0.8541667,0.06604655,7.699544,48,Terrestrial,1.681241,0.04716863,0.2080231,0.886465,abunance.Anisodactylus.tricuspidatus,Carabidae
2087,2087,49,4.3.finalss-87853,abunance.Coleoptera.,size.Coleoptera.,0.3197263,0.3116768,0.6428572,0.03544796,FALSE,0.5865782,abundance affects trait,17.30399,0.8125,0.8541667,0.06604655,7.699544,48,Terrestrial,1.681241,1.238146,-0.1038539,0.886465,size.Coleoptera.,Staphylinidae
2088,2088,50,4.3.finalss-87853,abunance.Proteinus.sp,size.Proteinus.sp,0.4289334,0.08533212,1,0.000836611,FALSE,0.7869324,abundance affects trait,0.02506818,0.8125,0.8541667,0.06604655,7.699544,48,Terrestrial,1.681241,-1.600877,-0.06550155,0.886465,size.Proteinus.sp,Staphylinidae
2089,2089,51,4.3.finalss-87853,abunance.Staphylinidae.,size.Staphylinidae.,0.2958804,0.1198262,0.7637627,0.01264858,FALSE,0.5428299,abundance affects trait,0.08122727,0.8125,0.8541667,0.06604655,7.699544,48,Terrestrial,1.681241,-1.090298,-0.06550155,0.886465,size.Staphylinidae.,Staphylinidae
2090,2090,52,4.3.finalss-87853,abunance.Calosoma.inquisitor,size.Calosoma.inquisitor,0.3659485,0.08498006,1,0.000263214,FALSE,0.6713786,abundance affects trait,37.59786,0.8125,0.8541667,0.06604655,7.699544,48,Terrestrial,1.681241,1.575163,-0.4245922,0.886465,size.Calosoma.inquisitor,Carabidae
2091,2091,53,4.3.finalss-87853,abunance.Athetini.,size.Athetini.,0.3670176,0.1134459,0.9285715,0.001981735,FALSE,0.67334,abundance affects trait,0.1021061,0.8125,0.8541667,0.06604655,7.699544,48,Terrestrial,1.681241,-0.9909485,-0.294781,0.886465,size.Athetini.,Staphylinidae
2092,2092,54,4.3.finalss-87853,abunance.Pselaphinae.,size.Pselaphinae.,0.201378,0.1839038,1,0.000836611,FALSE,0.3694532,abundance affects trait,0.08485606,0.8125,0.8541667,0.06604655,7.699544,48,Terrestrial,1.681241,-1.071317,-0.1159839,0.886465,size.Pselaphinae.,Staphylinidae
2093,2093,55,4.3.finalss-87853,abunance.Nitidulidae.,size.Nitidulidae.,0.3484345,0.2230983,0.8333333,0.002498984,FALSE,0.639247,abundance affects trait,0.03059091,0.8125,0.8541667,0.06604655,7.699544,48,Terrestrial,1.681241,-1.514408,0.2080231,0.886465,size.Nitidulidae.,Nitidulidae
2094,2094,56,4.3.finalss-87853,abunance.Scydmaenidae.,size.Scydmaenidae.,0.3899124,0.03482076,1,0.000836611,TRUE,0.7153434,abundance affects trait,0.003454545,0.8125,0.8541667,0.06604655,7.699544,48,Terrestrial,1.681241,-2.461609,-0.9542425,0.886465,size.Scydmaenidae.,Staphylinidae
2095,2095,57,4.3.finalss-87853,abunance.Silphini.,size.Silphini.,0.1567551,0.3407161,0.7777778,0.004878521,FALSE,0.287587,abundance affects trait,32.41555,0.8125,0.8541667,0.06604655,7.699544,48,Terrestrial,1.681241,1.510753,0.004351233,0.886465,size.Silphini.,Silphidae
2096,2096,58,4.3.finalss-87853,abunance.Tachinus.mimulus,size.Tachinus.mimulus,0.3751045,0.1165686,1,0.000836611,FALSE,0.6881765,abundance affects trait,0.3592045,0.8125,0.8541667,0.06604655,7.699544,48,Terrestrial,1.681241,-0.4446582,-0.2182889,0.886465,size.Tachinus.mimulus,Staphylinidae
2097,2097,59,4.3.finalss-87853,abunance.Carabus.conciliator,size.Carabus.conciliator,0.2690614,0.1058377,0.9449112,0.002241373,FALSE,0.4936271,abundance affects trait,65.73482,0.8125,0.8541667,0.06604655,7.699544,48,Terrestrial,1.681241,1.817795,-0.2388821,0.886465,size.Carabus.conciliator,Carabidae
2098,2098,60,4.3.finalss-87853,abunance.Philonthus.subvarians,size.Philonthus.subvarians,0.314062,0.1591311,0.9285715,0.001981735,FALSE,0.5761864,abundance affects trait,1.440765,0.8125,0.8541667,0.06604655,7.699544,48,Terrestrial,1.681241,0.1585932,-0.1893195,0.886465,size.Philonthus.subvarians,Staphylinidae
2099,2099,61,4.3.finalss-87853,abunance.Macrodorcas.striatipennis,size.Macrodorcas.striatipennis,0.2198766,0.3199169,0.9285715,0.001981735,FALSE,0.4033914,abundance affects trait,7.487341,0.8125,0.8541667,0.06604655,7.699544,48,Terrestrial,1.681241,0.8743276,-0.9542425,0.886465,size.Macrodorcas.striatipennis,Staphylinidae
2100,2100,62,4.3.finalss-87853,abunance.Aleochara.sp,size.Aleochara.sp,0.298767,0.08146611,1,0.000836611,FALSE,0.5481257,abundance affects trait,2.559273,0.8125,0.8541667,0.06604655,7.699544,48,Terrestrial,1.681241,0.4081166,-0.02020339,0.886465,size.Aleochara.sp,Staphylinidae
2101,2101,63,4.3.finalss-87853,abunance.Cholevinae.,size.Cholevinae.,0.4539213,0.01331544,1,0.000836611,TRUE,0.8327758,abundance affects trait,0.1598636,0.8125,0.8541667,0.06604655,7.699544,48,Terrestrial,1.681241,-0.7962503,-0.455932,0.886465,size.Cholevinae.,Leiodidae
2102,2102,64,4.3.finalss-87853,abunance.Poecilus.samurai,size.Poecilus.samurai,0.1746321,0.3573723,0.5714286,0.06348658,FALSE,0.3203845,abundance affects trait,5.214523,0.8125,0.8541667,0.06604655,7.699544,48,Terrestrial,1.681241,0.7172146,-0.9542425,0.886465,size.Poecilus.samurai,Carabidae
2103,2103,65,4.3.finalss-87853,abunance.Tachyporinae.,size.Tachyporinae.,0.2785175,0.1597166,1,0.000836611,FALSE,0.5109754,abundance affects trait,0.04588636,0.8125,0.8541667,0.06604655,7.699544,48,Terrestrial,1.681241,-1.338316,0.2080231,0.886465,size.Tachyporinae.,Staphylinidae
2104,2104,66,4.3.finalss-87853,abunance.Histeridae.,size.Histeridae.,0.4393768,0.01678645,1,0.000836611,TRUE,0.806092,abundance affects trait,1.847705,0.8125,0.8541667,0.06604655,7.699544,48,Terrestrial,1.681241,0.2666325,-0.39794,0.886465,size.Histeridae.,Histeridae
2105,2105,67,4.3.finalss-87853,abunance.Homalota.sp,size.Homalota.sp,0.2744144,0.1687965,1,0.000836611,FALSE,0.5034478,abundance affects trait,0.004886364,0.8125,0.8541667,0.06604655,7.699544,48,Terrestrial,1.681241,-2.311014,-0.4336556,0.886465,size.Homalota.sp,Staphylinidae
2106,2106,68,4.3.finalss-87853,abunance.Leistus.niger,size.Leistus.niger,0.3081661,0.1119055,1,0.000836611,FALSE,0.5653695,abundance affects trait,0.4723864,0.8125,0.8541667,0.06604655,7.699544,48,Terrestrial,1.681241,-0.3257026,0.2080231,0.886465,size.Leistus.niger,Carabidae
2107,2107,69,4.3.finalss-87853,abunance.Nicrophorus.quadripunctatus,size.Nicrophorus.quadripunctatus,0.3146924,0.1584061,1,0.000836611,FALSE,0.5773429,abundance affects trait,1.455545,0.8125,0.8541667,0.06604655,7.699544,48,Terrestrial,1.681241,0.1630258,0.2080231,0.886465,size.Nicrophorus.quadripunctatus,Silphidae
2108,2108,70,4.3.finalss-87853,abunance.Synuchus.cycloderus,size.Synuchus.cycloderus,0.4182981,0.1338562,0.9444444,0.000580668,FALSE,0.7674206,abundance affects trait,25.13132,0.8125,0.8541667,0.06604655,7.699544,48,Terrestrial,1.681241,1.400215,-0.09448087,0.886465,size.Synuchus.cycloderus,Carabidae
2109,2109,71,4.3.finalss-87853,abunance.Chrysomelidae.,size.Chrysomelidae.,0.5450702,0.007538454,1,0.000836611,TRUE,1,abundance affects trait,0.05488636,0.8125,0.8541667,0.06604655,7.699544,48,Terrestrial,1.681241,-1.260536,-0.60206,0.886465,size.Chrysomelidae.,Chrysomelidae
2110,2110,72,4.3.finalss-87853,abunance.Aleocharinae.,size.Aleocharinae.,0.3851806,0.09932208,1,0.002666712,FALSE,0.7066624,abundance affects trait,0.2195909,0.8125,0.8541667,0.06604655,7.699544,48,Terrestrial,1.681241,-0.6583856,-0.5205869,0.886465,size.Aleocharinae.,Staphylinidae
2111,2111,73,4.3.finalss-87853,abunance.Scaphisomini.,size.Scaphisomini.,0.3591179,0.1014362,1,0.000836611,FALSE,0.658847,abundance affects trait,0.06125,0.8125,0.8541667,0.06604655,7.699544,48,Terrestrial,1.681241,-1.212894,-0.4973246,0.886465,size.Scaphisomini.,Staphylinidae
2112,2112,74,4.3.finalss-87853,abunance.Anotylus.latiusculus,size.Anotylus.latiusculus,0.3286296,0.0828117,1,0.000836611,FALSE,0.6029124,abundance affects trait,0.05390909,0.8125,0.8541667,0.06604655,7.699544,48,Terrestrial,1.681241,-1.268338,-0.100404,0.886465,size.Anotylus.latiusculus,Staphylinidae
2113,2113,75,4.3.finalss-87853,abunance.Agonum.lampros,size.Agonum.lampros,0.2885436,0.08937399,0.9444444,0.000580668,FALSE,0.5293696,abundance affects trait,0.2296818,0.8125,0.8541667,0.06604655,7.699544,48,Terrestrial,1.681241,-0.6388734,0.2080231,0.886465,size.Agonum.lampros,Carabidae
2114,2114,76,4.3.finalss-87853,abunance.Platydracus.brachycerus,size.Platydracus.brachycerus,0.2627264,0.1369957,1,0.000836611,FALSE,0.4820047,abundance affects trait,1.602545,0.8125,0.8541667,0.06604655,7.699544,48,Terrestrial,1.681241,0.2048104,-0.9542425,0.886465,size.Platydracus.brachycerus,Staphylinidae
2115,2115,77,4.3.finalss-87853,abunance.Sipalinus.gigas,size.Sipalinus.gigas,0.232087,0.1422376,0.9819806,0.001188755,FALSE,0.4257929,abundance affects trait,11.68623,0.8125,0.8541667,0.06604655,7.699544,48,Terrestrial,1.681241,1.067674,-0.9542425,0.886465,size.Sipalinus.gigas,Curculionidae
2116,2116,78,4.3.finalss-87853,abunance.Harpalus.laevipes,size.Harpalus.laevipes,0.3617407,0.06510618,1,0.000836611,FALSE,0.6636589,abundance affects trait,0.8411591,0.8125,0.8541667,0.06604655,7.699544,48,Terrestrial,1.681241,-0.07512186,0.2080231,0.886465,size.Harpalus.laevipes,Carabidae
2117,2117,79,4.3.finalss-87853,abunance.Carabus.gehinii,size.Carabus.gehinii,0.4205759,0.03023764,1,0.000263214,TRUE,0.7715996,abundance affects trait,72.49448,0.8125,0.8541667,0.06604655,7.699544,48,Terrestrial,1.681241,1.860305,-0.5228787,0.886465,size.Carabus.gehinii,Carabidae
2118,2118,80,4.3.finalss-87853,abunance.Lordithon.sp,size.Lordithon.sp,0.2810835,0.11364,1,0.000836611,FALSE,0.5156832,abundance affects trait,0.2644394,0.8125,0.8541667,0.06604655,7.699544,48,Terrestrial,1.681241,-0.5776738,-0.3881802,0.886465,size.Lordithon.sp,Staphylinidae
2119,2119,81,4.3.finalss-87853,abunance.Anotylus.sp,size.Anotylus.sp,0.1765444,0.2096022,0.5714286,0.06348658,FALSE,0.323893,abundance affects trait,0.02015909,0.8125,0.8541667,0.06604655,7.699544,48,Terrestrial,1.681241,-1.695529,0.2080231,0.886465,size.Anotylus.sp,Staphylinidae
2120,2120,82,4.3.finalss-87853,abunance.Meloe.menoko,size.Meloe.menoko,0.3059754,0.1253147,1,0.000836611,FALSE,0.5613505,abundance affects trait,10.85577,0.8125,0.8541667,0.06604655,7.699544,48,Terrestrial,1.681241,1.035661,-0.9542425,0.886465,size.Meloe.menoko,Meloidae
2121,2121,83,4.3.finalss-87853,abunance.Paraserica.grisea,size.Paraserica.grisea,0.2568946,0.1558393,0.9285715,0.001981735,FALSE,0.4713055,abundance affects trait,0.9446136,0.8125,0.8541667,0.06604655,7.699544,48,Terrestrial,1.681241,-0.02474579,-0.9542425,0.886465,size.Paraserica.grisea,Passandridae
2122,2122,84,4.3.finalss-87853,abunance.Heptophylla.picea,size.Heptophylla.picea,0.3137842,0.07073879,1,0.000836611,FALSE,0.5756766,abundance affects trait,1.001523,0.8125,0.8541667,0.06604655,7.699544,48,Terrestrial,1.681241,0.000660809,0.2080231,0.886465,size.Heptophylla.picea,Passandridae
2123,2123,85,4.3.finalss-87853,abunance.Osorius.angustulus,size.Osorius.angustulus,0.2639211,0.1104914,1,0.000836611,FALSE,0.4841966,abundance affects trait,0.2710606,0.8125,0.8541667,0.06604655,7.699544,48,Terrestrial,1.681241,-0.5669336,-0.7144822,0.886465,size.Osorius.angustulus,Staphylinidae
2124,2124,86,4.3.finalss-87853,abunance.Sphaeridiinae.,size.Sphaeridiinae.,0.5147437,0.02029282,1,0.000836611,TRUE,0.9443622,abundance affects trait,0.006545455,0.8125,0.8541667,0.06604655,7.699544,48,Terrestrial,1.681241,-2.18406,0.2080231,0.886465,size.Sphaeridiinae.,Sphaeridiinae
2125,2125,87,4.3.finalss-87853,abunance.Curculionidae.,size.Curculionidae.,0.5021737,0.0226056,1,0.000836611,TRUE,0.9213009,abundance affects trait,0.2595,0.8125,0.8541667,0.06604655,7.699544,48,Terrestrial,1.681241,-0.5858626,0.2080231,0.886465,size.Curculionidae.,Curculionidae
2126,2126,88,4.3.finalss-87853,abunance.Poecilus.versicolor,size.Poecilus.versicolor,0.3086827,0.1113306,1,0.000836611,FALSE,0.5663174,abundance affects trait,1.304568,0.8125,0.8541667,0.06604655,7.699544,48,Terrestrial,1.681241,0.1154668,0.2080231,0.886465,size.Poecilus.versicolor,Carabidae
2127,2127,89,4.3.finalss-87853,abunance.Domene.crassicornis,size.Domene.crassicornis,0.1784489,0.2481261,0.8571429,0.00443399,FALSE,0.327387,abundance affects trait,0.1711591,0.8125,0.8541667,0.06604655,7.699544,48,Terrestrial,1.681241,-0.7666,0.2080231,0.886465,size.Domene.crassicornis,Staphylinidae
2128,2128,90,4.3.finalss-87853,abunance.Cossoninae.,size.Cossoninae.,0.1765444,0.2096022,0.5714286,0.06348658,FALSE,0.323893,abundance affects trait,0.02015909,0.8125,0.8541667,0.06604655,7.699544,48,Terrestrial,1.681241,-1.695529,0.2080231,0.886465,size.Cossoninae.,Curculionidae
2129,2129,91,4.3.finalss-87853,abunance.Calosoma.maximowiczi,size.Calosoma.maximowiczi,0.3705989,0.09274852,1,0.000836611,FALSE,0.6799105,abundance affects trait,12.4628,0.8125,0.8541667,0.06604655,7.699544,48,Terrestrial,1.681241,1.095615,0.2080231,0.886465,size.Calosoma.maximowiczi,Carabidae
2130,2130,92,4.3.finalss-87853,abunance.Ischnosoma.sp,size.Ischnosoma.sp,0.3428743,0.0817762,0.8571429,0.00443399,FALSE,0.6290462,abundance affects trait,0.02502273,0.8125,0.8541667,0.06604655,7.699544,48,Terrestrial,1.681241,-1.601665,0.2080231,0.886465,size.Ischnosoma.sp,Staphylinidae
2131,2131,93,4.3.finalss-87853,abunance.Othius.rufipennis,size.Othius.rufipennis,0.3560572,0.07182837,0.9285715,0.001981735,FALSE,0.6532318,abundance affects trait,0.2180682,0.8125,0.8541667,0.06604655,7.699544,48,Terrestrial,1.681241,-0.6614077,0.2080231,0.886465,size.Othius.rufipennis,Staphylinidae
2132,2132,94,4.3.finalss-87853,abunance.Hesperus.tiro,size.Hesperus.tiro,0.3196672,0.1074354,1,0.000836611,FALSE,0.5864698,abundance affects trait,0.3590227,0.8125,0.8541667,0.06604655,7.699544,48,Terrestrial,1.681241,-0.4448781,0.2080231,0.886465,size.Hesperus.tiro,Staphylinidae
2133,2133,95,4.3.finalss-87853,abunance.Leiodinae.,size.Leiodinae.,0.2147859,0.1825644,0.9285715,0.001981735,FALSE,0.3940519,abundance affects trait,0.04377273,0.8125,0.8541667,0.06604655,7.699544,48,Terrestrial,1.681241,-1.358796,-0.9542425,0.886465,size.Leiodinae.,Leiodidae
2134,2134,96,4.3.finalss-87853,abunance.Anisodactylus.tricuspidatus,size.Anisodactylus.tricuspidatus,0.1069401,0.3134658,0.9092413,0.002769589,FALSE,0.196195,abundance affects trait,1.114727,0.8125,0.8541667,0.06604655,7.699544,48,Terrestrial,1.681241,0.04716863,0.2080231,0.886465,size.Anisodactylus.tricuspidatus,Carabidae
2135,2135,1,4.3.finalss-87854,size.Coleoptera.,abunance.Coleoptera.,0.4843796,0.355997,-0.05555556,0.9169652,FALSE,0.6957732,trait affects abundance,7.499146,0.8269231,0.75,0.06604655,7.699544,52,Terrestrial,1.716003,0.8750118,-0.1863912,0.886465,abunance.Coleoptera.,Staphylinidae
2136,2136,2,4.3.finalss-87854,size.Pterostichus.orientalis,abunance.Pterostichus.orientalis,0.3378899,0.1027715,0.7857143,0.009374738,FALSE,0.4853523,trait affects abundance,34.36711,0.8269231,0.75,0.06604655,7.699544,52,Terrestrial,1.716003,1.536143,-0.2488065,0.886465,abunance.Pterostichus.orientalis,Carabidae
2137,2137,3,4.3.finalss-87854,size.Anisodactylus.tricuspidatus,abunance.Anisodactylus.tricuspidatus,0.1508343,0.257062,1,0.000263214,FALSE,0.2166616,trait affects abundance,5.392159,0.8269231,0.75,0.06604655,7.699544,52,Terrestrial,1.716003,0.7317627,-0.6232493,0.886465,abunance.Anisodactylus.tricuspidatus,Carabidae
2138,2138,4,4.3.finalss-87854,size.Anotylus.latiusculus,abunance.Anotylus.latiusculus,0.09649794,0.3305928,0.8017837,0.01481485,FALSE,0.1386117,trait affects abundance,0.02825,0.8269231,0.75,0.06604655,7.699544,52,Terrestrial,1.716003,-1.548982,-0.1736307,0.886465,abunance.Anotylus.latiusculus,Staphylinidae
2139,2139,5,4.3.finalss-87854,size.Athetini.,abunance.Athetini.,0.09923404,0.3260723,0.9449112,0.002241373,FALSE,0.1425419,trait affects abundance,0.1212955,0.8269231,0.75,0.06604655,7.699544,52,Terrestrial,1.716003,-0.9161555,-0.2825466,0.886465,abunance.Athetini.,Staphylinidae
2140,2140,6,4.3.finalss-87854,size.Elateridae.,abunance.Elateridae.,0.02369577,0.4572726,0.6813852,0.04851973,FALSE,0.03403711,trait affects abundance,0.3901818,0.8269231,0.75,0.06604655,7.699544,52,Terrestrial,1.716003,-0.408733,-0.9542425,0.886465,abunance.Elateridae.,Elateridae
2141,2141,7,4.3.finalss-87854,size.Scydmaenidae.,abunance.Scydmaenidae.,0,0.5,1,1,FALSE,0,trait affects abundance,0.004590909,0.8269231,0.75,0.06604655,7.699544,52,Terrestrial,1.716003,-2.338101,-0.69897,0.886465,abunance.Scydmaenidae.,Staphylinidae
2142,2142,8,4.3.finalss-87854,size.Chrysomelidae.,abunance.Chrysomelidae.,0.5428412,0.008050798,1,0.000836611,TRUE,0.7797487,trait affects abundance,0.07406818,0.8269231,0.75,0.06604655,7.699544,52,Terrestrial,1.716003,-1.130368,-0.6232493,0.886465,abunance.Chrysomelidae.,Chrysomelidae
2143,2143,9,4.3.finalss-87854,size.Lordithon.sp,abunance.Lordithon.sp,0.1077587,0.3121377,0.4285715,0.1735462,FALSE,0.1547869,trait affects abundance,0.1188636,0.8269231,0.75,0.06604655,7.699544,52,Terrestrial,1.716003,-0.924951,-0.7346856,0.886465,abunance.Lordithon.sp,Staphylinidae
2144,2144,10,4.3.finalss-87854,size.Philonthus.subvarians,abunance.Philonthus.subvarians,0.02373239,0.4572068,0.6813852,0.04851973,FALSE,0.03408971,trait affects abundance,1.171591,0.8269231,0.75,0.06604655,7.699544,52,Terrestrial,1.716003,0.06877599,-0.5642714,0.886465,abunance.Philonthus.subvarians,Staphylinidae
2145,2145,11,4.3.finalss-87854,size.Eusilpha.japonica,abunance.Eusilpha.japonica,0.5781042,0.009400125,1,0.000836611,TRUE,0.8304012,trait affects abundance,127.7707,0.8269231,0.75,0.06604655,7.699544,52,Terrestrial,1.716003,2.106431,0.1837606,0.886465,abunance.Eusilpha.japonica,Silphidae
2146,2146,12,4.3.finalss-87854,size.Tachinus.mimulus,abunance.Tachinus.mimulus,0.3905694,0.04743099,1,0.000836611,TRUE,0.5610222,trait affects abundance,0.5597727,0.8269231,0.75,0.06604655,7.699544,52,Terrestrial,1.716003,-0.2519883,0.00513964,0.886465,abunance.Tachinus.mimulus,Staphylinidae
2147,2147,13,4.3.finalss-87854,size.Anotylus.sp,abunance.Anotylus.sp,0.2997418,0.08073792,0.9819806,0.001188755,FALSE,0.4305556,trait affects abundance,0.03468182,0.8269231,0.75,0.06604655,7.699544,52,Terrestrial,1.716003,-1.459898,0.2080231,0.886465,abunance.Anotylus.sp,Staphylinidae
2148,2148,14,4.3.finalss-87854,size.Platydracus.brevicornis,abunance.Platydracus.brevicornis,0.4463183,0.07683575,1,0.000836611,FALSE,0.6411012,trait affects abundance,10.91553,0.8269231,0.75,0.06604655,7.699544,52,Terrestrial,1.716003,1.038045,-0.3488028,0.886465,abunance.Platydracus.brevicornis,Staphylinidae
2149,2149,15,4.3.finalss-87854,size.Pterostichus.sp,abunance.Pterostichus.sp,0.2968838,0.08288557,0.9819806,0.001188755,FALSE,0.4264502,trait affects abundance,0.2277727,0.8269231,0.75,0.06604655,7.699544,52,Terrestrial,1.716003,-0.6424983,0.2080231,0.886465,abunance.Pterostichus.sp,Carabidae
2150,2150,16,4.3.finalss-87854,size.Calosoma.maximowiczi,abunance.Calosoma.maximowiczi,0.06786857,0.379132,0.7237468,0.05727935,FALSE,0.09748787,trait affects abundance,9.218,0.8269231,0.75,0.06604655,7.699544,52,Terrestrial,1.716003,0.9646367,0.2080231,0.886465,abunance.Calosoma.maximowiczi,Carabidae
2151,2151,17,4.3.finalss-87854,size.Plesiophthalmus.nigrocyaneus,abunance.Plesiophthalmus.nigrocyaneus,0.20358,0.1749436,1,0.000836611,FALSE,0.2924267,trait affects abundance,2.049886,0.8269231,0.75,0.06604655,7.699544,52,Terrestrial,1.716003,0.3117298,0.2080231,0.886465,abunance.Plesiophthalmus.nigrocyaneus,Tenebrionidae
2152,2152,18,4.3.finalss-87854,size.Carabus.blaptoides,abunance.Carabus.blaptoides,0.4403627,0.0161712,0.9285715,0.001981735,TRUE,0.6325465,trait affects abundance,62.18516,0.8269231,0.75,0.06604655,7.699544,52,Terrestrial,1.716003,1.793687,-0.69897,0.886465,abunance.Carabus.blaptoides,Carabidae
2153,2153,19,4.3.finalss-87854,size.Domene.curtipennis,abunance.Domene.curtipennis,0.1226597,0.288362,0.8864052,0.005275846,FALSE,0.1761911,trait affects abundance,0.06745455,0.8269231,0.75,0.06604655,7.699544,52,Terrestrial,1.716003,-1.170989,0.2080231,0.886465,abunance.Domene.curtipennis,Staphylinidae
2154,2154,20,4.3.finalss-87854,size.Agrypnus.cordicollis,abunance.Agrypnus.cordicollis,0.09133218,0.4081429,0.2142857,0.5361867,FALSE,0.1311915,trait affects abundance,1.313909,0.8269231,0.75,0.06604655,7.699544,52,Terrestrial,1.716003,0.1185653,0.2080231,0.886465,abunance.Agrypnus.cordicollis,Elateridae
2155,2155,21,4.3.finalss-87854,size.Calosoma.inquisitor,abunance.Calosoma.inquisitor,0.09135879,0.4081089,0.2142857,0.5361867,FALSE,0.1312297,trait affects abundance,4.29725,0.8269231,0.75,0.06604655,7.699544,52,Terrestrial,1.716003,0.6331906,0.2080231,0.886465,abunance.Calosoma.inquisitor,Carabidae
2156,2156,22,4.3.finalss-87854,size.Poecilus.samurai,abunance.Poecilus.samurai,0.2338329,0.24828,1,0.000836611,FALSE,0.3358826,trait affects abundance,4.688023,0.8269231,0.75,0.06604655,7.699544,52,Terrestrial,1.716003,0.6709897,-0.9542425,0.886465,abunance.Poecilus.samurai,Carabidae
2157,2157,23,4.3.finalss-87854,size.Dendroxena.sexcarinata,abunance.Dendroxena.sexcarinata,0.1903967,0.1914114,0.9285715,0.001981735,FALSE,0.2734899,trait affects abundance,8.782364,0.8269231,0.75,0.06604655,7.699544,52,Terrestrial,1.716003,0.9436114,-0.8016323,0.886465,abunance.Dendroxena.sexcarinata,Silphidae
2158,2158,24,4.3.finalss-87854,size.Domene.crassicornis,abunance.Domene.crassicornis,0.4882631,0.01658313,1,0.000836611,TRUE,0.7013516,trait affects abundance,0.1580227,0.8269231,0.75,0.06604655,7.699544,52,Terrestrial,1.716003,-0.8012804,0.2080231,0.886465,abunance.Domene.crassicornis,Staphylinidae
2159,2159,25,4.3.finalss-87854,size.Aleochara.sp,abunance.Aleochara.sp,0.3206826,0.09119472,1,0.000836611,FALSE,0.4606353,trait affects abundance,0.3933182,0.8269231,0.75,0.06604655,7.699544,52,Terrestrial,1.716003,-0.405256,-0.8016323,0.886465,abunance.Aleochara.sp,Staphylinidae
2160,2160,26,4.3.finalss-87854,size.Cholevinae.,abunance.Cholevinae.,0.25313,0.1416491,1,0.000836611,FALSE,0.3636013,trait affects abundance,0.1011061,0.8269231,0.75,0.06604655,7.699544,52,Terrestrial,1.716003,-0.9952228,-0.69897,0.886465,abunance.Cholevinae.,Leiodidae
2161,2161,27,4.3.finalss-87854,size.Serica.incurvata,abunance.Serica.incurvata,0.2096475,0.1676471,0.9449112,0.002241373,FALSE,0.3011422,trait affects abundance,0.3153864,0.8269231,0.75,0.06604655,7.699544,52,Terrestrial,1.716003,-0.5011571,0.2080231,0.886465,abunance.Serica.incurvata,Scarabaeidae
2162,2162,28,4.3.finalss-87854,size.Carabus.gehinii,abunance.Carabus.gehinii,0.2272997,0.1474489,1,0.000836611,FALSE,0.3264982,trait affects abundance,31.65095,0.8269231,0.75,0.06604655,7.699544,52,Terrestrial,1.716003,1.500387,-0.8016323,0.886465,abunance.Carabus.gehinii,Carabidae
2163,2163,29,4.3.finalss-87854,size.Cetonia.pilifera,abunance.Cetonia.pilifera,0.1969784,0.1830856,0.7857143,0.009374738,FALSE,0.282944,trait affects abundance,4.903932,0.8269231,0.75,0.06604655,7.699544,52,Terrestrial,1.716003,0.6905444,0.2080231,0.886465,abunance.Cetonia.pilifera,Scarabaeidae
2164,2164,30,4.3.finalss-87854,size.Histeridae.,abunance.Histeridae.,0.4985244,0.0474864,1,0.000836611,TRUE,0.7160911,trait affects abundance,1.210932,0.8269231,0.75,0.06604655,7.699544,52,Terrestrial,1.716003,0.08311969,-0.5006024,0.886465,abunance.Histeridae.,Histeridae
2165,2165,31,4.3.finalss-87854,size.Homalota.sp,abunance.Homalota.sp,0.2003925,0.1788485,0.7857143,0.009374738,FALSE,0.2878482,trait affects abundance,0.0035,0.8269231,0.75,0.06604655,7.699544,52,Terrestrial,1.716003,-2.455932,-0.5314789,0.886465,abunance.Homalota.sp,Staphylinidae
2166,2166,32,4.3.finalss-87854,size.Sphaeridiinae.,abunance.Sphaeridiinae.,0.1499984,0.2468898,0.7857143,0.009374738,FALSE,0.2154609,trait affects abundance,0.02270455,0.8269231,0.75,0.06604655,7.699544,52,Terrestrial,1.716003,-1.643887,-0.7781513,0.886465,abunance.Sphaeridiinae.,Sphaeridiinae
2167,2167,33,4.3.finalss-87854,size.Gonocephalum.sp,abunance.Gonocephalum.sp,0.196944,0.1831285,0.7857143,0.009374738,FALSE,0.2828946,trait affects abundance,1.613386,0.8269231,0.75,0.06604655,7.699544,52,Terrestrial,1.716003,0.2077384,0.2080231,0.886465,abunance.Gonocephalum.sp,Tenebrionidae
2168,2168,34,4.3.finalss-87854,size.Leistus.niger,abunance.Leistus.niger,0.2200133,0.2453215,0.6428572,0.03544796,FALSE,0.3160318,trait affects abundance,1.170909,0.8269231,0.75,0.06604655,7.699544,52,Terrestrial,1.716003,0.06852318,-0.9542425,0.886465,abunance.Leistus.niger,Carabidae
2169,2169,35,4.3.finalss-87854,size.Anisolinus.elegans,abunance.Anisolinus.elegans,0.1941566,0.1866298,0.5714286,0.06348658,FALSE,0.2788907,trait affects abundance,0.4093864,0.8269231,0.75,0.06604655,7.699544,52,Terrestrial,1.716003,-0.3878666,0.2080231,0.886465,abunance.Anisolinus.elegans,Staphylinidae
2170,2170,36,4.3.finalss-87854,size.Curculionidae.,abunance.Curculionidae.,0.2846645,0.113944,1,0.000836611,FALSE,0.4088982,trait affects abundance,0.006090909,0.8269231,0.75,0.06604655,7.699544,52,Terrestrial,1.716003,-2.215318,0.2080231,0.886465,abunance.Curculionidae.,Curculionidae
2171,2171,37,4.3.finalss-87854,size.Synuchus.arcuaticollis,abunance.Synuchus.arcuaticollis,0.2807429,0.0969117,0.9285715,0.001981735,FALSE,0.4032651,trait affects abundance,0.7095,0.8269231,0.75,0.06604655,7.699544,52,Terrestrial,1.716003,-0.1490476,0.2080231,0.886465,abunance.Synuchus.arcuaticollis,Carabidae
2172,2172,38,4.3.finalss-87854,size.Staphylininae.,abunance.Staphylininae.,0.4844922,0.02674295,0.9285715,0.001981735,TRUE,0.695935,trait affects abundance,0.1421591,0.8269231,0.75,0.06604655,7.699544,52,Terrestrial,1.716003,-0.8472254,-0.9542425,0.886465,abunance.Staphylininae.,Staphylinidae
2173,2173,39,4.3.finalss-87854,size.Osorius.angustulus,abunance.Osorius.angustulus,0.2157435,0.160498,1,0.000836611,FALSE,0.3098986,trait affects abundance,0.2185,0.8269231,0.75,0.06604655,7.699544,52,Terrestrial,1.716003,-0.6605486,-0.8016323,0.886465,abunance.Osorius.angustulus,Staphylinidae
2174,2174,40,4.3.finalss-87854,size.Synuchus.congruus,abunance.Synuchus.congruus,0.2894189,0.1696489,1,0.000836611,FALSE,0.4157275,trait affects abundance,0.4665682,0.8269231,0.75,0.06604655,7.699544,52,Terrestrial,1.716003,-0.3310849,-0.9542425,0.886465,abunance.Synuchus.congruus,Carabidae
2175,2175,41,4.3.finalss-87854,size.Toxidiini.,abunance.Toxidiini.,0.303192,0.07819643,0.9449112,0.002241373,FALSE,0.4355115,trait affects abundance,0.01147727,0.8269231,0.75,0.06604655,7.699544,52,Terrestrial,1.716003,-1.940161,0.2080231,0.886465,abunance.Toxidiini.,Chrysomelidae
2176,2176,42,4.3.finalss-87854,size.Aleocharinae.,abunance.Aleocharinae.,0.2434624,0.163152,1,0.000836611,FALSE,0.3497146,trait affects abundance,0.006227273,0.8269231,0.75,0.06604655,7.699544,52,Terrestrial,1.716003,-2.205702,-0.9542425,0.886465,abunance.Aleocharinae.,Staphylinidae
2177,2177,43,4.3.finalss-87854,size.Scaphisomini.,abunance.Scaphisomini.,0.2047177,0.1735619,1,0.000836611,FALSE,0.2940608,trait affects abundance,0.02015909,0.8269231,0.75,0.06604655,7.699544,52,Terrestrial,1.716003,-1.695529,0.2080231,0.886465,abunance.Scaphisomini.,Staphylinidae
2178,2178,44,4.3.finalss-87854,size.Leiodinae.,abunance.Leiodinae.,0.1811741,0.2892321,0.9285715,0.001981735,FALSE,0.2602424,trait affects abundance,0.1098409,0.8269231,0.75,0.06604655,7.699544,52,Terrestrial,1.716003,-0.9592359,-0.9542425,0.886465,abunance.Leiodinae.,Leiodidae
2179,2179,45,4.3.finalss-87854,size.Omaliinae.,abunance.Omaliinae.,0.4442267,0.04374164,1,0.000836611,TRUE,0.6380967,trait affects abundance,0.007068182,0.8269231,0.75,0.06604655,7.699544,52,Terrestrial,1.716003,-2.150692,0.2080231,0.886465,abunance.Omaliinae.,Staphylinidae
2180,2180,46,4.3.finalss-87854,size.Ischnosoma.sp,abunance.Ischnosoma.sp,0.2265319,0.1482954,0.9258201,0.007680297,FALSE,0.3253953,trait affects abundance,0.01940909,0.8269231,0.75,0.06604655,7.699544,52,Terrestrial,1.716003,-1.711995,0.2080231,0.886465,abunance.Ischnosoma.sp,Staphylinidae
2181,2181,47,4.3.finalss-87854,size.Agonum.lampros,abunance.Agonum.lampros,0.1663099,0.349734,0.5000001,0.1077623,FALSE,0.2388911,trait affects abundance,0.5924318,0.8269231,0.75,0.06604655,7.699544,52,Terrestrial,1.716003,-0.2273616,0.2080231,0.886465,abunance.Agonum.lampros,Carabidae
2182,2182,48,4.3.finalss-87854,size.Badister.nakayamai,abunance.Badister.nakayamai,0.2255314,0.1494028,0.9258201,0.007680297,FALSE,0.3239581,trait affects abundance,0.03361364,0.8269231,0.75,0.06604655,7.699544,52,Terrestrial,1.716003,-1.473485,0.2080231,0.886465,abunance.Badister.nakayamai,Carabidae
2183,2183,49,4.3.finalss-87854,size.Philonthus.sp,abunance.Philonthus.sp,0.308087,0.07468575,0.9449112,0.002241373,FALSE,0.4425428,trait affects abundance,0.1927955,0.8269231,0.75,0.06604655,7.699544,52,Terrestrial,1.716003,-0.7149032,0.2080231,0.886465,abunance.Philonthus.sp,Staphylinidae
2184,2184,50,4.3.finalss-87854,size.Aphodius.quadratus,abunance.Aphodius.quadratus,0.349004,0.04952466,1,0.000836611,TRUE,0.5013169,trait affects abundance,1.320977,0.8269231,0.75,0.06604655,7.699544,52,Terrestrial,1.716003,0.1208953,0.2080231,0.886465,abunance.Aphodius.quadratus,Scarabaeidae
2185,2185,51,4.3.finalss-87854,size.Hymenalia.unicolor,abunance.Hymenalia.unicolor,0.08314843,0.3529598,0.2142857,0.5361867,FALSE,0.1194362,trait affects abundance,0.2061818,0.8269231,0.75,0.06604655,7.699544,52,Terrestrial,1.716003,-0.6857496,0.2080231,0.886465,abunance.Hymenalia.unicolor,Scarabaeidae
2186,2186,52,4.3.finalss-87854,size.Caccobius.jessoensis,abunance.Caccobius.jessoensis,0.0826081,0.3538755,0.2142857,0.5361867,FALSE,0.1186601,trait affects abundance,1.532386,0.8269231,0.75,0.06604655,7.699544,52,Terrestrial,1.716003,0.1853683,-0.9294189,0.886465,abunance.Caccobius.jessoensis,Scarabaeidae
2187,2187,53,4.3.finalss-87854,abunance.Coleoptera.,size.Coleoptera.,0.6961745,0.1064476,0.7777778,0.004878521,FALSE,1,abundance affects trait,7.499146,0.8269231,0.75,0.06604655,7.699544,52,Terrestrial,1.716003,0.8750118,-0.1863912,0.886465,size.Coleoptera.,Staphylinidae
2188,2188,54,4.3.finalss-87854,abunance.Pterostichus.orientalis,size.Pterostichus.orientalis,0.2963028,0.2175428,1,0.000836611,FALSE,0.4256157,abundance affects trait,34.36711,0.8269231,0.75,0.06604655,7.699544,52,Terrestrial,1.716003,1.536143,-0.2488065,0.886465,size.Pterostichus.orientalis,Carabidae
2189,2189,55,4.3.finalss-87854,abunance.Anisodactylus.tricuspidatus,size.Anisodactylus.tricuspidatus,0.2539698,0.1255619,0.9285715,0.001981735,FALSE,0.3648077,abundance affects trait,5.392159,0.8269231,0.75,0.06604655,7.699544,52,Terrestrial,1.716003,0.7317627,-0.6232493,0.886465,size.Anisodactylus.tricuspidatus,Carabidae
2190,2190,56,4.3.finalss-87854,abunance.Anotylus.latiusculus,size.Anotylus.latiusculus,0.3419079,0.06692237,1,0.000836611,FALSE,0.4911238,abundance affects trait,0.02825,0.8269231,0.75,0.06604655,7.699544,52,Terrestrial,1.716003,-1.548982,-0.1736307,0.886465,size.Anotylus.latiusculus,Staphylinidae
2191,2191,57,4.3.finalss-87854,abunance.Athetini.,size.Athetini.,0.2380508,0.2033315,1,0.000836611,FALSE,0.3419412,abundance affects trait,0.1212955,0.8269231,0.75,0.06604655,7.699544,52,Terrestrial,1.716003,-0.9161555,-0.2825466,0.886465,size.Athetini.,Staphylinidae
2192,2192,58,4.3.finalss-87854,abunance.Elateridae.,size.Elateridae.,0.3865204,0.08296877,1,0.000263214,FALSE,0.5552063,abundance affects trait,0.3901818,0.8269231,0.75,0.06604655,7.699544,52,Terrestrial,1.716003,-0.408733,-0.9542425,0.886465,size.Elateridae.,Elateridae
2193,2193,59,4.3.finalss-87854,abunance.Scydmaenidae.,size.Scydmaenidae.,0.284693,0.117321,1,0.000263214,FALSE,0.4089391,abundance affects trait,0.004590909,0.8269231,0.75,0.06604655,7.699544,52,Terrestrial,1.716003,-2.338101,-0.69897,0.886465,size.Scydmaenidae.,Staphylinidae
2194,2194,60,4.3.finalss-87854,abunance.Chrysomelidae.,size.Chrysomelidae.,0.4675128,0.04491577,1,0.000263214,TRUE,0.6715454,abundance affects trait,0.07406818,0.8269231,0.75,0.06604655,7.699544,52,Terrestrial,1.716003,-1.130368,-0.6232493,0.886465,size.Chrysomelidae.,Chrysomelidae
2195,2195,61,4.3.finalss-87854,abunance.Lordithon.sp,size.Lordithon.sp,0.2511043,0.1226653,1,0.000836611,FALSE,0.3606916,abundance affects trait,0.1188636,0.8269231,0.75,0.06604655,7.699544,52,Terrestrial,1.716003,-0.924951,-0.7346856,0.886465,size.Lordithon.sp,Staphylinidae
2196,2196,62,4.3.finalss-87854,abunance.Philonthus.subvarians,size.Philonthus.subvarians,0.2601308,0.1140067,0.9819806,0.001188755,FALSE,0.3736574,abundance affects trait,1.171591,0.8269231,0.75,0.06604655,7.699544,52,Terrestrial,1.716003,0.06877599,-0.5642714,0.886465,size.Philonthus.subvarians,Staphylinidae
2197,2197,63,4.3.finalss-87854,abunance.Eusilpha.japonica,size.Eusilpha.japonica,0.3993452,0.04552576,1,0.002666712,TRUE,0.573628,abundance affects trait,127.7707,0.8269231,0.75,0.06604655,7.699544,52,Terrestrial,1.716003,2.106431,0.1837606,0.886465,size.Eusilpha.japonica,Silphidae
2198,2198,64,4.3.finalss-87854,abunance.Tachinus.mimulus,size.Tachinus.mimulus,0.1889422,0.1932791,1,0.000263214,FALSE,0.2714006,abundance affects trait,0.5597727,0.8269231,0.75,0.06604655,7.699544,52,Terrestrial,1.716003,-0.2519883,0.00513964,0.886465,size.Tachinus.mimulus,Staphylinidae
2199,2199,65,4.3.finalss-87854,abunance.Anotylus.sp,size.Anotylus.sp,0.2628859,0.1777966,0.9285715,0.001981735,FALSE,0.377615,abundance affects trait,0.03468182,0.8269231,0.75,0.06604655,7.699544,52,Terrestrial,1.716003,-1.459898,0.2080231,0.886465,size.Anotylus.sp,Staphylinidae
2200,2200,66,4.3.finalss-87854,abunance.Platydracus.brevicornis,size.Platydracus.brevicornis,0.537517,0.02103848,1,0.000836611,TRUE,0.772101,abundance affects trait,10.91553,0.8269231,0.75,0.06604655,7.699544,52,Terrestrial,1.716003,1.038045,-0.3488028,0.886465,size.Platydracus.brevicornis,Staphylinidae
2201,2201,67,4.3.finalss-87854,abunance.Pterostichus.sp,size.Pterostichus.sp,0.2728193,0.1668965,1,0.000836611,FALSE,0.3918835,abundance affects trait,0.2277727,0.8269231,0.75,0.06604655,7.699544,52,Terrestrial,1.716003,-0.6424983,0.2080231,0.886465,size.Pterostichus.sp,Carabidae
2202,2202,68,4.3.finalss-87854,abunance.Calosoma.maximowiczi,size.Calosoma.maximowiczi,0.3088548,0.1113214,1,0.000836611,FALSE,0.4436457,abundance affects trait,9.218,0.8269231,0.75,0.06604655,7.699544,52,Terrestrial,1.716003,0.9646367,0.2080231,0.886465,size.Calosoma.maximowiczi,Carabidae
2203,2203,69,4.3.finalss-87854,abunance.Plesiophthalmus.nigrocyaneus,size.Plesiophthalmus.nigrocyaneus,0.3147436,0.1583974,1,0.000836611,FALSE,0.4521045,abundance affects trait,2.049886,0.8269231,0.75,0.06604655,7.699544,52,Terrestrial,1.716003,0.3117298,0.2080231,0.886465,size.Plesiophthalmus.nigrocyaneus,Tenebrionidae
2204,2204,70,4.3.finalss-87854,abunance.Carabus.blaptoides,size.Carabus.blaptoides,0.5882256,0.018707,1,0.000836611,TRUE,0.8449399,abundance affects trait,62.18516,0.8269231,0.75,0.06604655,7.699544,52,Terrestrial,1.716003,1.793687,-0.69897,0.886465,size.Carabus.blaptoides,Carabidae
2205,2205,71,4.3.finalss-87854,abunance.Domene.curtipennis,size.Domene.curtipennis,0.01428199,0.4742188,0.7126967,0.03154075,FALSE,0.02051496,abundance affects trait,0.06745455,0.8269231,0.75,0.06604655,7.699544,52,Terrestrial,1.716003,-1.170989,0.2080231,0.886465,size.Domene.curtipennis,Staphylinidae
2206,2206,72,4.3.finalss-87854,abunance.Agrypnus.cordicollis,size.Agrypnus.cordicollis,0.5791229,0.006914448,1,0.000836611,TRUE,0.8318646,abundance affects trait,1.313909,0.8269231,0.75,0.06604655,7.699544,52,Terrestrial,1.716003,0.1185653,0.2080231,0.886465,size.Agrypnus.cordicollis,Elateridae
2207,2207,73,4.3.finalss-87854,abunance.Calosoma.inquisitor,size.Calosoma.inquisitor,0.5791964,0.00690637,1,0.000836611,TRUE,0.8319702,abundance affects trait,4.29725,0.8269231,0.75,0.06604655,7.699544,52,Terrestrial,1.716003,0.6331906,0.2080231,0.886465,size.Calosoma.inquisitor,Carabidae
2208,2208,74,4.3.finalss-87854,abunance.Poecilus.samurai,size.Poecilus.samurai,0.2964503,0.1689875,1,0.000836611,FALSE,0.4258276,abundance affects trait,4.688023,0.8269231,0.75,0.06604655,7.699544,52,Terrestrial,1.716003,0.6709897,-0.9542425,0.886465,size.Poecilus.samurai,Carabidae
2209,2209,75,4.3.finalss-87854,abunance.Dendroxena.sexcarinata,size.Dendroxena.sexcarinata,0.3243693,0.06736313,0.9285715,0.001981735,FALSE,0.465931,abundance affects trait,8.782364,0.8269231,0.75,0.06604655,7.699544,52,Terrestrial,1.716003,0.9436114,-0.8016323,0.886465,size.Dendroxena.sexcarinata,Silphidae
2210,2210,76,4.3.finalss-87854,abunance.Domene.crassicornis,size.Domene.crassicornis,0.3087092,0.1348713,0.9444444,0.000580668,FALSE,0.4434365,abundance affects trait,0.1580227,0.8269231,0.75,0.06604655,7.699544,52,Terrestrial,1.716003,-0.8012804,0.2080231,0.886465,size.Domene.crassicornis,Staphylinidae
2211,2211,77,4.3.finalss-87854,abunance.Aleochara.sp,size.Aleochara.sp,0.22939,0.1636404,1,0.000836611,FALSE,0.3295007,abundance affects trait,0.3933182,0.8269231,0.75,0.06604655,7.699544,52,Terrestrial,1.716003,-0.405256,-0.8016323,0.886465,size.Aleochara.sp,Staphylinidae
2212,2212,78,4.3.finalss-87854,abunance.Cholevinae.,size.Cholevinae.,0.4602311,0.05595093,1,0.000836611,FALSE,0.6610858,abundance affects trait,0.1011061,0.8269231,0.75,0.06604655,7.699544,52,Terrestrial,1.716003,-0.9952228,-0.69897,0.886465,size.Cholevinae.,Leiodidae
2213,2213,79,4.3.finalss-87854,abunance.Serica.incurvata,size.Serica.incurvata,0.3531465,0.06744167,1,0.000836611,FALSE,0.5072673,abundance affects trait,0.3153864,0.8269231,0.75,0.06604655,7.699544,52,Terrestrial,1.716003,-0.5011571,0.2080231,0.886465,size.Serica.incurvata,Scarabaeidae
2214,2214,80,4.3.finalss-87854,abunance.Carabus.gehinii,size.Carabus.gehinii,0.1799903,0.2049936,0.9285715,0.001981735,FALSE,0.2585419,abundance affects trait,31.65095,0.8269231,0.75,0.06604655,7.699544,52,Terrestrial,1.716003,1.500387,-0.8016323,0.886465,size.Carabus.gehinii,Carabidae
2215,2215,81,4.3.finalss-87854,abunance.Cetonia.pilifera,size.Cetonia.pilifera,0.1789031,0.2073365,0.5714286,0.06348658,FALSE,0.2569803,abundance affects trait,4.903932,0.8269231,0.75,0.06604655,7.699544,52,Terrestrial,1.716003,0.6905444,0.2080231,0.886465,size.Cetonia.pilifera,Scarabaeidae
2216,2216,82,4.3.finalss-87854,abunance.Histeridae.,size.Histeridae.,0.4181989,0.1109661,1,0.000836611,FALSE,0.6007099,abundance affects trait,1.210932,0.8269231,0.75,0.06604655,7.699544,52,Terrestrial,1.716003,0.08311969,-0.5006024,0.886465,size.Histeridae.,Histeridae
2217,2217,83,4.3.finalss-87854,abunance.Homalota.sp,size.Homalota.sp,0.2428907,0.1552464,0.9285715,0.001981735,FALSE,0.3488934,abundance affects trait,0.0035,0.8269231,0.75,0.06604655,7.699544,52,Terrestrial,1.716003,-2.455932,-0.5314789,0.886465,size.Homalota.sp,Staphylinidae
2218,2218,84,4.3.finalss-87854,abunance.Sphaeridiinae.,size.Sphaeridiinae.,0.3504807,0.06600801,1,0.000263214,FALSE,0.5034379,abundance affects trait,0.02270455,0.8269231,0.75,0.06604655,7.699544,52,Terrestrial,1.716003,-1.643887,-0.7781513,0.886465,size.Sphaeridiinae.,Sphaeridiinae
2219,2219,85,4.3.finalss-87854,abunance.Gonocephalum.sp,size.Gonocephalum.sp,0.1788309,0.2073855,0.5714286,0.06348658,FALSE,0.2568766,abundance affects trait,1.613386,0.8269231,0.75,0.06604655,7.699544,52,Terrestrial,1.716003,0.2077384,0.2080231,0.886465,size.Gonocephalum.sp,Tenebrionidae
2220,2220,86,4.3.finalss-87854,abunance.Leistus.niger,size.Leistus.niger,0.3754098,0.04622121,1,0.000836611,TRUE,0.5392466,abundance affects trait,1.170909,0.8269231,0.75,0.06604655,7.699544,52,Terrestrial,1.716003,0.06852318,-0.9542425,0.886465,size.Leistus.niger,Carabidae
2221,2221,87,4.3.finalss-87854,abunance.Anisolinus.elegans,size.Anisolinus.elegans,0.5550869,0.002376737,1,0.000263214,TRUE,0.7973387,abundance affects trait,0.4093864,0.8269231,0.75,0.06604655,7.699544,52,Terrestrial,1.716003,-0.3878666,0.2080231,0.886465,size.Anisolinus.elegans,Staphylinidae
2222,2222,88,4.3.finalss-87854,abunance.Curculionidae.,size.Curculionidae.,0.2447404,0.14537,1,0.000836611,FALSE,0.3515503,abundance affects trait,0.006090909,0.8269231,0.75,0.06604655,7.699544,52,Terrestrial,1.716003,-2.215318,0.2080231,0.886465,size.Curculionidae.,Curculionidae
2223,2223,89,4.3.finalss-87854,abunance.Synuchus.arcuaticollis,size.Synuchus.arcuaticollis,0.2190439,0.1688567,0.9285715,0.001981735,FALSE,0.3146393,abundance affects trait,0.7095,0.8269231,0.75,0.06604655,7.699544,52,Terrestrial,1.716003,-0.1490476,0.2080231,0.886465,size.Synuchus.arcuaticollis,Carabidae
2224,2224,90,4.3.finalss-87854,abunance.Staphylininae.,size.Staphylininae.,0.4727094,0.0736804,1,0.000836611,FALSE,0.6790099,abundance affects trait,0.1421591,0.8269231,0.75,0.06604655,7.699544,52,Terrestrial,1.716003,-0.8472254,-0.9542425,0.886465,size.Staphylininae.,Staphylinidae
2225,2225,91,4.3.finalss-87854,abunance.Osorius.angustulus,size.Osorius.angustulus,0.3013327,0.0811036,1,0.000836611,FALSE,0.4328408,abundance affects trait,0.2185,0.8269231,0.75,0.06604655,7.699544,52,Terrestrial,1.716003,-0.6605486,-0.8016323,0.886465,size.Osorius.angustulus,Staphylinidae
2226,2226,92,4.3.finalss-87854,abunance.Synuchus.congruus,size.Synuchus.congruus,0.5055051,0.01813175,1,0.000836611,TRUE,0.7261184,abundance affects trait,0.4665682,0.8269231,0.75,0.06604655,7.699544,52,Terrestrial,1.716003,-0.3310849,-0.9542425,0.886465,size.Synuchus.congruus,Carabidae
2227,2227,93,4.3.finalss-87854,abunance.Toxidiini.,size.Toxidiini.,0.5125762,0.01692622,1,0.000836611,TRUE,0.7362755,abundance affects trait,0.01147727,0.8269231,0.75,0.06604655,7.699544,52,Terrestrial,1.716003,-1.940161,0.2080231,0.886465,size.Toxidiini.,Chrysomelidae
2228,2228,94,4.3.finalss-87854,abunance.Aleocharinae.,size.Aleocharinae.,0.3180387,0.07463632,1,0.000836611,FALSE,0.4568376,abundance affects trait,0.006227273,0.8269231,0.75,0.06604655,7.699544,52,Terrestrial,1.716003,-2.205702,-0.9542425,0.886465,size.Aleocharinae.,Staphylinidae
2229,2229,95,4.3.finalss-87854,abunance.Scaphisomini.,size.Scaphisomini.,0.3079059,0.1619646,0.9285715,0.001981735,FALSE,0.4422827,abundance affects trait,0.02015909,0.8269231,0.75,0.06604655,7.699544,52,Terrestrial,1.716003,-1.695529,0.2080231,0.886465,size.Scaphisomini.,Staphylinidae
2230,2230,96,4.3.finalss-87854,abunance.Leiodinae.,size.Leiodinae.,0.3832833,0.04752747,1,0.000836611,TRUE,0.5505563,abundance affects trait,0.1098409,0.8269231,0.75,0.06604655,7.699544,52,Terrestrial,1.716003,-0.9592359,-0.9542425,0.886465,size.Leiodinae.,Leiodidae
2231,2231,97,4.3.finalss-87854,abunance.Omaliinae.,size.Omaliinae.,0.4468305,0.02389589,1,0.000836611,TRUE,0.6418369,abundance affects trait,0.007068182,0.8269231,0.75,0.06604655,7.699544,52,Terrestrial,1.716003,-2.150692,0.2080231,0.886465,size.Omaliinae.,Staphylinidae
2232,2232,98,4.3.finalss-87854,abunance.Ischnosoma.sp,size.Ischnosoma.sp,0.2858946,0.1138802,1,0.000836611,FALSE,0.4106652,abundance affects trait,0.01940909,0.8269231,0.75,0.06604655,7.699544,52,Terrestrial,1.716003,-1.711995,0.2080231,0.886465,size.Ischnosoma.sp,Staphylinidae
2233,2233,99,4.3.finalss-87854,abunance.Agonum.lampros,size.Agonum.lampros,0.3561051,0.07201609,0.8571429,0.00443399,FALSE,0.511517,abundance affects trait,0.5924318,0.8269231,0.75,0.06604655,7.699544,52,Terrestrial,1.716003,-0.2273616,0.2080231,0.886465,size.Agonum.lampros,Carabidae
2234,2234,100,4.3.finalss-87854,abunance.Badister.nakayamai,size.Badister.nakayamai,0.2815347,0.1112765,1,0.000836611,FALSE,0.4044025,abundance affects trait,0.03361364,0.8269231,0.75,0.06604655,7.699544,52,Terrestrial,1.716003,-1.473485,0.2080231,0.886465,size.Badister.nakayamai,Carabidae
2235,2235,101,4.3.finalss-87854,abunance.Philonthus.sp,size.Philonthus.sp,0.4984784,0.02185291,1,0.000836611,TRUE,0.716025,abundance affects trait,0.1927955,0.8269231,0.75,0.06604655,7.699544,52,Terrestrial,1.716003,-0.7149032,0.2080231,0.886465,size.Philonthus.sp,Staphylinidae
2236,2236,102,4.3.finalss-87854,abunance.Aphodius.quadratus,size.Aphodius.quadratus,0.1073007,0.3128804,0.9092413,0.002769589,FALSE,0.1541291,abundance affects trait,1.320977,0.8269231,0.75,0.06604655,7.699544,52,Terrestrial,1.716003,0.1208953,0.2080231,0.886465,size.Aphodius.quadratus,Scarabaeidae
2237,2237,103,4.3.finalss-87854,abunance.Hymenalia.unicolor,size.Hymenalia.unicolor,0.2030312,0.1756124,1,0.000836611,FALSE,0.2916384,abundance affects trait,0.2061818,0.8269231,0.75,0.06604655,7.699544,52,Terrestrial,1.716003,-0.6857496,0.2080231,0.886465,size.Hymenalia.unicolor,Scarabaeidae
2238,2238,104,4.3.finalss-87854,abunance.Caccobius.jessoensis,size.Caccobius.jessoensis,0.2116452,0.1652842,1,0.000836611,FALSE,0.3040117,abundance affects trait,1.532386,0.8269231,0.75,0.06604655,7.699544,52,Terrestrial,1.716003,0.1853683,-0.9294189,0.886465,size.Caccobius.jessoensis,Scarabaeidae
2239,2239,1,4.3.finalss-87855,size.Staphylinidae.,abunance.Staphylinidae.,0.1393017,0.2732275,0.7807201,0.02268708,FALSE,0.2068819,trait affects abundance,0.02565,0.8,0.8666667,0.02831574,18.73615,15,Terrestrial,1.176091,-1.590913,-0.6766936,1.27268,abunance.Staphylinidae.,Staphylinidae
2240,2240,2,4.3.finalss-87855,size.Scaphisomini.,abunance.Scaphisomini.,0.09917099,0.3345003,0.2380952,0.5480056,FALSE,0.1472823,trait affects abundance,0.024025,0.8,0.8666667,0.02831574,18.73615,15,Terrestrial,1.176091,-1.619337,-0.6766936,1.27268,abunance.Scaphisomini.,Staphylinidae
2241,2241,3,4.3.finalss-87855,size.Corylophidae.,abunance.Corylophidae.,0.1449871,0.2649893,0.9819806,0.001188755,FALSE,0.2153254,trait affects abundance,0.00865,0.8,0.8666667,0.02831574,18.73615,15,Terrestrial,1.176091,-2.062984,-0.6766936,1.27268,abunance.Corylophidae.,Corylophidae
2242,2242,4,4.3.finalss-87855,size.Paederinae.,abunance.Paederinae.,0.476013,0.04169362,0.9047619,0.006863832,TRUE,0.7069436,trait affects abundance,0.0816,0.8,0.8666667,0.02831574,18.73615,15,Terrestrial,1.176091,-1.08831,-0.9294189,1.27268,abunance.Paederinae.,Staphylinidae
2243,2243,5,4.3.finalss-87855,size.Anotylus.vicinus,abunance.Anotylus.vicinus,0.1898007,0.2042931,0.9258201,0.007680297,FALSE,0.2818797,trait affects abundance,0.055375,0.8,0.8666667,0.02831574,18.73615,15,Terrestrial,1.176091,-1.256686,-0.3222193,1.27268,abunance.Anotylus.vicinus,Staphylinidae
2244,2244,6,4.3.finalss-87855,size.Cantharidae.,abunance.Cantharidae.,0.2389982,0.2766019,0.9047619,0.006863832,FALSE,0.3549446,trait affects abundance,0.153675,0.8,0.8666667,0.02831574,18.73615,15,Terrestrial,1.176091,-0.8133968,-0.9294189,1.27268,abunance.Cantharidae.,Cantharidae
2245,2245,7,4.3.finalss-87855,size.Cholevinae.,abunance.Cholevinae.,0.2408087,0.1453688,0.9258201,0.007680297,FALSE,0.3576334,trait affects abundance,0.030275,0.8,0.8666667,0.02831574,18.73615,15,Terrestrial,1.176091,-1.518916,-0.6766936,1.27268,abunance.Cholevinae.,Leiodidae
2246,2246,8,4.3.finalss-87855,size.Onthophagus.shirakii,abunance.Onthophagus.shirakii,0,0.5,1,1,FALSE,0,trait affects abundance,4.936475,0.8,0.8666667,0.02831574,18.73615,15,Terrestrial,1.176091,0.6934169,0.2747011,1.27268,abunance.Onthophagus.shirakii,Scarabaeidae
2247,2247,9,4.3.finalss-87855,size.Sphaeridiinae.,abunance.Sphaeridiinae.,0.6733395,0.000899278,1,0.002666712,TRUE,1,trait affects abundance,0.0279,0.8,0.8666667,0.02831574,18.73615,15,Terrestrial,1.176091,-1.554396,-0.6766936,1.27268,abunance.Sphaeridiinae.,Sphaeridiinae
2248,2248,10,4.3.finalss-87855,size.Chlaenius.insularis,abunance.Chlaenius.insularis,0.6052752,0.001276585,1,0.002666712,TRUE,0.8989153,trait affects abundance,44.66783,0.8,0.8666667,0.02831574,18.73615,15,Terrestrial,1.176091,1.649995,-0.4191293,1.27268,abunance.Chlaenius.insularis,Carabidae
2249,2249,11,4.3.finalss-87855,size.Nitidulidae.,abunance.Nitidulidae.,0,0.5,1,1,FALSE,0,trait affects abundance,0.035225,0.8,0.8666667,0.02831574,18.73615,15,Terrestrial,1.176091,-1.453149,-0.9294189,1.27268,abunance.Nitidulidae.,Nitidulidae
2250,2250,12,4.3.finalss-87855,size.Onthophagus.murasakianus,abunance.Onthophagus.murasakianus,0,0.5,1,1,FALSE,0,trait affects abundance,4.383875,0.8,0.8666667,0.02831574,18.73615,15,Terrestrial,1.176091,0.6418582,-0.08432089,1.27268,abunance.Onthophagus.murasakianus,Scarabaeidae
2251,2251,13,4.3.finalss-87855,size.Tenebrionidae.,abunance.Tenebrionidae.,0,0.5,1,1,FALSE,0,trait affects abundance,0.054425,0.8,0.8666667,0.02831574,18.73615,15,Terrestrial,1.176091,-1.264202,-0.9294189,1.27268,abunance.Tenebrionidae.,Tenebrionidae
2252,2252,14,4.3.finalss-87855,size.Therates.alboobliquatus,abunance.Therates.alboobliquatus,0,0.5,1,1,FALSE,0,trait affects abundance,0.673025,0.8,0.8666667,0.02831574,18.73615,15,Terrestrial,1.176091,-0.1719688,-0.9294189,1.27268,abunance.Therates.alboobliquatus,Cicindelidae
2253,2253,15,4.3.finalss-87855,size.Leiodinae.,abunance.Leiodinae.,0,0.5,1,1,FALSE,0,trait affects abundance,0.01525,0.8,0.8666667,0.02831574,18.73615,15,Terrestrial,1.176091,-1.81673,-0.9294189,1.27268,abunance.Leiodinae.,Leiodidae
2254,2254,16,4.3.finalss-87855,abunance.Staphylinidae.,size.Staphylinidae.,0.4361554,0.02217975,1,0.000836611,TRUE,0.6477496,abundance affects trait,0.02565,0.8,0.8666667,0.02831574,18.73615,15,Terrestrial,1.176091,-1.590913,-0.6766936,1.27268,size.Staphylinidae.,Staphylinidae
2255,2255,17,4.3.finalss-87855,abunance.Scaphisomini.,size.Scaphisomini.,0.4403049,0.03701158,1,0.000836611,TRUE,0.6539122,abundance affects trait,0.024025,0.8,0.8666667,0.02831574,18.73615,15,Terrestrial,1.176091,-1.619337,-0.6766936,1.27268,size.Scaphisomini.,Staphylinidae
2256,2256,18,4.3.finalss-87855,abunance.Corylophidae.,size.Corylophidae.,0.1131822,0.3124527,0.8944272,0.02677274,FALSE,0.1680908,abundance affects trait,0.00865,0.8,0.8666667,0.02831574,18.73615,15,Terrestrial,1.176091,-2.062984,-0.6766936,1.27268,size.Corylophidae.,Corylophidae
2257,2257,19,4.3.finalss-87855,abunance.Paederinae.,size.Paederinae.,0.2521937,0.23017,0.9285715,0.001981735,FALSE,0.3745417,abundance affects trait,0.0816,0.8,0.8666667,0.02831574,18.73615,15,Terrestrial,1.176091,-1.08831,-0.9294189,1.27268,size.Paederinae.,Staphylinidae
2258,2258,20,4.3.finalss-87855,abunance.Anotylus.vicinus,size.Anotylus.vicinus,0.1460713,0.2634311,1,0.002666712,FALSE,0.2169357,abundance affects trait,0.055375,0.8,0.8666667,0.02831574,18.73615,15,Terrestrial,1.176091,-1.256686,-0.3222193,1.27268,size.Anotylus.vicinus,Staphylinidae
2259,2259,21,4.3.finalss-87855,abunance.Cantharidae.,size.Cantharidae.,0.1584739,0.2459104,0.9999999,0.008534908,FALSE,0.2353552,abundance affects trait,0.153675,0.8,0.8666667,0.02831574,18.73615,15,Terrestrial,1.176091,-0.8133968,-0.9294189,1.27268,size.Cantharidae.,Cantharidae
2260,2260,22,4.3.finalss-87855,abunance.Cholevinae.,size.Cholevinae.,0,0.5,1,1,FALSE,0,abundance affects trait,0.030275,0.8,0.8666667,0.02831574,18.73615,15,Terrestrial,1.176091,-1.518916,-0.6766936,1.27268,size.Cholevinae.,Leiodidae
2261,2261,23,4.3.finalss-87855,abunance.Onthophagus.shirakii,size.Onthophagus.shirakii,0,0.5,1,1,FALSE,0,abundance affects trait,4.936475,0.8,0.8666667,0.02831574,18.73615,15,Terrestrial,1.176091,0.6934169,0.2747011,1.27268,size.Onthophagus.shirakii,Scarabaeidae
2262,2262,24,4.3.finalss-87855,abunance.Sphaeridiinae.,size.Sphaeridiinae.,0.4393451,0.05535359,1,0.000836611,FALSE,0.6524868,abundance affects trait,0.0279,0.8,0.8666667,0.02831574,18.73615,15,Terrestrial,1.176091,-1.554396,-0.6766936,1.27268,size.Sphaeridiinae.,Sphaeridiinae
2263,2263,25,4.3.finalss-87855,abunance.Chlaenius.insularis,size.Chlaenius.insularis,0.258208,0.2003188,0.9285715,0.001981735,FALSE,0.3834738,abundance affects trait,44.66783,0.8,0.8666667,0.02831574,18.73615,15,Terrestrial,1.176091,1.649995,-0.4191293,1.27268,size.Chlaenius.insularis,Carabidae
2264,2264,26,4.3.finalss-87855,abunance.Nitidulidae.,size.Nitidulidae.,0,0.5,1,1,FALSE,0,abundance affects trait,0.035225,0.8,0.8666667,0.02831574,18.73615,15,Terrestrial,1.176091,-1.453149,-0.9294189,1.27268,size.Nitidulidae.,Nitidulidae
2265,2265,27,4.3.finalss-87855,abunance.Onthophagus.murasakianus,size.Onthophagus.murasakianus,0,0.5,1,1,FALSE,0,abundance affects trait,4.383875,0.8,0.8666667,0.02831574,18.73615,15,Terrestrial,1.176091,0.6418582,-0.08432089,1.27268,size.Onthophagus.murasakianus,Scarabaeidae
2266,2266,28,4.3.finalss-87855,abunance.Tenebrionidae.,size.Tenebrionidae.,0,0.5,1,1,FALSE,0,abundance affects trait,0.054425,0.8,0.8666667,0.02831574,18.73615,15,Terrestrial,1.176091,-1.264202,-0.9294189,1.27268,size.Tenebrionidae.,Tenebrionidae
2267,2267,29,4.3.finalss-87855,abunance.Therates.alboobliquatus,size.Therates.alboobliquatus,0,0.5,1,1,FALSE,0,abundance affects trait,0.673025,0.8,0.8666667,0.02831574,18.73615,15,Terrestrial,1.176091,-0.1719688,-0.9294189,1.27268,size.Therates.alboobliquatus,Cicindelidae
2268,2268,30,4.3.finalss-87855,abunance.Leiodinae.,size.Leiodinae.,0.04477763,0.4235873,0.6172134,0.0845387,FALSE,0.06650082,abundance affects trait,0.01525,0.8,0.8666667,0.02831574,18.73615,15,Terrestrial,1.176091,-1.81673,-0.9294189,1.27268,size.Leiodinae.,Leiodidae
2269,2269,1,4.3.finalss-87858,size.Carabus.japonicus,abunance.Carabus.japonicus,0.5306444,0.04319519,1,0.000836611,TRUE,0.9070943,trait affects abundance,118.6459,0.6097561,0.804878,0.05239246,17.66135,41,Terrestrial,1.612784,2.074253,-0.01200891,1.247024,abunance.Carabus.japonicus,Carabidae
2270,2270,2,4.3.finalss-87858,size.Onthophagus.nitidus,abunance.Onthophagus.nitidus,0.2611166,0.1403095,1,0.000836611,FALSE,0.4463579,trait affects abundance,8.85428,0.6097561,0.804878,0.05239246,17.66135,41,Terrestrial,1.612784,0.9471533,-0.091049,1.247024,abunance.Onthophagus.nitidus,Scarabaeidae
2271,2271,3,4.3.finalss-87858,size.Cicindela.japana,abunance.Cicindela.japana,0.3113064,0.07243711,1,0.000836611,FALSE,0.5321535,trait affects abundance,11.07991,0.6097561,0.804878,0.05239246,17.66135,41,Terrestrial,1.612784,1.044536,-0.6232493,1.247024,abunance.Cicindela.japana,Cicindelidae
2272,2272,4,4.3.finalss-87858,size.Carabus.kyushuensis,abunance.Carabus.kyushuensis,0.513489,0.00509566,1,0.000836611,TRUE,0.8777685,trait affects abundance,43.98798,0.6097561,0.804878,0.05239246,17.66135,41,Terrestrial,1.612784,1.643334,-0.6093592,1.247024,abunance.Carabus.kyushuensis,Carabidae
2273,2273,5,4.3.finalss-87858,size.Drusilla.sparsa,abunance.Drusilla.sparsa,0.1838911,0.1998429,0.8451542,0.01906741,FALSE,0.3143471,trait affects abundance,0.03379545,0.6097561,0.804878,0.05239246,17.66135,41,Terrestrial,1.612784,-1.471142,-0.9542425,1.247024,abunance.Drusilla.sparsa,Staphylinidae
2274,2274,6,4.3.finalss-87858,size.Platydracus.brevicornis,abunance.Platydracus.brevicornis,0.2510668,0.1227022,0.9449112,0.002241373,FALSE,0.4291787,trait affects abundance,4.08653,0.6097561,0.804878,0.05239246,17.66135,41,Terrestrial,1.612784,0.6113547,-0.60206,1.247024,abunance.Platydracus.brevicornis,Staphylinidae
2275,2275,7,4.3.finalss-87858,size.Scarabaeidae.,abunance.Scarabaeidae.,0.3085938,0.07432859,0.9449112,0.002241373,FALSE,0.5275165,trait affects abundance,0.01297727,0.6097561,0.804878,0.05239246,17.66135,41,Terrestrial,1.612784,-1.886817,0.2080231,1.247024,abunance.Scarabaeidae.,Scarabaeidae
2276,2276,8,4.3.finalss-87858,size.Carabidae.,abunance.Carabidae.,0.2940674,0.08503962,0.9819806,0.001188755,FALSE,0.5026848,trait affects abundance,10.96982,0.6097561,0.804878,0.05239246,17.66135,41,Terrestrial,1.612784,1.040199,-0.9542425,1.247024,abunance.Carabidae.,Carabidae
2277,2277,9,4.3.finalss-87858,size.Staphylinidae.,abunance.Staphylinidae.,0.525314,0.008865164,1,0.002666712,TRUE,0.8979825,trait affects abundance,0.01279545,0.6097561,0.804878,0.05239246,17.66135,41,Terrestrial,1.612784,-1.892944,-0.4771213,1.247024,abunance.Staphylinidae.,Staphylinidae
2278,2278,10,4.3.finalss-87858,size.Nicrophorus.quadripunctatus,abunance.Nicrophorus.quadripunctatus,0.4553853,0.05583385,1,0.000836611,FALSE,0.7784449,trait affects abundance,16.8082,0.6097561,0.804878,0.05239246,17.66135,41,Terrestrial,1.612784,1.225521,-0.60206,1.247024,abunance.Nicrophorus.quadripunctatus,Silphidae
2279,2279,11,4.3.finalss-87858,size.Onthophagus.atripennis,abunance.Onthophagus.atripennis,0.307909,0.07481149,0.9449112,0.002241373,FALSE,0.5263458,trait affects abundance,1.922682,0.6097561,0.804878,0.05239246,17.66135,41,Terrestrial,1.612784,0.2839074,-0.9294189,1.247024,abunance.Onthophagus.atripennis,Scarabaeidae
2280,2280,12,4.3.finalss-87858,size.Phelotrupes.laevistriatus,abunance.Phelotrupes.laevistriatus,0.4188913,0.06424666,1,0.000836611,FALSE,0.7160613,trait affects abundance,44.45302,0.6097561,0.804878,0.05239246,17.66135,41,Terrestrial,1.612784,1.647901,-0.4191293,1.247024,abunance.Phelotrupes.laevistriatus,Geotrupidae
2281,2281,13,4.3.finalss-87858,size.Anisolinus.elegans,abunance.Anisolinus.elegans,0.3079018,0.07481657,0.9449112,0.002241373,FALSE,0.5263335,trait affects abundance,1.084955,0.6097561,0.804878,0.05239246,17.66135,41,Terrestrial,1.612784,0.03541154,-0.7533277,1.247024,abunance.Anisolinus.elegans,Staphylinidae
2282,2282,14,4.3.finalss-87858,size.Diplocheila.zeelandica,abunance.Diplocheila.zeelandica,0.3079087,0.07481168,0.9449112,0.002241373,FALSE,0.5263454,trait affects abundance,8.202818,0.6097561,0.804878,0.05239246,17.66135,41,Terrestrial,1.612784,0.9139631,0.2080231,1.247024,abunance.Diplocheila.zeelandica,Carabidae
2283,2283,15,4.3.finalss-87858,size.Paramisolampidius.kagoshimensis,abunance.Paramisolampidius.kagoshimensis,0.491123,0.01939458,1,0.000836611,TRUE,0.8395357,trait affects abundance,7.1545,0.6097561,0.804878,0.05239246,17.66135,41,Terrestrial,1.612784,0.8545793,-0.6766936,1.247024,abunance.Paramisolampidius.kagoshimensis,Tenebrionidae
2284,2284,16,4.3.finalss-87858,size.Aulacocypus.parvulus,abunance.Aulacocypus.parvulus,0.5289278,0.003940722,0.9285715,0.001981735,TRUE,0.9041599,trait affects abundance,0.2445682,0.6097561,0.804878,0.05239246,17.66135,41,Terrestrial,1.612784,-0.6116,0.2080231,1.247024,abunance.Aulacocypus.parvulus,Staphylinidae
2285,2285,17,4.3.finalss-87858,size.Maladera.secreta,abunance.Maladera.secreta,0.4882409,0.01658086,1,0.000836611,TRUE,0.8346088,trait affects abundance,1.842523,0.6097561,0.804878,0.05239246,17.66135,41,Terrestrial,1.612784,0.2654129,0.2080231,1.247024,abunance.Maladera.secreta,Scarabaeidae
2286,2286,18,4.3.finalss-87858,size.Pidonia.sp,abunance.Pidonia.sp,0.4881179,0.01659401,1,0.000836611,TRUE,0.8343986,trait affects abundance,0.3802727,0.6097561,0.804878,0.05239246,17.66135,41,Terrestrial,1.612784,-0.4199048,0.2080231,1.247024,abunance.Pidonia.sp,Cerambycidae
2287,2287,19,4.3.finalss-87858,size.Onthophagus.fodiens,abunance.Onthophagus.fodiens,0.2899491,0.08825735,1,0.000836611,FALSE,0.4956448,trait affects abundance,1.104682,0.6097561,0.804878,0.05239246,17.66135,41,Terrestrial,1.612784,0.04323721,0.2080231,1.247024,abunance.Onthophagus.fodiens,Scarabaeidae
2288,2288,20,4.3.finalss-87858,size.Strongylium.brevicorne,abunance.Strongylium.brevicorne,0.4039438,0.0262233,0.9819806,0.001188755,TRUE,0.6905097,trait affects abundance,0.4727273,0.6097561,0.804878,0.05239246,17.66135,41,Terrestrial,1.612784,-0.3253893,0.2080231,1.247024,abunance.Strongylium.brevicorne,Tenebrionidae
2289,2289,21,4.3.finalss-87858,size.Sericini.,abunance.Sericini.,0.3977143,0.0921992,1,0.000836611,FALSE,0.6798609,trait affects abundance,0.59875,0.6097561,0.804878,0.05239246,17.66135,41,Terrestrial,1.612784,-0.2227545,0.2080231,1.247024,abunance.Sericini.,Scarabaeidae
2290,2290,22,4.3.finalss-87858,size.Agrypnus.cordicollis,abunance.Agrypnus.cordicollis,0.2905668,0.08776957,1,0.000836611,FALSE,0.4967007,trait affects abundance,1.328409,0.6097561,0.804878,0.05239246,17.66135,41,Terrestrial,1.612784,0.1233318,0.2080231,1.247024,abunance.Agrypnus.cordicollis,Elateridae
2291,2291,23,4.3.finalss-87858,size.Episcapha.gorhami,abunance.Episcapha.gorhami,0.2900526,0.08817548,1,0.000836611,FALSE,0.4958217,trait affects abundance,2.047545,0.6097561,0.804878,0.05239246,17.66135,41,Terrestrial,1.612784,0.3112336,0.2080231,1.247024,abunance.Episcapha.gorhami,Erotylidae
2292,2292,24,4.3.finalss-87858,size.Xantholinini.,abunance.Xantholinini.,0.4034941,0.02637163,0.9819806,0.001188755,TRUE,0.6897409,trait affects abundance,0.08463636,0.6097561,0.804878,0.05239246,17.66135,41,Terrestrial,1.612784,-1.072443,0.2080231,1.247024,abunance.Xantholinini.,Staphylinidae
2293,2293,25,4.3.finalss-87858,size.Isorhipis.foveata,abunance.Isorhipis.foveata,0.4035701,0.0263465,0.9819806,0.001188755,TRUE,0.6898709,trait affects abundance,0.1353636,0.6097561,0.804878,0.05239246,17.66135,41,Terrestrial,1.612784,-0.868498,0.2080231,1.247024,abunance.Isorhipis.foveata,Eucnemidae
2294,2294,26,4.3.finalss-87858,size.Lathrobium.sp,abunance.Lathrobium.sp,0.4034592,0.02638316,0.9819806,0.001188755,TRUE,0.6896813,trait affects abundance,0.2430909,0.6097561,0.804878,0.05239246,17.66135,41,Terrestrial,1.612784,-0.6142313,0.2080231,1.247024,abunance.Lathrobium.sp,Staphylinidae
2295,2295,27,4.3.finalss-87858,size.Osorius.taurus,abunance.Osorius.taurus,0.397951,0.05255976,1,0.000836611,FALSE,0.6802655,trait affects abundance,0.1561591,0.6097561,0.804878,0.05239246,17.66135,41,Terrestrial,1.612784,-0.8064327,0.2080231,1.247024,abunance.Osorius.taurus,Staphylinidae
2296,2296,28,4.3.finalss-87858,size.Histeridae.,abunance.Histeridae.,0.3985387,0.05239774,1,0.000836611,FALSE,0.6812702,trait affects abundance,0.2471591,0.6097561,0.804878,0.05239246,17.66135,41,Terrestrial,1.612784,-0.6070234,0.2080231,1.247024,abunance.Histeridae.,Histeridae
2297,2297,29,4.3.finalss-87858,size.Staphylininae.,abunance.Staphylininae.,0.3979405,0.05256421,1,0.000836611,FALSE,0.6802476,trait affects abundance,0.2090909,0.6097561,0.804878,0.05239246,17.66135,41,Terrestrial,1.612784,-0.6796648,0.2080231,1.247024,abunance.Staphylininae.,Staphylinidae
2298,2298,30,4.3.finalss-87858,size.Macrodorcas.striatipennis,abunance.Macrodorcas.striatipennis,0.3983444,0.0524406,1,0.000836611,FALSE,0.6809381,trait affects abundance,2.831318,0.6097561,0.804878,0.05239246,17.66135,41,Terrestrial,1.612784,0.4519887,0.2080231,1.247024,abunance.Macrodorcas.striatipennis,Staphylinidae
2299,2299,31,4.3.finalss-87858,size.Aleocharinae.,abunance.Aleocharinae.,0.3988309,0.05229963,1,0.000836611,FALSE,0.6817697,trait affects abundance,0.04806818,0.6097561,0.804878,0.05239246,17.66135,41,Terrestrial,1.612784,-1.318142,0.2080231,1.247024,abunance.Aleocharinae.,Staphylinidae
2300,2300,32,4.3.finalss-87858,size.Planetes.puncticeps,abunance.Planetes.puncticeps,0.3730518,0.1193925,0.9285715,0.001981735,FALSE,0.6377023,trait affects abundance,1.571386,0.6097561,0.804878,0.05239246,17.66135,41,Terrestrial,1.612784,0.196283,-0.9542425,1.247024,abunance.Planetes.puncticeps,Carabidae
2301,2301,33,4.3.finalss-87858,size.Nipponoserica.peregrina,abunance.Nipponoserica.peregrina,0.5292627,0.003906375,0.9285715,0.001981735,TRUE,0.9047323,trait affects abundance,0.89775,0.6097561,0.804878,0.05239246,17.66135,41,Terrestrial,1.612784,-0.04684459,0.2080231,1.247024,abunance.Nipponoserica.peregrina,Scarabaeidae
2302,2302,34,4.3.finalss-87858,size.Plesiophthalmus.nigrocyaneus,abunance.Plesiophthalmus.nigrocyaneus,0.4882445,0.01657777,1,0.000836611,TRUE,0.834615,trait affects abundance,3.774545,0.6097561,0.804878,0.05239246,17.66135,41,Terrestrial,1.612784,0.5768647,0.2080231,1.247024,abunance.Plesiophthalmus.nigrocyaneus,Tenebrionidae
2303,2303,35,4.3.finalss-87858,size.Lucanus.maculifemoratus,abunance.Lucanus.maculifemoratus,0.3079011,0.07481706,0.9449112,0.002241373,FALSE,0.5263323,trait affects abundance,13.20998,0.6097561,0.804878,0.05239246,17.66135,41,Terrestrial,1.612784,1.120902,0.2080231,1.247024,abunance.Lucanus.maculifemoratus,Lucanidae
2304,2304,36,4.3.finalss-87858,size.Chlaenius.naeviger,abunance.Chlaenius.naeviger,0.3490532,0.04949873,1,0.000836611,TRUE,0.5966786,trait affects abundance,0.9313636,0.6097561,0.804878,0.05239246,17.66135,41,Terrestrial,1.612784,-0.03088072,0.2080231,1.247024,abunance.Chlaenius.naeviger,Carabidae
2305,2305,37,4.3.finalss-87858,size.Carabus.blaptoides,abunance.Carabus.blaptoides,0.3584393,0.04472461,0.9449112,0.002241373,TRUE,0.6127234,trait affects abundance,99.33557,0.6097561,0.804878,0.05239246,17.66135,41,Terrestrial,1.612784,1.997105,-0.5642714,1.247024,abunance.Carabus.blaptoides,Carabidae
2306,2306,38,4.3.finalss-87858,size.Synuchus.crocatus,abunance.Synuchus.crocatus,0.3209255,0.09502957,1,0.000263214,FALSE,0.5485965,trait affects abundance,3.826659,0.6097561,0.804878,0.05239246,17.66135,41,Terrestrial,1.612784,0.5828198,-0.5642714,1.247024,abunance.Synuchus.crocatus,Carabidae
2307,2307,39,4.3.finalss-87858,size.Pterostichus.colonus,abunance.Pterostichus.colonus,0.3064371,0.1081054,1,0.000836611,FALSE,0.5238299,trait affects abundance,0.8388636,0.6097561,0.804878,0.05239246,17.66135,41,Terrestrial,1.612784,-0.07630863,0.2080231,1.247024,abunance.Pterostichus.colonus,Carabidae
2308,2308,40,4.3.finalss-87858,size.Parabroscus.crassipalpis,abunance.Parabroscus.crassipalpis,0.4573024,0.04034071,1,0.000836611,TRUE,0.781722,trait affects abundance,0.8582727,0.6097561,0.804878,0.05239246,17.66135,41,Terrestrial,1.612784,-0.06637469,0.2080231,1.247024,abunance.Parabroscus.crassipalpis,Carabidae
2309,2309,41,4.3.finalss-87858,size.Leistus.crassus,abunance.Leistus.crassus,0.1730438,0.3862712,-0.05555556,0.9169652,FALSE,0.2958046,trait affects abundance,1.361182,0.6097561,0.804878,0.05239246,17.66135,41,Terrestrial,1.612784,0.1339161,-0.8016323,1.247024,abunance.Leistus.crassus,Carabidae
2310,2310,42,4.3.finalss-87858,abunance.Carabus.japonicus,size.Carabus.japonicus,0.4499079,0.05029198,1,0.000836611,FALSE,0.7690817,abundance affects trait,118.6459,0.6097561,0.804878,0.05239246,17.66135,41,Terrestrial,1.612784,2.074253,-0.01200891,1.247024,size.Carabus.japonicus,Carabidae
2311,2311,43,4.3.finalss-87858,abunance.Onthophagus.nitidus,size.Onthophagus.nitidus,0,0.5,1,1,FALSE,0,abundance affects trait,8.85428,0.6097561,0.804878,0.05239246,17.66135,41,Terrestrial,1.612784,0.9471533,-0.091049,1.247024,size.Onthophagus.nitidus,Scarabaeidae
2312,2312,44,4.3.finalss-87858,abunance.Cicindela.japana,size.Cicindela.japana,0.4181941,0.04533932,1,0.002666712,TRUE,0.7148695,abundance affects trait,11.07991,0.6097561,0.804878,0.05239246,17.66135,41,Terrestrial,1.612784,1.044536,-0.6232493,1.247024,size.Cicindela.japana,Cicindelidae
2313,2313,45,4.3.finalss-87858,abunance.Carabus.kyushuensis,size.Carabus.kyushuensis,0.2953507,0.1574286,1,0.000836611,FALSE,0.5048785,abundance affects trait,43.98798,0.6097561,0.804878,0.05239246,17.66135,41,Terrestrial,1.612784,1.643334,-0.6093592,1.247024,size.Carabus.kyushuensis,Carabidae
2314,2314,46,4.3.finalss-87858,abunance.Drusilla.sparsa,size.Drusilla.sparsa,0.1318927,0.2740302,0.9449112,0.002241373,FALSE,0.2254601,abundance affects trait,0.03379545,0.6097561,0.804878,0.05239246,17.66135,41,Terrestrial,1.612784,-1.471142,-0.9542425,1.247024,size.Drusilla.sparsa,Staphylinidae
2315,2315,47,4.3.finalss-87858,abunance.Platydracus.brevicornis,size.Platydracus.brevicornis,0.3057243,0.1260414,1,0.000836611,FALSE,0.5226112,abundance affects trait,4.08653,0.6097561,0.804878,0.05239246,17.66135,41,Terrestrial,1.612784,0.6113547,-0.60206,1.247024,size.Platydracus.brevicornis,Staphylinidae
2316,2316,48,4.3.finalss-87858,abunance.Scarabaeidae.,size.Scarabaeidae.,0.5056594,0.02125848,1,0.000836611,TRUE,0.8643845,abundance affects trait,0.01297727,0.6097561,0.804878,0.05239246,17.66135,41,Terrestrial,1.612784,-1.886817,0.2080231,1.247024,size.Scarabaeidae.,Scarabaeidae
2317,2317,49,4.3.finalss-87858,abunance.Carabidae.,size.Carabidae.,0.1910046,0.1942996,0.8571429,0.00443399,FALSE,0.3265071,abundance affects trait,10.96982,0.6097561,0.804878,0.05239246,17.66135,41,Terrestrial,1.612784,1.040199,-0.9542425,1.247024,size.Carabidae.,Carabidae
2318,2318,50,4.3.finalss-87858,abunance.Staphylinidae.,size.Staphylinidae.,0.3504867,0.08191112,1,0.000836611,FALSE,0.5991291,abundance affects trait,0.01279545,0.6097561,0.804878,0.05239246,17.66135,41,Terrestrial,1.612784,-1.892944,-0.4771213,1.247024,size.Staphylinidae.,Staphylinidae
2319,2319,51,4.3.finalss-87858,abunance.Nicrophorus.quadripunctatus,size.Nicrophorus.quadripunctatus,0.1354771,0.2685535,0.7637627,0.01264858,FALSE,0.2315874,abundance affects trait,16.8082,0.6097561,0.804878,0.05239246,17.66135,41,Terrestrial,1.612784,1.225521,-0.60206,1.247024,size.Nicrophorus.quadripunctatus,Silphidae
2320,2320,52,4.3.finalss-87858,abunance.Onthophagus.atripennis,size.Onthophagus.atripennis,0.501531,0.02272196,1,0.000836611,TRUE,0.8573272,abundance affects trait,1.922682,0.6097561,0.804878,0.05239246,17.66135,41,Terrestrial,1.612784,0.2839074,-0.9294189,1.247024,size.Onthophagus.atripennis,Scarabaeidae
2321,2321,53,4.3.finalss-87858,abunance.Phelotrupes.laevistriatus,size.Phelotrupes.laevistriatus,0.133407,0.352649,0.5714286,0.06348658,FALSE,0.2280486,abundance affects trait,44.45302,0.6097561,0.804878,0.05239246,17.66135,41,Terrestrial,1.612784,1.647901,-0.4191293,1.247024,size.Phelotrupes.laevistriatus,Geotrupidae
2322,2322,54,4.3.finalss-87858,abunance.Anisolinus.elegans,size.Anisolinus.elegans,0.5014989,0.0227229,1,0.000836611,TRUE,0.8572723,abundance affects trait,1.084955,0.6097561,0.804878,0.05239246,17.66135,41,Terrestrial,1.612784,0.03541154,-0.7533277,1.247024,size.Anisolinus.elegans,Staphylinidae
2323,2323,55,4.3.finalss-87858,abunance.Diplocheila.zeelandica,size.Diplocheila.zeelandica,0.5014703,0.02273119,1,0.000836611,TRUE,0.8572235,abundance affects trait,8.202818,0.6097561,0.804878,0.05239246,17.66135,41,Terrestrial,1.612784,0.9139631,0.2080231,1.247024,size.Diplocheila.zeelandica,Carabidae
2324,2324,56,4.3.finalss-87858,abunance.Paramisolampidius.kagoshimensis,size.Paramisolampidius.kagoshimensis,0.2682707,0.126957,1,0.000836611,FALSE,0.4585874,abundance affects trait,7.1545,0.6097561,0.804878,0.05239246,17.66135,41,Terrestrial,1.612784,0.8545793,-0.6766936,1.247024,size.Paramisolampidius.kagoshimensis,Tenebrionidae
2325,2325,57,4.3.finalss-87858,abunance.Aulacocypus.parvulus,size.Aulacocypus.parvulus,0.2259656,0.1489216,0.8888889,0.001229405,FALSE,0.3862701,abundance affects trait,0.2445682,0.6097561,0.804878,0.05239246,17.66135,41,Terrestrial,1.612784,-0.6116,0.2080231,1.247024,size.Aulacocypus.parvulus,Staphylinidae
2326,2326,58,4.3.finalss-87858,abunance.Maladera.secreta,size.Maladera.secreta,0.3062687,0.1377698,0.9444444,0.000580668,FALSE,0.5235419,abundance affects trait,1.842523,0.6097561,0.804878,0.05239246,17.66135,41,Terrestrial,1.612784,0.2654129,0.2080231,1.247024,size.Maladera.secreta,Scarabaeidae
2327,2327,59,4.3.finalss-87858,abunance.Pidonia.sp,size.Pidonia.sp,0.3056867,0.1384265,0.9444444,0.000580668,FALSE,0.522547,abundance affects trait,0.3802727,0.6097561,0.804878,0.05239246,17.66135,41,Terrestrial,1.612784,-0.4199048,0.2080231,1.247024,size.Pidonia.sp,Cerambycidae
2328,2328,60,4.3.finalss-87858,abunance.Onthophagus.fodiens,size.Onthophagus.fodiens,0.3821435,0.1843741,1,0.000263214,FALSE,0.6532439,abundance affects trait,1.104682,0.6097561,0.804878,0.05239246,17.66135,41,Terrestrial,1.612784,0.04323721,0.2080231,1.247024,size.Onthophagus.fodiens,Scarabaeidae
2329,2329,61,4.3.finalss-87858,abunance.Strongylium.brevicorne,size.Strongylium.brevicorne,0.359923,0.06626468,1,0.000836611,FALSE,0.6152597,abundance affects trait,0.4727273,0.6097561,0.804878,0.05239246,17.66135,41,Terrestrial,1.612784,-0.3253893,0.2080231,1.247024,size.Strongylium.brevicorne,Tenebrionidae
2330,2330,62,4.3.finalss-87858,abunance.Sericini.,size.Sericini.,0.274221,0.3299745,0.5,0.07633281,FALSE,0.4687589,abundance affects trait,0.59875,0.6097561,0.804878,0.05239246,17.66135,41,Terrestrial,1.612784,-0.2227545,0.2080231,1.247024,size.Sericini.,Scarabaeidae
2331,2331,63,4.3.finalss-87858,abunance.Agrypnus.cordicollis,size.Agrypnus.cordicollis,0.3711512,0.2005832,0.9444444,0.000580668,FALSE,0.6344533,abundance affects trait,1.328409,0.6097561,0.804878,0.05239246,17.66135,41,Terrestrial,1.612784,0.1233318,0.2080231,1.247024,size.Agrypnus.cordicollis,Elateridae
2332,2332,64,4.3.finalss-87858,abunance.Episcapha.gorhami,size.Episcapha.gorhami,0.3715138,0.2000089,0.9444444,0.000580668,FALSE,0.6350733,abundance affects trait,2.047545,0.6097561,0.804878,0.05239246,17.66135,41,Terrestrial,1.612784,0.3112336,0.2080231,1.247024,size.Episcapha.gorhami,Erotylidae
2333,2333,65,4.3.finalss-87858,abunance.Xantholinini.,size.Xantholinini.,0.3592975,0.06634831,1,0.000836611,FALSE,0.6141905,abundance affects trait,0.08463636,0.6097561,0.804878,0.05239246,17.66135,41,Terrestrial,1.612784,-1.072443,0.2080231,1.247024,size.Xantholinini.,Staphylinidae
2334,2334,66,4.3.finalss-87858,abunance.Isorhipis.foveata,size.Isorhipis.foveata,0.3619346,0.06490476,1,0.000836611,FALSE,0.6186984,abundance affects trait,0.1353636,0.6097561,0.804878,0.05239246,17.66135,41,Terrestrial,1.612784,-0.868498,0.2080231,1.247024,size.Isorhipis.foveata,Eucnemidae
2335,2335,67,4.3.finalss-87858,abunance.Lathrobium.sp,size.Lathrobium.sp,0.3614103,0.06526496,1,0.000836611,FALSE,0.6178021,abundance affects trait,0.2430909,0.6097561,0.804878,0.05239246,17.66135,41,Terrestrial,1.612784,-0.6142313,0.2080231,1.247024,size.Lathrobium.sp,Staphylinidae
2336,2336,68,4.3.finalss-87858,abunance.Osorius.taurus,size.Osorius.taurus,0.3688809,0.09387159,1,0.000836611,FALSE,0.6305725,abundance affects trait,0.1561591,0.6097561,0.804878,0.05239246,17.66135,41,Terrestrial,1.612784,-0.8064327,0.2080231,1.247024,size.Osorius.taurus,Staphylinidae
2337,2337,69,4.3.finalss-87858,abunance.Histeridae.,size.Histeridae.,0.3719326,0.09139259,1,0.000836611,FALSE,0.6357891,abundance affects trait,0.2471591,0.6097561,0.804878,0.05239246,17.66135,41,Terrestrial,1.612784,-0.6070234,0.2080231,1.247024,size.Histeridae.,Histeridae
2338,2338,70,4.3.finalss-87858,abunance.Staphylininae.,size.Staphylininae.,0.3707293,0.09261568,1,0.000836611,FALSE,0.6337321,abundance affects trait,0.2090909,0.6097561,0.804878,0.05239246,17.66135,41,Terrestrial,1.612784,-0.6796648,0.2080231,1.247024,size.Staphylininae.,Staphylinidae
2339,2339,71,4.3.finalss-87858,abunance.Macrodorcas.striatipennis,size.Macrodorcas.striatipennis,0.3705858,0.09278172,1,0.000836611,FALSE,0.6334868,abundance affects trait,2.831318,0.6097561,0.804878,0.05239246,17.66135,41,Terrestrial,1.612784,0.4519887,0.2080231,1.247024,size.Macrodorcas.striatipennis,Staphylinidae
2340,2340,72,4.3.finalss-87858,abunance.Aleocharinae.,size.Aleocharinae.,0.3736672,0.09005047,1,0.000836611,FALSE,0.6387543,abundance affects trait,0.04806818,0.6097561,0.804878,0.05239246,17.66135,41,Terrestrial,1.612784,-1.318142,0.2080231,1.247024,size.Aleocharinae.,Staphylinidae
2341,2341,73,4.3.finalss-87858,abunance.Planetes.puncticeps,size.Planetes.puncticeps,0.5849937,0.03131276,1,0.002666712,TRUE,1,abundance affects trait,1.571386,0.6097561,0.804878,0.05239246,17.66135,41,Terrestrial,1.612784,0.196283,-0.9542425,1.247024,size.Planetes.puncticeps,Carabidae
2342,2342,74,4.3.finalss-87858,abunance.Nipponoserica.peregrina,size.Nipponoserica.peregrina,0.2643473,0.1101006,0.9444444,0.000580668,FALSE,0.4518807,abundance affects trait,0.89775,0.6097561,0.804878,0.05239246,17.66135,41,Terrestrial,1.612784,-0.04684459,0.2080231,1.247024,size.Nipponoserica.peregrina,Scarabaeidae
2343,2343,75,4.3.finalss-87858,abunance.Plesiophthalmus.nigrocyaneus,size.Plesiophthalmus.nigrocyaneus,0.3065091,0.1374857,0.9444444,0.000580668,FALSE,0.5239529,abundance affects trait,3.774545,0.6097561,0.804878,0.05239246,17.66135,41,Terrestrial,1.612784,0.5768647,0.2080231,1.247024,size.Plesiophthalmus.nigrocyaneus,Tenebrionidae
2344,2344,76,4.3.finalss-87858,abunance.Lucanus.maculifemoratus,size.Lucanus.maculifemoratus,0.5014976,0.0227261,1,0.000836611,TRUE,0.8572701,abundance affects trait,13.20998,0.6097561,0.804878,0.05239246,17.66135,41,Terrestrial,1.612784,1.120902,0.2080231,1.247024,size.Lucanus.maculifemoratus,Lucanidae
2345,2345,77,4.3.finalss-87858,abunance.Chlaenius.naeviger,size.Chlaenius.naeviger,0.1071329,0.3131528,0.9092413,0.002769589,FALSE,0.1831351,abundance affects trait,0.9313636,0.6097561,0.804878,0.05239246,17.66135,41,Terrestrial,1.612784,-0.03088072,0.2080231,1.247024,size.Chlaenius.naeviger,Carabidae
2346,2346,78,4.3.finalss-87858,abunance.Carabus.blaptoides,size.Carabus.blaptoides,0.2031321,0.1754893,0.9444444,0.000580668,FALSE,0.3472382,abundance affects trait,99.33557,0.6097561,0.804878,0.05239246,17.66135,41,Terrestrial,1.612784,1.997105,-0.5642714,1.247024,size.Carabus.blaptoides,Carabidae
2347,2347,79,4.3.finalss-87858,abunance.Synuchus.crocatus,size.Synuchus.crocatus,0.520107,0.035658,1,0.000263214,TRUE,0.8890815,abundance affects trait,3.826659,0.6097561,0.804878,0.05239246,17.66135,41,Terrestrial,1.612784,0.5828198,-0.5642714,1.247024,size.Synuchus.crocatus,Carabidae
2348,2348,80,4.3.finalss-87858,abunance.Pterostichus.colonus,size.Pterostichus.colonus,0.4373128,0.07484922,1,0.000836611,FALSE,0.7475514,abundance affects trait,0.8388636,0.6097561,0.804878,0.05239246,17.66135,41,Terrestrial,1.612784,-0.07630863,0.2080231,1.247024,size.Pterostichus.colonus,Carabidae
2349,2349,81,4.3.finalss-87858,abunance.Parabroscus.crassipalpis,size.Parabroscus.crassipalpis,0.3683986,0.1136553,1,0.000836611,FALSE,0.6297481,abundance affects trait,0.8582727,0.6097561,0.804878,0.05239246,17.66135,41,Terrestrial,1.612784,-0.06637469,0.2080231,1.247024,size.Parabroscus.crassipalpis,Carabidae
2350,2350,82,4.3.finalss-87858,abunance.Leistus.crassus,size.Leistus.crassus,0.3782996,0.1529262,1,0.000263214,FALSE,0.6466729,abundance affects trait,1.361182,0.6097561,0.804878,0.05239246,17.66135,41,Terrestrial,1.612784,0.1339161,-0.8016323,1.247024,size.Leistus.crassus,Carabidae
2351,2351,1,4.3.finalss-87859,size.Phelotrupes.laevistriatus,abunance.Phelotrupes.laevistriatus,0.9351789,0.002203182,0.8095238,0.01626098,TRUE,0.9609947,trait affects abundance,160.4109,0.8870968,0.8870968,0.06013771,11.83608,62,Terrestrial,1.792392,2.205234,0.136838,1.073208,abunance.Phelotrupes.laevistriatus,Geotrupidae
2352,2352,2,4.3.finalss-87859,size.Synuchus.cycloderus,abunance.Synuchus.cycloderus,0.9690522,4.48E-06,1,0.002666712,TRUE,0.9958031,trait affects abundance,68.41053,0.8870968,0.8870968,0.06013771,11.83608,62,Terrestrial,1.792392,1.835123,0.4145091,1.073208,abunance.Synuchus.cycloderus,Carabidae
2353,2353,3,4.3.finalss-87859,size.Pterostichus.yoritomus,abunance.Pterostichus.yoritomus,0.8851091,0.07166461,1,0.002666712,FALSE,0.9095427,trait affects abundance,34.99664,0.8870968,0.8870968,0.06013771,11.83608,62,Terrestrial,1.792392,1.544026,0.1188646,1.073208,abunance.Pterostichus.yoritomus,Carabidae
2354,2354,4,4.3.finalss-87859,size.Carabus.albrechti,abunance.Carabus.albrechti,0.9454558,0.000390484,1,0.002666712,TRUE,0.9715553,trait affects abundance,199.0947,0.8870968,0.8870968,0.06013771,11.83608,62,Terrestrial,1.792392,2.29906,0.6084963,1.073208,abunance.Carabus.albrechti,Carabidae
2355,2355,5,4.3.finalss-87859,size.Panelus.parvulus,abunance.Panelus.parvulus,0.9541926,0.001593158,1,0.002666712,TRUE,0.9805333,trait affects abundance,1.12488,0.8870968,0.8870968,0.06013771,11.83608,62,Terrestrial,1.792392,0.05110605,0.4234734,1.073208,abunance.Panelus.parvulus,Carabidae
2356,2356,6,4.3.finalss-87859,size.Coleoptera.,abunance.Coleoptera.,0.5303692,0.057258,0.9999999,0.008534908,FALSE,0.5450101,trait affects abundance,15.59346,0.8870968,0.8870968,0.06013771,11.83608,62,Terrestrial,1.792392,1.192943,0.002106039,1.073208,abunance.Coleoptera.,Staphylinidae
2357,2357,7,4.3.finalss-87859,size.Synuchus.melantho,abunance.Synuchus.melantho,0.9480762,0.001163918,1,0.002666712,TRUE,0.974248,trait affects abundance,32.21757,0.8870968,0.8870968,0.06013771,11.83608,62,Terrestrial,1.792392,1.508093,0.2182145,1.073208,abunance.Synuchus.melantho,Carabidae
2358,2358,8,4.3.finalss-87859,size.Cylindela.ovipennis,abunance.Cylindela.ovipennis,0.9476486,0.000208484,1,0.002666712,TRUE,0.9738087,trait affects abundance,43.64088,0.8870968,0.8870968,0.06013771,11.83608,62,Terrestrial,1.792392,1.639894,0.05780341,1.073208,abunance.Cylindela.ovipennis,Carabidae
2359,2359,9,4.3.finalss-87859,size.Anisolinus.elegans,abunance.Anisolinus.elegans,0,0.5,1,1,FALSE,0,trait affects abundance,1.080593,0.8870968,0.8870968,0.06013771,11.83608,62,Terrestrial,1.792392,0.03366199,-0.6812412,1.073208,abunance.Anisolinus.elegans,Staphylinidae
2360,2360,10,4.3.finalss-87859,size.Nipponoharpalus.discrepans,abunance.Nipponoharpalus.discrepans,0.3587106,0.1067463,0.9999999,0.008534908,FALSE,0.3686129,trait affects abundance,18.58456,0.8870968,0.8870968,0.06013771,11.83608,62,Terrestrial,1.792392,1.269152,-0.08403375,1.073208,abunance.Nipponoharpalus.discrepans,Carabidae
2361,2361,11,4.3.finalss-87859,size.Oxycentrus.argutoroides,abunance.Oxycentrus.argutoroides,0.2030022,0.3982293,0.8095238,0.01626098,FALSE,0.2086061,trait affects abundance,1.643111,0.8870968,0.8870968,0.06013771,11.83608,62,Terrestrial,1.792392,0.2156669,-0.6283889,1.073208,abunance.Oxycentrus.argutoroides,Carabidae
2362,2362,12,4.3.finalss-87859,size.Pselaphinae.,abunance.Pselaphinae.,0.3355012,0.08212494,0.9999999,0.008534908,FALSE,0.3447628,trait affects abundance,0.06725926,0.8870968,0.8870968,0.06013771,11.83608,62,Terrestrial,1.792392,-1.172248,-0.4357286,1.073208,abunance.Pselaphinae.,Staphylinidae
2363,2363,13,4.3.finalss-87859,size.Elateridae.,abunance.Elateridae.,0.2433749,0.197228,0.9999999,0.008534908,FALSE,0.2500933,trait affects abundance,0.8905833,0.8870968,0.8870968,0.06013771,11.83608,62,Terrestrial,1.792392,-0.05032544,-1.146128,1.073208,abunance.Elateridae.,Elateridae
2364,2364,14,4.3.finalss-87859,size.Carabus.blaptoides,abunance.Carabus.blaptoides,0.03243582,0.4475708,0.8451542,0.01906741,FALSE,0.03333122,trait affects abundance,56.89553,0.8870968,0.8870968,0.06013771,11.83608,62,Terrestrial,1.792392,1.755078,-0.6283889,1.073208,abunance.Carabus.blaptoides,Carabidae
2365,2365,15,4.3.finalss-87859,size.Maladera.japonica,abunance.Maladera.japonica,0.2005971,0.2079569,0.8095238,0.01626098,FALSE,0.2061347,trait affects abundance,2.138722,0.8870968,0.8870968,0.06013771,11.83608,62,Terrestrial,1.792392,0.3301544,-0.8750613,1.073208,abunance.Maladera.japonica,Scarabaeidae
2366,2366,16,4.3.finalss-87859,size.Myas.cuprescens,abunance.Myas.cuprescens,0.190826,0.2386488,1,0.002666712,FALSE,0.1960938,trait affects abundance,9.82075,0.8870968,0.8870968,0.06013771,11.83608,62,Terrestrial,1.792392,0.9921447,-0.8750613,1.073208,abunance.Myas.cuprescens,Carabidae
2367,2367,17,4.3.finalss-87859,size.Onthophagus.nitidus,abunance.Onthophagus.nitidus,0.07811998,0.3752528,0.8229512,0.01866341,FALSE,0.08027649,trait affects abundance,2.757194,0.8870968,0.8870968,0.06013771,11.83608,62,Terrestrial,1.792392,0.4404674,-0.50515,1.073208,abunance.Onthophagus.nitidus,Scarabaeidae
2368,2368,18,4.3.finalss-87859,size.Carabidae.,abunance.Carabidae.,0.3445863,0.1290773,1,0.002666712,FALSE,0.3540986,trait affects abundance,6.216417,0.8870968,0.8870968,0.06013771,11.83608,62,Terrestrial,1.792392,0.7935401,-0.154902,1.073208,abunance.Carabidae.,Carabidae
2369,2369,19,4.3.finalss-87859,size.Histeridae.,abunance.Histeridae.,0.2315963,0.3886229,0.8666666,0.02417052,FALSE,0.2379896,trait affects abundance,0.33725,0.8870968,0.8870968,0.06013771,11.83608,62,Terrestrial,1.792392,-0.472048,-0.8750613,1.073208,abunance.Histeridae.,Histeridae
2370,2370,20,4.3.finalss-87859,size.Chlaenius.micans,abunance.Chlaenius.micans,0.2433995,0.1972105,0.9999999,0.008534908,FALSE,0.2501185,trait affects abundance,3.100083,0.8870968,0.8870968,0.06013771,11.83608,62,Terrestrial,1.792392,0.4913734,-1.146128,1.073208,abunance.Chlaenius.micans,Carabidae
2371,2371,21,4.3.finalss-87859,size.Philonthus.kobensis,abunance.Philonthus.kobensis,0.2435663,0.1971706,0.9999999,0.008534908,FALSE,0.25029,trait affects abundance,0.07738889,0.8870968,0.8870968,0.06013771,11.83608,62,Terrestrial,1.792392,-1.111321,-1.146128,1.073208,abunance.Philonthus.kobensis,Staphylinidae
2372,2372,22,4.3.finalss-87859,size.Synuchus.sp,abunance.Synuchus.sp,0.2880172,0.1142961,0.9999999,0.008534908,FALSE,0.2959679,trait affects abundance,1.710611,0.8870968,0.8870968,0.06013771,11.83608,62,Terrestrial,1.792392,0.2331513,-0.5740313,1.073208,abunance.Synuchus.sp,Carabidae
2373,2373,23,4.3.finalss-87859,size.Scaphisomini.,abunance.Scaphisomini.,0.3102536,0.1753871,0.9999999,0.008534908,FALSE,0.3188182,trait affects abundance,0.07741667,0.8870968,0.8870968,0.06013771,11.83608,62,Terrestrial,1.792392,-1.111166,-0.4259687,1.073208,abunance.Scaphisomini.,Staphylinidae
2374,2374,24,4.3.finalss-87859,size.Scydmaenidae.,abunance.Scydmaenidae.,0.02949854,0.4522977,0.1380131,0.8483117,FALSE,0.03031285,trait affects abundance,0.03031481,0.8870968,0.8870968,0.06013771,11.83608,62,Terrestrial,1.792392,-1.518345,-0.2369125,1.073208,abunance.Scydmaenidae.,Staphylinidae
2375,2375,25,4.3.finalss-87859,size.Aphanocephalus.hemisphericus,abunance.Aphanocephalus.hemisphericus,0.1077158,0.330241,0.7333333,0.06028914,FALSE,0.1106893,trait affects abundance,0.3068333,0.8870968,0.8870968,0.06013771,11.83608,62,Terrestrial,1.792392,-0.5130975,-0.30103,1.073208,abunance.Aphanocephalus.hemisphericus,Staphylinidae
2376,2376,26,4.3.finalss-87859,size.Cholevinae.,abunance.Cholevinae.,0.3531164,0.1156233,0.7333333,0.06028914,FALSE,0.3628642,trait affects abundance,0.04478704,0.8870968,0.8870968,0.06013771,11.83608,62,Terrestrial,1.792392,-1.348848,-1.021189,1.073208,abunance.Cholevinae.,Leiodidae
2377,2377,27,4.3.finalss-87859,size.Staphylininae.,abunance.Staphylininae.,0.1794851,0.2305441,0.9759001,0.003897905,FALSE,0.1844399,trait affects abundance,0.2925833,0.8870968,0.8870968,0.06013771,11.83608,62,Terrestrial,1.792392,-0.5337504,-0.8750613,1.073208,abunance.Staphylininae.,Staphylinidae
2378,2378,28,4.3.finalss-87859,size.Proteinus.sp,abunance.Proteinus.sp,0.3732146,0.1082751,0.7333333,0.06028914,FALSE,0.3835172,trait affects abundance,0.001444444,0.8870968,0.8870968,0.06013771,11.83608,62,Terrestrial,1.792392,-2.840299,-0.9700368,1.073208,abunance.Proteinus.sp,Staphylinidae
2379,2379,29,4.3.finalss-87859,size.Anotylus.lewisius,abunance.Anotylus.lewisius,0.3349209,0.1234677,0.6,0.1328549,FALSE,0.3441664,trait affects abundance,0.008638889,0.8870968,0.8870968,0.06013771,11.83608,62,Terrestrial,1.792392,-2.063542,-1.146128,1.073208,abunance.Anotylus.lewisius,Staphylinidae
2380,2380,30,4.3.finalss-87859,size.Corylophidae.,abunance.Corylophidae.,0.5077092,0.02913047,1,0.002666712,TRUE,0.5217246,trait affects abundance,0.003333333,0.8870968,0.8870968,0.06013771,11.83608,62,Terrestrial,1.792392,-2.477121,-0.60206,1.073208,abunance.Corylophidae.,Corylophidae
2381,2381,31,4.3.finalss-87859,size.Physoronia.japonicus,abunance.Physoronia.japonicus,0.1005297,0.3591592,0.7333333,0.06028914,FALSE,0.1033049,trait affects abundance,0.1515833,0.8870968,0.8870968,0.06013771,11.83608,62,Terrestrial,1.792392,-0.8193485,-1.146128,1.073208,abunance.Physoronia.japonicus,Staphylinidae
2382,2382,32,4.3.finalss-87859,size.Maladera.castanea,abunance.Maladera.castanea,0.3481966,0.1539377,1,0.002666712,FALSE,0.3578086,trait affects abundance,1.0135,0.8870968,0.8870968,0.06013771,11.83608,62,Terrestrial,1.792392,0.005823753,-1.146128,1.073208,abunance.Maladera.castanea,Scarabaeidae
2383,2383,33,4.3.finalss-87859,size.Synuchus.nitidus,abunance.Synuchus.nitidus,0.4844427,0.06331982,1,0.002666712,FALSE,0.4978158,trait affects abundance,12.30559,0.8870968,0.8870968,0.06013771,11.83608,62,Terrestrial,1.792392,1.090103,-0.444121,1.073208,abunance.Synuchus.nitidus,Carabidae
2384,2384,34,4.3.finalss-87859,size.Curculionidae.,abunance.Curculionidae.,0.1986898,0.2066896,0.9660917,0.01289892,FALSE,0.2041747,trait affects abundance,0.2933611,0.8870968,0.8870968,0.06013771,11.83608,62,Terrestrial,1.792392,-0.5325975,-0.60206,1.073208,abunance.Curculionidae.,Curculionidae
2385,2385,35,4.3.finalss-87859,size.Macrodorcas.striatipennis,abunance.Macrodorcas.striatipennis,0.2947958,0.1838863,1,0.002666712,FALSE,0.3029337,trait affects abundance,6.817444,0.8870968,0.8870968,0.06013771,11.83608,62,Terrestrial,1.792392,0.8336216,-0.8750613,1.073208,abunance.Macrodorcas.striatipennis,Staphylinidae
2386,2386,36,4.3.finalss-87859,size.Panscopaeus.lithocharoides,abunance.Panscopaeus.lithocharoides,0.3247404,0.1536092,0.9999999,0.008534908,FALSE,0.3337049,trait affects abundance,0.0095,0.8870968,0.8870968,0.06013771,11.83608,62,Terrestrial,1.792392,-2.022276,-1.146128,1.073208,abunance.Panscopaeus.lithocharoides,Staphylinidae
2387,2387,37,4.3.finalss-87859,size.Leiodinae.,abunance.Leiodinae.,0.2323092,0.1967916,0.9999999,0.008534908,FALSE,0.2387221,trait affects abundance,0.04925,0.8870968,0.8870968,0.06013771,11.83608,62,Terrestrial,1.792392,-1.307594,-0.6283889,1.073208,abunance.Leiodinae.,Leiodidae
2388,2388,38,4.3.finalss-87859,size.Parabroscus.crassipalpis,abunance.Parabroscus.crassipalpis,0.1911566,0.2451404,1,0.002666712,FALSE,0.1964335,trait affects abundance,1.057167,0.8870968,0.8870968,0.06013771,11.83608,62,Terrestrial,1.792392,0.02414346,-1.146128,1.073208,abunance.Parabroscus.crassipalpis,Carabidae
2389,2389,39,4.3.finalss-87859,size.Uloma.marseuli,abunance.Uloma.marseuli,0.3046728,0.1113832,0.8666666,0.02417052,FALSE,0.3130833,trait affects abundance,0.002888889,0.8870968,0.8870968,0.06013771,11.83608,62,Terrestrial,1.792392,-2.539269,-1.146128,1.073208,abunance.Uloma.marseuli,Tenebrionidae
2390,2390,40,4.3.finalss-87859,size.Scolytidae.,abunance.Scolytidae.,0.2287084,0.3139046,1,0.002666712,FALSE,0.2350219,trait affects abundance,0.03313889,0.8870968,0.8870968,0.06013771,11.83608,62,Terrestrial,1.792392,-1.479662,-0.7269987,1.073208,abunance.Scolytidae.,Curculionidae
2391,2391,41,4.3.finalss-87859,size.Agelosus.carinatus,abunance.Agelosus.carinatus,0.4451277,0.06991137,0.9999999,0.008534908,FALSE,0.4574155,trait affects abundance,8.919028,0.8870968,0.8870968,0.06013771,11.83608,62,Terrestrial,1.792392,0.9503175,-0.4771213,1.073208,abunance.Agelosus.carinatus,Staphylinidae
2392,2392,42,4.3.finalss-87859,size.Osorius.angustulus,abunance.Osorius.angustulus,0.04531666,0.426927,0.5773503,0.2415667,FALSE,0.04656764,trait affects abundance,0.1633056,0.8870968,0.8870968,0.06013771,11.83608,62,Terrestrial,1.792392,-0.786999,-0.8750613,1.073208,abunance.Osorius.angustulus,Staphylinidae
2393,2393,43,4.3.finalss-87859,size.Toxidiini.,abunance.Toxidiini.,0.185617,0.2451177,0.4666666,0.2596563,FALSE,0.190741,trait affects abundance,0.01094444,0.8870968,0.8870968,0.06013771,11.83608,62,Terrestrial,1.792392,-1.960806,-1.146128,1.073208,abunance.Toxidiini.,Chrysomelidae
2394,2394,44,4.3.finalss-87859,size.Tachinus.japonicus,abunance.Tachinus.japonicus,0.3184799,0.125752,1,0.002666712,FALSE,0.3272716,trait affects abundance,0.7295833,0.8870968,0.8870968,0.06013771,11.83608,62,Terrestrial,1.792392,-0.1369251,-0.69897,1.073208,abunance.Tachinus.japonicus,Staphylinidae
2395,2395,45,4.3.finalss-87859,size.Sepedophilus.sp,abunance.Sepedophilus.sp,0.1827348,0.2264155,0.9999999,0.008534908,FALSE,0.1877792,trait affects abundance,0.02008333,0.8870968,0.8870968,0.06013771,11.83608,62,Terrestrial,1.792392,-1.697164,-1.146128,1.073208,abunance.Sepedophilus.sp,Staphylinidae
2396,2396,46,4.3.finalss-87859,size.Ascaphium.tibiale,abunance.Ascaphium.tibiale,0.1726265,0.239378,0.9999999,0.008534908,FALSE,0.1773919,trait affects abundance,0.1730556,0.8870968,0.8870968,0.06013771,11.83608,62,Terrestrial,1.792392,-0.7618145,-1.146128,1.073208,abunance.Ascaphium.tibiale,Staphylinidae
2397,2397,47,4.3.finalss-87859,size.Quedius.adustus,abunance.Quedius.adustus,0.1720162,0.2401719,0.9999999,0.008534908,FALSE,0.1767647,trait affects abundance,0.1533889,0.8870968,0.8870968,0.06013771,11.83608,62,Terrestrial,1.792392,-0.8142061,-1.146128,1.073208,abunance.Quedius.adustus,Staphylinidae
2398,2398,48,4.3.finalss-87859,size.Nipponovalgus.angusticollis,abunance.Nipponovalgus.angusticollis,0.2872489,0.1395849,1,0.002666712,FALSE,0.2951784,trait affects abundance,0.4334722,0.8870968,0.8870968,0.06013771,11.83608,62,Terrestrial,1.792392,-0.3630387,-1.146128,1.073208,abunance.Nipponovalgus.angusticollis,Scarabaeidae
2399,2399,49,4.3.finalss-87859,size.Biphyllus.rufopictus,abunance.Biphyllus.rufopictus,0.1945404,0.2117313,0.9999999,0.008534908,FALSE,0.1999108,trait affects abundance,0.01411111,0.8870968,0.8870968,0.06013771,11.83608,62,Terrestrial,1.792392,-1.850439,-1.146128,1.073208,abunance.Biphyllus.rufopictus,Biphyllidae
2400,2400,50,4.3.finalss-87859,size.Tympanophorus.sauteri,abunance.Tympanophorus.sauteri,0.1712308,0.2411953,0.9999999,0.008534908,FALSE,0.1759577,trait affects abundance,0.1976111,0.8870968,0.8870968,0.06013771,11.83608,62,Terrestrial,1.792392,-0.7041886,-1.146128,1.073208,abunance.Tympanophorus.sauteri,Staphylinidae
2401,2401,51,4.3.finalss-87859,size.Pterostichus.asymmetricus,abunance.Pterostichus.asymmetricus,0.3329296,0.09540054,0.9999999,0.008534908,FALSE,0.3421202,trait affects abundance,2.433972,0.8870968,0.8870968,0.06013771,11.83608,62,Terrestrial,1.792392,0.3863156,-1.146128,1.073208,abunance.Pterostichus.asymmetricus,Carabidae
2402,2402,52,4.3.finalss-87859,size.Neopallodes.inermis,abunance.Neopallodes.inermis,0.1586428,0.2578786,0.8666666,0.02417052,FALSE,0.1630222,trait affects abundance,0.07336111,0.8870968,0.8870968,0.06013771,11.83608,62,Terrestrial,1.792392,-1.134534,-1.146128,1.073208,abunance.Neopallodes.inermis,Staphylinidae
2403,2403,53,4.3.finalss-87859,size.Scaphidium.sp,abunance.Scaphidium.sp,0.3593641,0.08424367,1,0.002666712,FALSE,0.3692844,trait affects abundance,0.5753056,0.8870968,0.8870968,0.06013771,11.83608,62,Terrestrial,1.792392,-0.2401014,-0.8750613,1.073208,abunance.Scaphidium.sp,Staphylinidae
2404,2404,54,4.3.finalss-87859,size.Chlaenius.costiger,abunance.Chlaenius.costiger,0.245703,0.1541264,1,0.002666712,FALSE,0.2524857,trait affects abundance,6.364972,0.8870968,0.8870968,0.06013771,11.83608,62,Terrestrial,1.792392,0.8037965,-1.146128,1.073208,abunance.Chlaenius.costiger,Carabidae
2405,2405,55,4.3.finalss-87859,size.Pentagonica.subcordicollis,abunance.Pentagonica.subcordicollis,0.2444197,0.1554468,1,0.002666712,FALSE,0.2511669,trait affects abundance,0.06691667,0.8870968,0.8870968,0.06013771,11.83608,62,Terrestrial,1.792392,-1.174466,-1.146128,1.073208,abunance.Pentagonica.subcordicollis,Carabidae
2406,2406,56,4.3.finalss-87859,size.Lordithon.sp,abunance.Lordithon.sp,0.2782838,0.122819,1,0.002666712,FALSE,0.2859659,trait affects abundance,0.02825,0.8870968,0.8870968,0.06013771,11.83608,62,Terrestrial,1.792392,-1.548982,-1.146128,1.073208,abunance.Lordithon.sp,Staphylinidae
2407,2407,57,4.3.finalss-87859,size.Chrysomelidae.,abunance.Chrysomelidae.,0.1775456,0.2801198,0.8095238,0.01626098,FALSE,0.1824468,trait affects abundance,0.02130556,0.8870968,0.8870968,0.06013771,11.83608,62,Terrestrial,1.792392,-1.671507,-1.146128,1.073208,abunance.Chrysomelidae.,Chrysomelidae
2408,2408,58,4.3.finalss-87859,size.Cantharidae.,abunance.Cantharidae.,0.1750494,0.2834505,0.8095238,0.01626098,FALSE,0.1798817,trait affects abundance,0.06466667,0.8870968,0.8870968,0.06013771,11.83608,62,Terrestrial,1.792392,-1.18932,-1.146128,1.073208,abunance.Cantharidae.,Cantharidae
2409,2409,59,4.3.finalss-87859,size.Bolitobius.prolongatus,abunance.Bolitobius.prolongatus,0.4173758,0.09807279,0.9999999,0.008534908,FALSE,0.4288976,trait affects abundance,0.1458056,0.8870968,0.8870968,0.06013771,11.83608,62,Terrestrial,1.792392,-0.8362259,-0.8750613,1.073208,abunance.Bolitobius.prolongatus,Tachyporinae
2410,2410,60,4.3.finalss-87859,size.Lederina.sp,abunance.Lederina.sp,0.3388438,0.0942764,0.9999999,0.008534908,FALSE,0.3481977,trait affects abundance,0.006333333,0.8870968,0.8870968,0.06013771,11.83608,62,Terrestrial,1.792392,-2.198368,-1.146128,1.073208,abunance.Lederina.sp,Carabidae
2411,2411,61,4.3.finalss-87859,size.Eucibdelus.japonicus,abunance.Eucibdelus.japonicus,0.3328435,0.09544028,0.9999999,0.008534908,FALSE,0.3420318,trait affects abundance,0.9983889,0.8870968,0.8870968,0.06013771,11.83608,62,Terrestrial,1.792392,-0.000700261,-1.146128,1.073208,abunance.Eucibdelus.japonicus,Staphylinidae
2412,2412,62,4.3.finalss-87859,size.Chlaenius.pallipes,abunance.Chlaenius.pallipes,0.3329019,0.0954075,0.9999999,0.008534908,FALSE,0.3420918,trait affects abundance,2.714472,0.8870968,0.8870968,0.06013771,11.83608,62,Terrestrial,1.792392,0.4336854,-1.146128,1.073208,abunance.Chlaenius.pallipes,Carabidae
2413,2413,63,4.3.finalss-87859,abunance.Phelotrupes.laevistriatus,size.Phelotrupes.laevistriatus,0.9559299,8.39E-05,1,0.002666712,TRUE,0.9823185,abundance affects trait,160.4109,0.8870968,0.8870968,0.06013771,11.83608,62,Terrestrial,1.792392,2.205234,0.136838,1.073208,size.Phelotrupes.laevistriatus,Geotrupidae
2414,2414,64,4.3.finalss-87859,abunance.Synuchus.cycloderus,size.Synuchus.cycloderus,0.9609811,2.89E-05,1,0.002666712,TRUE,0.9875092,abundance affects trait,68.41053,0.8870968,0.8870968,0.06013771,11.83608,62,Terrestrial,1.792392,1.835123,0.4145091,1.073208,size.Synuchus.cycloderus,Carabidae
2415,2415,65,4.3.finalss-87859,abunance.Pterostichus.yoritomus,size.Pterostichus.yoritomus,0.9236739,6.13E-05,1,0.002666712,TRUE,0.9491721,abundance affects trait,34.99664,0.8870968,0.8870968,0.06013771,11.83608,62,Terrestrial,1.792392,1.544026,0.1188646,1.073208,size.Pterostichus.yoritomus,Carabidae
2416,2416,66,4.3.finalss-87859,abunance.Carabus.albrechti,size.Carabus.albrechti,0.9394108,0.000433396,1,0.002666712,TRUE,0.9653435,abundance affects trait,199.0947,0.8870968,0.8870968,0.06013771,11.83608,62,Terrestrial,1.792392,2.29906,0.6084963,1.073208,size.Carabus.albrechti,Carabidae
2417,2417,67,4.3.finalss-87859,abunance.Panelus.parvulus,size.Panelus.parvulus,0.9320651,0.008326554,1,0.002666712,TRUE,0.957795,abundance affects trait,1.12488,0.8870968,0.8870968,0.06013771,11.83608,62,Terrestrial,1.792392,0.05110605,0.4234734,1.073208,size.Panelus.parvulus,Carabidae
2418,2418,68,4.3.finalss-87859,abunance.Coleoptera.,size.Coleoptera.,0.4072771,0.166208,0.9047619,0.006863832,FALSE,0.41852,abundance affects trait,15.59346,0.8870968,0.8870968,0.06013771,11.83608,62,Terrestrial,1.792392,1.192943,0.002106039,1.073208,size.Coleoptera.,Staphylinidae
2419,2419,69,4.3.finalss-87859,abunance.Synuchus.melantho,size.Synuchus.melantho,0.9731364,1.18E-05,1,0.002666712,TRUE,1,abundance affects trait,32.21757,0.8870968,0.8870968,0.06013771,11.83608,62,Terrestrial,1.792392,1.508093,0.2182145,1.073208,size.Synuchus.melantho,Carabidae
2420,2420,70,4.3.finalss-87859,abunance.Cylindela.ovipennis,size.Cylindela.ovipennis,0.9532631,9.91E-05,1,0.002666712,TRUE,0.9795782,abundance affects trait,43.64088,0.8870968,0.8870968,0.06013771,11.83608,62,Terrestrial,1.792392,1.639894,0.05780341,1.073208,size.Cylindela.ovipennis,Carabidae
2421,2421,71,4.3.finalss-87859,abunance.Anisolinus.elegans,size.Anisolinus.elegans,0,0.5,1,1,FALSE,0,abundance affects trait,1.080593,0.8870968,0.8870968,0.06013771,11.83608,62,Terrestrial,1.792392,0.03366199,-0.6812412,1.073208,size.Anisolinus.elegans,Staphylinidae
2422,2422,72,4.3.finalss-87859,abunance.Nipponoharpalus.discrepans,size.Nipponoharpalus.discrepans,0.2597887,0.2060608,1,0.002666712,FALSE,0.2669602,abundance affects trait,18.58456,0.8870968,0.8870968,0.06013771,11.83608,62,Terrestrial,1.792392,1.269152,-0.08403375,1.073208,size.Nipponoharpalus.discrepans,Carabidae
2423,2423,73,4.3.finalss-87859,abunance.Oxycentrus.argutoroides,size.Oxycentrus.argutoroides,0.2853775,0.1165697,1,0.002666712,FALSE,0.2932554,abundance affects trait,1.643111,0.8870968,0.8870968,0.06013771,11.83608,62,Terrestrial,1.792392,0.2156669,-0.6283889,1.073208,size.Oxycentrus.argutoroides,Carabidae
2424,2424,74,4.3.finalss-87859,abunance.Pselaphinae.,size.Pselaphinae.,0.2280455,0.1728652,1,0.002666712,FALSE,0.2343407,abundance affects trait,0.06725926,0.8870968,0.8870968,0.06013771,11.83608,62,Terrestrial,1.792392,-1.172248,-0.4357286,1.073208,size.Pselaphinae.,Staphylinidae
2425,2425,75,4.3.finalss-87859,abunance.Elateridae.,size.Elateridae.,0.2721361,0.1283992,0.9660917,0.01289892,FALSE,0.2796484,abundance affects trait,0.8905833,0.8870968,0.8870968,0.06013771,11.83608,62,Terrestrial,1.792392,-0.05032544,-1.146128,1.073208,size.Elateridae.,Elateridae
2426,2426,76,4.3.finalss-87859,abunance.Carabus.blaptoides,size.Carabus.blaptoides,0.1019443,0.3388721,0.9660917,0.01289892,FALSE,0.1047585,abundance affects trait,56.89553,0.8870968,0.8870968,0.06013771,11.83608,62,Terrestrial,1.792392,1.755078,-0.6283889,1.073208,size.Carabus.blaptoides,Carabidae
2427,2427,77,4.3.finalss-87859,abunance.Maladera.japonica,size.Maladera.japonica,0.2262051,0.1768715,0.9047619,0.006863832,FALSE,0.2324496,abundance affects trait,2.138722,0.8870968,0.8870968,0.06013771,11.83608,62,Terrestrial,1.792392,0.3301544,-0.8750613,1.073208,size.Maladera.japonica,Scarabaeidae
2428,2428,78,4.3.finalss-87859,abunance.Myas.cuprescens,size.Myas.cuprescens,0.1689574,0.2758939,0.9999999,0.008534908,FALSE,0.1736215,abundance affects trait,9.82075,0.8870968,0.8870968,0.06013771,11.83608,62,Terrestrial,1.792392,0.9921447,-0.8750613,1.073208,size.Myas.cuprescens,Carabidae
2429,2429,79,4.3.finalss-87859,abunance.Onthophagus.nitidus,size.Onthophagus.nitidus,0.1027268,0.4731121,0.5238096,0.1331285,FALSE,0.1055626,abundance affects trait,2.757194,0.8870968,0.8870968,0.06013771,11.83608,62,Terrestrial,1.792392,0.4404674,-0.50515,1.073208,size.Onthophagus.nitidus,Scarabaeidae
2430,2430,80,4.3.finalss-87859,abunance.Carabidae.,size.Carabidae.,0.08903916,0.3584372,0.7237468,0.05727935,FALSE,0.09149711,abundance affects trait,6.216417,0.8870968,0.8870968,0.06013771,11.83608,62,Terrestrial,1.792392,0.7935401,-0.154902,1.073208,size.Carabidae.,Carabidae
2431,2431,81,4.3.finalss-87859,abunance.Histeridae.,size.Histeridae.,0.333573,0.11787,1,0.002666712,FALSE,0.3427813,abundance affects trait,0.33725,0.8870968,0.8870968,0.06013771,11.83608,62,Terrestrial,1.792392,-0.472048,-0.8750613,1.073208,size.Histeridae.,Histeridae
2432,2432,82,4.3.finalss-87859,abunance.Chlaenius.micans,size.Chlaenius.micans,0.2720028,0.1285218,0.9660917,0.01289892,FALSE,0.2795115,abundance affects trait,3.100083,0.8870968,0.8870968,0.06013771,11.83608,62,Terrestrial,1.792392,0.4913734,-1.146128,1.073208,size.Chlaenius.micans,Carabidae
2433,2433,83,4.3.finalss-87859,abunance.Philonthus.kobensis,size.Philonthus.kobensis,0.1783449,0.2320016,1,0.002666712,FALSE,0.1832681,abundance affects trait,0.07738889,0.8870968,0.8870968,0.06013771,11.83608,62,Terrestrial,1.792392,-1.111321,-1.146128,1.073208,size.Philonthus.kobensis,Staphylinidae
2434,2434,84,4.3.finalss-87859,abunance.Synuchus.sp,size.Synuchus.sp,0.2466761,0.1975785,0.9999999,0.008534908,FALSE,0.2534856,abundance affects trait,1.710611,0.8870968,0.8870968,0.06013771,11.83608,62,Terrestrial,1.792392,0.2331513,-0.5740313,1.073208,size.Synuchus.sp,Carabidae
2435,2435,85,4.3.finalss-87859,abunance.Scaphisomini.,size.Scaphisomini.,0.3779207,0.06955318,0.7142857,0.03549814,FALSE,0.3883533,abundance affects trait,0.07741667,0.8870968,0.8870968,0.06013771,11.83608,62,Terrestrial,1.792392,-1.111166,-0.4259687,1.073208,size.Scaphisomini.,Staphylinidae
2436,2436,86,4.3.finalss-87859,abunance.Scydmaenidae.,size.Scydmaenidae.,0.3559348,0.1286155,0.9999999,0.008534908,FALSE,0.3657604,abundance affects trait,0.03031481,0.8870968,0.8870968,0.06013771,11.83608,62,Terrestrial,1.792392,-1.518345,-0.2369125,1.073208,size.Scydmaenidae.,Staphylinidae
2437,2437,87,4.3.finalss-87859,abunance.Aphanocephalus.hemisphericus,size.Aphanocephalus.hemisphericus,0.1225723,0.3083942,0.3333333,0.4523704,FALSE,0.1259559,abundance affects trait,0.3068333,0.8870968,0.8870968,0.06013771,11.83608,62,Terrestrial,1.792392,-0.5130975,-0.30103,1.073208,size.Aphanocephalus.hemisphericus,Staphylinidae
2438,2438,88,4.3.finalss-87859,abunance.Cholevinae.,size.Cholevinae.,0.2500499,0.1726238,0.9999999,0.008534908,FALSE,0.2569526,abundance affects trait,0.04478704,0.8870968,0.8870968,0.06013771,11.83608,62,Terrestrial,1.792392,-1.348848,-1.021189,1.073208,size.Cholevinae.,Leiodidae
2439,2439,89,4.3.finalss-87859,abunance.Staphylininae.,size.Staphylininae.,0.327604,0.08353764,1,0.002666712,FALSE,0.3366476,abundance affects trait,0.2925833,0.8870968,0.8870968,0.06013771,11.83608,62,Terrestrial,1.792392,-0.5337504,-0.8750613,1.073208,size.Staphylininae.,Staphylinidae
2440,2440,90,4.3.finalss-87859,abunance.Proteinus.sp,size.Proteinus.sp,0.2393659,0.1832724,0.9999999,0.008534908,FALSE,0.2459737,abundance affects trait,0.001444444,0.8870968,0.8870968,0.06013771,11.83608,62,Terrestrial,1.792392,-2.840299,-0.9700368,1.073208,size.Proteinus.sp,Staphylinidae
2441,2441,91,4.3.finalss-87859,abunance.Anotylus.lewisius,size.Anotylus.lewisius,0.2551488,0.1446106,0.9999999,0.008534908,FALSE,0.2621922,abundance affects trait,0.008638889,0.8870968,0.8870968,0.06013771,11.83608,62,Terrestrial,1.792392,-2.063542,-1.146128,1.073208,size.Anotylus.lewisius,Staphylinidae
2442,2442,92,4.3.finalss-87859,abunance.Corylophidae.,size.Corylophidae.,0.29097,0.1790981,1,0.002666712,FALSE,0.2990023,abundance affects trait,0.003333333,0.8870968,0.8870968,0.06013771,11.83608,62,Terrestrial,1.792392,-2.477121,-0.60206,1.073208,size.Corylophidae.,Corylophidae
2443,2443,93,4.3.finalss-87859,abunance.Physoronia.japonicus,size.Physoronia.japonicus,0.2542261,0.1846485,1,0.002666712,FALSE,0.261244,abundance affects trait,0.1515833,0.8870968,0.8870968,0.06013771,11.83608,62,Terrestrial,1.792392,-0.8193485,-1.146128,1.073208,size.Physoronia.japonicus,Staphylinidae
2444,2444,94,4.3.finalss-87859,abunance.Maladera.castanea,size.Maladera.castanea,0.3168434,0.1411531,0.9047619,0.006863832,FALSE,0.3255899,abundance affects trait,1.0135,0.8870968,0.8870968,0.06013771,11.83608,62,Terrestrial,1.792392,0.005823753,-1.146128,1.073208,size.Maladera.castanea,Scarabaeidae
2445,2445,95,4.3.finalss-87859,abunance.Synuchus.nitidus,size.Synuchus.nitidus,0.4053663,0.06719581,0.9999999,0.008534908,FALSE,0.4165565,abundance affects trait,12.30559,0.8870968,0.8870968,0.06013771,11.83608,62,Terrestrial,1.792392,1.090103,-0.444121,1.073208,size.Synuchus.nitidus,Carabidae
2446,2446,96,4.3.finalss-87859,abunance.Curculionidae.,size.Curculionidae.,0.1901243,0.2171657,0.9660917,0.01289892,FALSE,0.1953727,abundance affects trait,0.2933611,0.8870968,0.8870968,0.06013771,11.83608,62,Terrestrial,1.792392,-0.5325975,-0.60206,1.073208,size.Curculionidae.,Curculionidae
2447,2447,97,4.3.finalss-87859,abunance.Macrodorcas.striatipennis,size.Macrodorcas.striatipennis,0.3841646,0.09947593,0.9999999,0.008534908,FALSE,0.3947695,abundance affects trait,6.817444,0.8870968,0.8870968,0.06013771,11.83608,62,Terrestrial,1.792392,0.8336216,-0.8750613,1.073208,size.Macrodorcas.striatipennis,Staphylinidae
2448,2448,98,4.3.finalss-87859,abunance.Panscopaeus.lithocharoides,size.Panscopaeus.lithocharoides,0.1645328,0.2601311,0.9047619,0.006863832,FALSE,0.1690748,abundance affects trait,0.0095,0.8870968,0.8870968,0.06013771,11.83608,62,Terrestrial,1.792392,-2.022276,-1.146128,1.073208,size.Panscopaeus.lithocharoides,Staphylinidae
2449,2449,99,4.3.finalss-87859,abunance.Leiodinae.,size.Leiodinae.,0.1563846,0.260926,0.9759001,0.003897905,FALSE,0.1607017,abundance affects trait,0.04925,0.8870968,0.8870968,0.06013771,11.83608,62,Terrestrial,1.792392,-1.307594,-0.6283889,1.073208,size.Leiodinae.,Leiodidae
2450,2450,100,4.3.finalss-87859,abunance.Parabroscus.crassipalpis,size.Parabroscus.crassipalpis,0.2050115,0.2837523,1,0.002666712,FALSE,0.2106709,abundance affects trait,1.057167,0.8870968,0.8870968,0.06013771,11.83608,62,Terrestrial,1.792392,0.02414346,-1.146128,1.073208,size.Parabroscus.crassipalpis,Carabidae
2451,2451,101,4.3.finalss-87859,abunance.Uloma.marseuli,size.Uloma.marseuli,0.2851498,0.163358,0.9999999,0.008534908,FALSE,0.2930214,abundance affects trait,0.002888889,0.8870968,0.8870968,0.06013771,11.83608,62,Terrestrial,1.792392,-2.539269,-1.146128,1.073208,size.Uloma.marseuli,Tenebrionidae
2452,2452,102,4.3.finalss-87859,abunance.Scolytidae.,size.Scolytidae.,0.1344667,0.2913193,0.9759001,0.003897905,FALSE,0.1381787,abundance affects trait,0.03313889,0.8870968,0.8870968,0.06013771,11.83608,62,Terrestrial,1.792392,-1.479662,-0.7269987,1.073208,size.Scolytidae.,Curculionidae
2453,2453,103,4.3.finalss-87859,abunance.Agelosus.carinatus,size.Agelosus.carinatus,0.2844552,0.1614321,1,0.002666712,FALSE,0.2923076,abundance affects trait,8.919028,0.8870968,0.8870968,0.06013771,11.83608,62,Terrestrial,1.792392,0.9503175,-0.4771213,1.073208,size.Agelosus.carinatus,Staphylinidae
2454,2454,104,4.3.finalss-87859,abunance.Osorius.angustulus,size.Osorius.angustulus,0.34849,0.08716484,0.7333333,0.06028914,FALSE,0.3581101,abundance affects trait,0.1633056,0.8870968,0.8870968,0.06013771,11.83608,62,Terrestrial,1.792392,-0.786999,-0.8750613,1.073208,size.Osorius.angustulus,Staphylinidae
2455,2455,105,4.3.finalss-87859,abunance.Toxidiini.,size.Toxidiini.,0.2685444,0.1317299,0.8666666,0.02417052,FALSE,0.2759576,abundance affects trait,0.01094444,0.8870968,0.8870968,0.06013771,11.83608,62,Terrestrial,1.792392,-1.960806,-1.146128,1.073208,size.Toxidiini.,Chrysomelidae
2456,2456,106,4.3.finalss-87859,abunance.Tachinus.japonicus,size.Tachinus.japonicus,0.2972355,0.1493931,0.9999999,0.008534908,FALSE,0.3054408,abundance affects trait,0.7295833,0.8870968,0.8870968,0.06013771,11.83608,62,Terrestrial,1.792392,-0.1369251,-0.69897,1.073208,size.Tachinus.japonicus,Staphylinidae
2457,2457,107,4.3.finalss-87859,abunance.Sepedophilus.sp,size.Sepedophilus.sp,0.4044717,0.1555452,0.9999999,0.008534908,FALSE,0.4156373,abundance affects trait,0.02008333,0.8870968,0.8870968,0.06013771,11.83608,62,Terrestrial,1.792392,-1.697164,-1.146128,1.073208,size.Sepedophilus.sp,Staphylinidae
2458,2458,108,4.3.finalss-87859,abunance.Ascaphium.tibiale,size.Ascaphium.tibiale,0.4372204,0.1374674,0.9999999,0.008534908,FALSE,0.44929,abundance affects trait,0.1730556,0.8870968,0.8870968,0.06013771,11.83608,62,Terrestrial,1.792392,-0.7618145,-1.146128,1.073208,size.Ascaphium.tibiale,Staphylinidae
2459,2459,109,4.3.finalss-87859,abunance.Quedius.adustus,size.Quedius.adustus,0.4426705,0.1316459,0.9999999,0.008534908,FALSE,0.4548905,abundance affects trait,0.1533889,0.8870968,0.8870968,0.06013771,11.83608,62,Terrestrial,1.792392,-0.8142061,-1.146128,1.073208,size.Quedius.adustus,Staphylinidae
2460,2460,110,4.3.finalss-87859,abunance.Nipponovalgus.angusticollis,size.Nipponovalgus.angusticollis,0.3925185,0.07362344,1,0.002666712,FALSE,0.403354,abundance affects trait,0.4334722,0.8870968,0.8870968,0.06013771,11.83608,62,Terrestrial,1.792392,-0.3630387,-1.146128,1.073208,size.Nipponovalgus.angusticollis,Scarabaeidae
2461,2461,111,4.3.finalss-87859,abunance.Biphyllus.rufopictus,size.Biphyllus.rufopictus,0.4336724,0.1259714,0.9999999,0.008534908,FALSE,0.445644,abundance affects trait,0.01411111,0.8870968,0.8870968,0.06013771,11.83608,62,Terrestrial,1.792392,-1.850439,-1.146128,1.073208,size.Biphyllus.rufopictus,Biphyllidae
2462,2462,112,4.3.finalss-87859,abunance.Tympanophorus.sauteri,size.Tympanophorus.sauteri,0.4391104,0.1362349,0.9999999,0.008534908,FALSE,0.4512322,abundance affects trait,0.1976111,0.8870968,0.8870968,0.06013771,11.83608,62,Terrestrial,1.792392,-0.7041886,-1.146128,1.073208,size.Tympanophorus.sauteri,Staphylinidae
2463,2463,113,4.3.finalss-87859,abunance.Pterostichus.asymmetricus,size.Pterostichus.asymmetricus,0.1918037,0.2803345,0.9999999,0.008534908,FALSE,0.1970985,abundance affects trait,2.433972,0.8870968,0.8870968,0.06013771,11.83608,62,Terrestrial,1.792392,0.3863156,-1.146128,1.073208,size.Pterostichus.asymmetricus,Carabidae
2464,2464,114,4.3.finalss-87859,abunance.Neopallodes.inermis,size.Neopallodes.inermis,0.2819162,0.1195936,1,0.002666712,FALSE,0.2896985,abundance affects trait,0.07336111,0.8870968,0.8870968,0.06013771,11.83608,62,Terrestrial,1.792392,-1.134534,-1.146128,1.073208,size.Neopallodes.inermis,Staphylinidae
2465,2465,115,4.3.finalss-87859,abunance.Scaphidium.sp,size.Scaphidium.sp,0.2862832,0.1377396,1,0.002666712,FALSE,0.2941861,abundance affects trait,0.5753056,0.8870968,0.8870968,0.06013771,11.83608,62,Terrestrial,1.792392,-0.2401014,-0.8750613,1.073208,size.Scaphidium.sp,Staphylinidae
2466,2466,116,4.3.finalss-87859,abunance.Chlaenius.costiger,size.Chlaenius.costiger,0.2075816,0.1960999,0.87831,0.009809136,FALSE,0.213312,abundance affects trait,6.364972,0.8870968,0.8870968,0.06013771,11.83608,62,Terrestrial,1.792392,0.8037965,-1.146128,1.073208,size.Chlaenius.costiger,Carabidae
2467,2467,117,4.3.finalss-87859,abunance.Pentagonica.subcordicollis,size.Pentagonica.subcordicollis,0.2015838,0.2032108,0.87831,0.009809136,FALSE,0.2071486,abundance affects trait,0.06691667,0.8870968,0.8870968,0.06013771,11.83608,62,Terrestrial,1.792392,-1.174466,-1.146128,1.073208,size.Pentagonica.subcordicollis,Carabidae
2468,2468,118,4.3.finalss-87859,abunance.Lordithon.sp,size.Lordithon.sp,0.3272586,0.08377932,1,0.002666712,FALSE,0.3362926,abundance affects trait,0.02825,0.8870968,0.8870968,0.06013771,11.83608,62,Terrestrial,1.792392,-1.548982,-1.146128,1.073208,size.Lordithon.sp,Staphylinidae
2469,2469,119,4.3.finalss-87859,abunance.Chrysomelidae.,size.Chrysomelidae.,0.2360052,0.1867136,0.9999999,0.008534908,FALSE,0.2425202,abundance affects trait,0.02130556,0.8870968,0.8870968,0.06013771,11.83608,62,Terrestrial,1.792392,-1.671507,-1.146128,1.073208,size.Chrysomelidae.,Chrysomelidae
2470,2470,120,4.3.finalss-87859,abunance.Cantharidae.,size.Cantharidae.,0.2497873,0.1499681,0.9660917,0.01289892,FALSE,0.2566827,abundance affects trait,0.06466667,0.8870968,0.8870968,0.06013771,11.83608,62,Terrestrial,1.792392,-1.18932,-1.146128,1.073208,size.Cantharidae.,Cantharidae
2471,2471,121,4.3.finalss-87859,abunance.Bolitobius.prolongatus,size.Bolitobius.prolongatus,0.4500346,0.08196085,0.9999999,0.008534908,FALSE,0.4624579,abundance affects trait,0.1458056,0.8870968,0.8870968,0.06013771,11.83608,62,Terrestrial,1.792392,-0.8362259,-0.8750613,1.073208,size.Bolitobius.prolongatus,Tachyporinae
2472,2472,122,4.3.finalss-87859,abunance.Lederina.sp,size.Lederina.sp,0.1832447,0.2881353,0.9999999,0.008534908,FALSE,0.1883032,abundance affects trait,0.006333333,0.8870968,0.8870968,0.06013771,11.83608,62,Terrestrial,1.792392,-2.198368,-1.146128,1.073208,size.Lederina.sp,Carabidae
2473,2473,123,4.3.finalss-87859,abunance.Eucibdelus.japonicus,size.Eucibdelus.japonicus,0.1920048,0.2800814,0.9999999,0.008534908,FALSE,0.1973051,abundance affects trait,0.9983889,0.8870968,0.8870968,0.06013771,11.83608,62,Terrestrial,1.792392,-0.000700261,-1.146128,1.073208,size.Eucibdelus.japonicus,Staphylinidae
2474,2474,124,4.3.finalss-87859,abunance.Chlaenius.pallipes,size.Chlaenius.pallipes,0.1914846,0.2807724,0.9999999,0.008534908,FALSE,0.1967706,abundance affects trait,2.714472,0.8870968,0.8870968,0.06013771,11.83608,62,Terrestrial,1.792392,0.4336854,-1.146128,1.073208,size.Chlaenius.pallipes,Carabidae
2475,2475,1,4.3.finalss-87861,size.Carabus.harmandi,abunance.Carabus.harmandi,0.1230932,0.2973136,0.8229512,0.01866341,FALSE,0.1874193,trait affects abundance,24.88935,0.6666667,1,0.03341862,12.26116,18,Terrestrial,1.255273,1.396014,-0.447158,1.088532,abunance.Carabus.harmandi,Carabidae
2476,2476,2,4.3.finalss-87861,size.Synuchus.cycloderus,abunance.Synuchus.cycloderus,0.2013256,0.3182679,0.7142858,0.01874113,FALSE,0.3065344,trait affects abundance,2.3752,0.6666667,1,0.03341862,12.26116,18,Terrestrial,1.255273,0.3757002,-0.9294189,1.088532,abunance.Synuchus.cycloderus,Carabidae
2477,2477,3,4.3.finalss-87861,size.Carabus.blaptoides,abunance.Carabus.blaptoides,0,0.5,1,1,FALSE,0,trait affects abundance,27.4669,0.6666667,1,0.03341862,12.26116,18,Terrestrial,1.255273,1.43881,-0.9294189,1.088532,abunance.Carabus.blaptoides,Carabidae
2478,2478,4,4.3.finalss-87861,size.Trechinae.,abunance.Trechinae.,0.3139126,0.09006307,0.9285715,0.001981735,FALSE,0.4779571,trait affects abundance,0.052,0.6666667,1,0.03341862,12.26116,18,Terrestrial,1.255273,-1.283997,-0.9294189,1.088532,abunance.Trechinae.,Carabidae
2479,2479,5,4.3.finalss-87861,size.Proteinus.sp,abunance.Proteinus.sp,0.2408284,0.275541,0.9047619,0.006863832,FALSE,0.3666805,trait affects abundance,0.016825,0.6666667,1,0.03341862,12.26116,18,Terrestrial,1.255273,-1.774045,-0.9294189,1.088532,abunance.Proteinus.sp,Staphylinidae
2480,2480,6,4.3.finalss-87861,size.Curculionidae.,abunance.Curculionidae.,0.2371351,0.2790707,0.9047619,0.006863832,FALSE,0.3610572,trait affects abundance,0.072,0.6666667,1,0.03341862,12.26116,18,Terrestrial,1.255273,-1.142668,-0.9294189,1.088532,abunance.Curculionidae.,Curculionidae
2481,2481,7,4.3.finalss-87861,size.Miobdelus.brevipennis,abunance.Miobdelus.brevipennis,0.65678,0.001610364,1,0.000836611,TRUE,1,trait affects abundance,4.037225,0.6666667,1,0.03341862,12.26116,18,Terrestrial,1.255273,0.606083,-0.544068,1.088532,abunance.Miobdelus.brevipennis,Staphylinidae 
2482,2482,8,4.3.finalss-87861,size.Cantharidae.,abunance.Cantharidae.,0.4774213,0.04132218,0.9047619,0.006863832,TRUE,0.726912,trait affects abundance,0.272825,0.6666667,1,0.03341862,12.26116,18,Terrestrial,1.255273,-0.5641158,-0.9294189,1.088532,abunance.Cantharidae.,Cantharidae
2483,2483,9,4.3.finalss-87861,size.Carabus.procerulus,abunance.Carabus.procerulus,0.4772815,0.04138532,0.9047619,0.006863832,TRUE,0.7266992,trait affects abundance,38.96365,0.6666667,1,0.03341862,12.26116,18,Terrestrial,1.255273,1.59066,-0.9294189,1.088532,abunance.Carabus.procerulus,Carabidae
2484,2484,10,4.3.finalss-87861,size.Leistus.subaeneus,abunance.Leistus.subaeneus,0.4772717,0.04139198,0.9047619,0.006863832,TRUE,0.7266843,trait affects abundance,1.15555,0.6666667,1,0.03341862,12.26116,18,Terrestrial,1.255273,0.06278874,-0.9294189,1.088532,abunance.Leistus.subaeneus,Carabidae
2485,2485,11,4.3.finalss-87861,size.Mesechthistatus.binodosus,abunance.Mesechthistatus.binodosus,0,0.5,1,1,FALSE,0,trait affects abundance,15.65173,0.6666667,1,0.03341862,12.26116,18,Terrestrial,1.255273,1.194562,-0.9294189,1.088532,abunance.Mesechthistatus.binodosus,Cerambycidae
2486,2486,12,4.3.finalss-87861,size.Misolampidius.rugipennis,abunance.Misolampidius.rugipennis,0,0.5,1,1,FALSE,0,trait affects abundance,2.288025,0.6666667,1,0.03341862,12.26116,18,Terrestrial,1.255273,0.3594608,-0.9294189,1.088532,abunance.Misolampidius.rugipennis,Coleoptera
2487,2487,13,4.3.finalss-87861,size.Chrysomelidae.,abunance.Chrysomelidae.,0.4754351,0.04211136,0.9047619,0.006863832,TRUE,0.723888,trait affects abundance,0.069675,0.6666667,1,0.03341862,12.26116,18,Terrestrial,1.255273,-1.156923,-0.9294189,1.088532,abunance.Chrysomelidae.,Chrysomelidae
2488,2488,14,4.3.finalss-87861,size.Staphylinidae.,abunance.Staphylinidae.,0.4977501,0.01762488,1,0.002666712,TRUE,0.7578643,trait affects abundance,0.0469,0.6666667,1,0.03341862,12.26116,18,Terrestrial,1.255273,-1.328827,-0.2193164,1.088532,abunance.Staphylinidae.,Staphylinidae
2489,2489,15,4.3.finalss-87861,size.Omaliinae.,abunance.Omaliinae.,0,0.5,1,1,FALSE,0,trait affects abundance,0.02005,0.6666667,1,0.03341862,12.26116,18,Terrestrial,1.255273,-1.697886,-0.9294189,1.088532,abunance.Omaliinae.,Staphylinidae
2490,2490,16,4.3.finalss-87861,size.Leiodinae.,abunance.Leiodinae.,0,0.5,1,1,FALSE,0,trait affects abundance,0.027125,0.6666667,1,0.03341862,12.26116,18,Terrestrial,1.255273,-1.56663,-0.9294189,1.088532,abunance.Leiodinae.,Leiodidae
2491,2491,17,4.3.finalss-87861,size.Leptusa.sp,abunance.Leptusa.sp,0,0.5,1,1,FALSE,0,trait affects abundance,0.007875,0.6666667,1,0.03341862,12.26116,18,Terrestrial,1.255273,-2.103749,-0.9294189,1.088532,abunance.Leptusa.sp,Staphylinidae
2492,2492,18,4.3.finalss-87861,size.Carabidae.,abunance.Carabidae.,0.3101909,0.09198877,0.9285715,0.001981735,FALSE,0.4722905,trait affects abundance,0.019175,0.6666667,1,0.03341862,12.26116,18,Terrestrial,1.255273,-1.717265,-0.9294189,1.088532,abunance.Carabidae.,Carabidae
2493,2493,19,4.3.finalss-87861,abunance.Carabus.harmandi,size.Carabus.harmandi,0.4253415,0.120159,1,0.000836611,FALSE,0.6476164,abundance affects trait,24.88935,0.6666667,1,0.03341862,12.26116,18,Terrestrial,1.255273,1.396014,-0.447158,1.088532,size.Carabus.harmandi,Carabidae
2494,2494,20,4.3.finalss-87861,abunance.Synuchus.cycloderus,size.Synuchus.cycloderus,0.1881841,0.2063437,0.9047619,0.006863832,FALSE,0.2865254,abundance affects trait,2.3752,0.6666667,1,0.03341862,12.26116,18,Terrestrial,1.255273,0.3757002,-0.9294189,1.088532,size.Synuchus.cycloderus,Carabidae
2495,2495,21,4.3.finalss-87861,abunance.Carabus.blaptoides,size.Carabus.blaptoides,0.01749529,0.4700048,0.3333333,0.3675208,FALSE,0.02663798,abundance affects trait,27.4669,0.6666667,1,0.03341862,12.26116,18,Terrestrial,1.255273,1.43881,-0.9294189,1.088532,size.Carabus.blaptoides,Carabidae
2496,2496,22,4.3.finalss-87861,abunance.Trechinae.,size.Trechinae.,0.2816414,0.155359,0.9047619,0.006863832,FALSE,0.4288215,abundance affects trait,0.052,0.6666667,1,0.03341862,12.26116,18,Terrestrial,1.255273,-1.283997,-0.9294189,1.088532,size.Trechinae.,Carabidae
2497,2497,23,4.3.finalss-87861,abunance.Proteinus.sp,size.Proteinus.sp,0.162507,0.2403363,0.9999999,0.008534908,FALSE,0.2474299,abundance affects trait,0.016825,0.6666667,1,0.03341862,12.26116,18,Terrestrial,1.255273,-1.774045,-0.9294189,1.088532,size.Proteinus.sp,Staphylinidae
2498,2498,24,4.3.finalss-87861,abunance.Curculionidae.,size.Curculionidae.,0.156215,0.2490592,0.9999999,0.008534908,FALSE,0.2378498,abundance affects trait,0.072,0.6666667,1,0.03341862,12.26116,18,Terrestrial,1.255273,-1.142668,-0.9294189,1.088532,size.Curculionidae.,Curculionidae
2499,2499,25,4.3.finalss-87861,abunance.Miobdelus.brevipennis,size.Miobdelus.brevipennis,0.3280727,0.07142442,1,0.002666712,FALSE,0.499517,abundance affects trait,4.037225,0.6666667,1,0.03341862,12.26116,18,Terrestrial,1.255273,0.606083,-0.544068,1.088532,size.Miobdelus.brevipennis,Staphylinidae 
2500,2500,26,4.3.finalss-87861,abunance.Cantharidae.,size.Cantharidae.,0.2243995,0.2707226,0.9285715,0.001981735,FALSE,0.3416662,abundance affects trait,0.272825,0.6666667,1,0.03341862,12.26116,18,Terrestrial,1.255273,-0.5641158,-0.9294189,1.088532,size.Cantharidae.,Cantharidae
2501,2501,27,4.3.finalss-87861,abunance.Carabus.procerulus,size.Carabus.procerulus,0.2209896,0.2758194,0.9285715,0.001981735,FALSE,0.3364744,abundance affects trait,38.96365,0.6666667,1,0.03341862,12.26116,18,Terrestrial,1.255273,1.59066,-0.9294189,1.088532,size.Carabus.procerulus,Carabidae
2502,2502,28,4.3.finalss-87861,abunance.Leistus.subaeneus,size.Leistus.subaeneus,0.2208622,0.2759347,0.9285715,0.001981735,FALSE,0.3362804,abundance affects trait,1.15555,0.6666667,1,0.03341862,12.26116,18,Terrestrial,1.255273,0.06278874,-0.9294189,1.088532,size.Leistus.subaeneus,Carabidae
2503,2503,29,4.3.finalss-87861,abunance.Mesechthistatus.binodosus,size.Mesechthistatus.binodosus,0.03521975,0.4651053,-0.3571429,0.2655104,FALSE,0.05362489,abundance affects trait,15.65173,0.6666667,1,0.03341862,12.26116,18,Terrestrial,1.255273,1.194562,-0.9294189,1.088532,size.Mesechthistatus.binodosus,Cerambycidae
2504,2504,30,4.3.finalss-87861,abunance.Misolampidius.rugipennis,size.Misolampidius.rugipennis,0.01773807,0.4695893,0.3333333,0.3675208,FALSE,0.02700763,abundance affects trait,2.288025,0.6666667,1,0.03341862,12.26116,18,Terrestrial,1.255273,0.3594608,-0.9294189,1.088532,size.Misolampidius.rugipennis,Coleoptera
2505,2505,31,4.3.finalss-87861,abunance.Chrysomelidae.,size.Chrysomelidae.,0.2342782,0.2561729,0.9285715,0.001981735,FALSE,0.3567073,abundance affects trait,0.069675,0.6666667,1,0.03341862,12.26116,18,Terrestrial,1.255273,-1.156923,-0.9294189,1.088532,size.Chrysomelidae.,Chrysomelidae
2506,2506,32,4.3.finalss-87861,abunance.Staphylinidae.,size.Staphylinidae.,0,0.5,1,1,FALSE,0,abundance affects trait,0.0469,0.6666667,1,0.03341862,12.26116,18,Terrestrial,1.255273,-1.328827,-0.2193164,1.088532,size.Staphylinidae.,Staphylinidae
2507,2507,33,4.3.finalss-87861,abunance.Omaliinae.,size.Omaliinae.,0,0.5,1,1,FALSE,0,abundance affects trait,0.02005,0.6666667,1,0.03341862,12.26116,18,Terrestrial,1.255273,-1.697886,-0.9294189,1.088532,size.Omaliinae.,Staphylinidae
2508,2508,34,4.3.finalss-87861,abunance.Leiodinae.,size.Leiodinae.,0,0.5,1,1,FALSE,0,abundance affects trait,0.027125,0.6666667,1,0.03341862,12.26116,18,Terrestrial,1.255273,-1.56663,-0.9294189,1.088532,size.Leiodinae.,Leiodidae
2509,2509,35,4.3.finalss-87861,abunance.Leptusa.sp,size.Leptusa.sp,0,0.5,1,1,FALSE,0,abundance affects trait,0.007875,0.6666667,1,0.03341862,12.26116,18,Terrestrial,1.255273,-2.103749,-0.9294189,1.088532,size.Leptusa.sp,Staphylinidae
2510,2510,36,4.3.finalss-87861,abunance.Carabidae.,size.Carabidae.,0.2845366,0.153288,0.9047619,0.006863832,FALSE,0.4332298,abundance affects trait,0.019175,0.6666667,1,0.03341862,12.26116,18,Terrestrial,1.255273,-1.717265,-0.9294189,1.088532,size.Carabidae.,Carabidae
2511,2511,1,4.3.finalss-87862,size.Carabus.blaptoides,abunance.Carabus.blaptoides,0.4772785,0.04138641,0.9047619,0.006863832,TRUE,0.9984424,trait affects abundance,32.65303,0.4285714,1,0.0285042,17.3081,14,Terrestrial,1.146128,1.513923,-0.9294189,1.238249,abunance.Carabus.blaptoides,Carabidae
2512,2512,2,4.3.finalss-87862,size.Carabus.japonicus,abunance.Carabus.japonicus,0.08631594,0.3627397,0.5000001,0.1077623,FALSE,0.1805686,trait affects abundance,53.12177,0.4285714,1,0.0285042,17.3081,14,Terrestrial,1.146128,1.725273,-0.251812,1.238249,abunance.Carabus.japonicus,Carabidae
2513,2513,3,4.3.finalss-87862,size.Anisotoma.didymata,abunance.Anisotoma.didymata,0.478023,0.04112858,0.9047619,0.006863832,TRUE,1,trait affects abundance,0.084025,0.4285714,1,0.0285042,17.3081,14,Terrestrial,1.146128,-1.075591,-0.9294189,1.238249,abunance.Anisotoma.didymata,Leiodidae
2514,2514,4,4.3.finalss-87862,size.Pycnomerus.vilis,abunance.Pycnomerus.vilis,0.4746904,0.04264162,0.9047619,0.006863832,TRUE,0.9930283,trait affects abundance,0.035225,0.4285714,1,0.0285042,17.3081,14,Terrestrial,1.146128,-1.453149,-0.9294189,1.238249,abunance.Pycnomerus.vilis,Zopheridae
2515,2515,5,4.3.finalss-87862,size.Carabus.tosanus,abunance.Carabus.tosanus,0.2803617,0.1076625,0.9047619,0.006863832,FALSE,0.5865024,trait affects abundance,55.3178,0.4285714,1,0.0285042,17.3081,14,Terrestrial,1.146128,1.742865,-0.5797836,1.238249,abunance.Carabus.tosanus,Carabidae
2516,2516,6,4.3.finalss-87862,size.Chlaenius.tetragonoderus,abunance.Chlaenius.tetragonoderus,0.3125592,0.09168752,1,0.000836611,FALSE,0.6538581,trait affects abundance,4.308325,0.4285714,1,0.0285042,17.3081,14,Terrestrial,1.146128,0.6343085,-0.544068,1.238249,abunance.Chlaenius.tetragonoderus,Carabidae
2517,2517,7,4.3.finalss-87862,size.Scolytidae.,abunance.Scolytidae.,0,0.5,1,1,FALSE,0,trait affects abundance,0.062375,0.4285714,1,0.0285042,17.3081,14,Terrestrial,1.146128,-1.204989,-0.9294189,1.238249,abunance.Scolytidae.,Curculionidae
2518,2518,8,4.3.finalss-87862,size.Agonum.lampros,abunance.Agonum.lampros,0.3959636,0.04602763,1,0.002666712,TRUE,0.8283359,trait affects abundance,1.3685,0.4285714,1,0.0285042,17.3081,14,Terrestrial,1.146128,0.1362448,-0.9294189,1.238249,abunance.Agonum.lampros,Carabidae
2519,2519,9,4.3.finalss-87862,size.Onthophagus.nitidus,abunance.Onthophagus.nitidus,0.3959832,0.04602241,1,0.002666712,TRUE,0.8283769,trait affects abundance,2.5625,0.4285714,1,0.0285042,17.3081,14,Terrestrial,1.146128,0.4086639,-0.6283889,1.238249,abunance.Onthophagus.nitidus,Scarabaeidae
2520,2520,10,4.3.finalss-87862,size.Prionus.insularis,abunance.Prionus.insularis,0.3959717,0.0460244,1,0.002666712,TRUE,0.8283527,trait affects abundance,67.54855,0.4285714,1,0.0285042,17.3081,14,Terrestrial,1.146128,1.829616,-0.9294189,1.238249,abunance.Prionus.insularis,Cerambycidae
2521,2521,11,4.3.finalss-87862,size.Mimela.sp,abunance.Mimela.sp,0.1641977,0.2541201,0.6190476,0.07150543,FALSE,0.3434932,trait affects abundance,11.79315,0.4285714,1,0.0285042,17.3081,14,Terrestrial,1.146128,1.07163,-0.6766936,1.238249,abunance.Mimela.sp,Scarabaeidae
2522,2522,12,4.3.finalss-87862,size.Maladera.secreta,abunance.Maladera.secreta,0,0.5,1,1,FALSE,0,trait affects abundance,3.96055,0.4285714,1,0.0285042,17.3081,14,Terrestrial,1.146128,0.5977555,-0.9294189,1.238249,abunance.Maladera.secreta,Scarabaeidae
2523,2523,13,4.3.finalss-87862,size.Endophloeus.serratus,abunance.Endophloeus.serratus,0.3955027,0.04621832,1,0.002666712,TRUE,0.8273716,trait affects abundance,0.1,0.4285714,1,0.0285042,17.3081,14,Terrestrial,1.146128,-1,-0.9294189,1.238249,abunance.Endophloeus.serratus,Zopheridae
2524,2524,14,4.3.finalss-87862,size.Anosimus.decoratus,abunance.Anosimus.decoratus,0.395503,0.04619169,1,0.002666712,TRUE,0.8273723,trait affects abundance,0.21605,0.4285714,1,0.0285042,17.3081,14,Terrestrial,1.146128,-0.6654457,-0.9294189,1.238249,abunance.Anosimus.decoratus,Carabidae
2525,2525,15,4.3.finalss-87862,abunance.Carabus.blaptoides,size.Carabus.blaptoides,0.2209741,0.2758739,0.9285715,0.001981735,FALSE,0.4622666,abundance affects trait,32.65303,0.4285714,1,0.0285042,17.3081,14,Terrestrial,1.146128,1.513923,-0.9294189,1.238249,size.Carabus.blaptoides,Carabidae
2526,2526,16,4.3.finalss-87862,abunance.Carabus.japonicus,size.Carabus.japonicus,0.4073979,0.09979747,1,0.002666712,FALSE,0.8522559,abundance affects trait,53.12177,0.4285714,1,0.0285042,17.3081,14,Terrestrial,1.146128,1.725273,-0.251812,1.238249,size.Carabus.japonicus,Carabidae
2527,2527,17,4.3.finalss-87862,abunance.Anisotoma.didymata,size.Anisotoma.didymata,0.2207334,0.2748398,0.8571429,0.00443399,FALSE,0.4617632,abundance affects trait,0.084025,0.4285714,1,0.0285042,17.3081,14,Terrestrial,1.146128,-1.075591,-0.9294189,1.238249,size.Anisotoma.didymata,Leiodidae
2528,2528,18,4.3.finalss-87862,abunance.Pycnomerus.vilis,size.Pycnomerus.vilis,0.2219956,0.3170557,0.5000001,0.1077623,FALSE,0.4644035,abundance affects trait,0.035225,0.4285714,1,0.0285042,17.3081,14,Terrestrial,1.146128,-1.453149,-0.9294189,1.238249,size.Pycnomerus.vilis,Zopheridae
2529,2529,19,4.3.finalss-87862,abunance.Carabus.tosanus,size.Carabus.tosanus,0,0.5,0.1973855,0.7037714,FALSE,0,abundance affects trait,55.3178,0.4285714,1,0.0285042,17.3081,14,Terrestrial,1.146128,1.742865,-0.5797836,1.238249,size.Carabus.tosanus,Carabidae
2530,2530,20,4.3.finalss-87862,abunance.Chlaenius.tetragonoderus,size.Chlaenius.tetragonoderus,0,0.5,1,1,FALSE,0,abundance affects trait,4.308325,0.4285714,1,0.0285042,17.3081,14,Terrestrial,1.146128,0.6343085,-0.544068,1.238249,size.Chlaenius.tetragonoderus,Carabidae
2531,2531,21,4.3.finalss-87862,abunance.Scolytidae.,size.Scolytidae.,0,0.5,1,1,FALSE,0,abundance affects trait,0.062375,0.4285714,1,0.0285042,17.3081,14,Terrestrial,1.146128,-1.204989,-0.9294189,1.238249,size.Scolytidae.,Curculionidae
2532,2532,22,4.3.finalss-87862,abunance.Agonum.lampros,size.Agonum.lampros,0.205084,0.1940745,0.9047619,0.006863832,FALSE,0.4290254,abundance affects trait,1.3685,0.4285714,1,0.0285042,17.3081,14,Terrestrial,1.146128,0.1362448,-0.9294189,1.238249,size.Agonum.lampros,Carabidae
2533,2533,23,4.3.finalss-87862,abunance.Onthophagus.nitidus,size.Onthophagus.nitidus,0.2051422,0.1940367,0.9047619,0.006863832,FALSE,0.429147,abundance affects trait,2.5625,0.4285714,1,0.0285042,17.3081,14,Terrestrial,1.146128,0.4086639,-0.6283889,1.238249,size.Onthophagus.nitidus,Scarabaeidae
2534,2534,24,4.3.finalss-87862,abunance.Prionus.insularis,size.Prionus.insularis,0.2051195,0.1940396,0.9047619,0.006863832,FALSE,0.4290995,abundance affects trait,67.54855,0.4285714,1,0.0285042,17.3081,14,Terrestrial,1.146128,1.829616,-0.9294189,1.238249,size.Prionus.insularis,Cerambycidae
2535,2535,25,4.3.finalss-87862,abunance.Mimela.sp,size.Mimela.sp,0.157703,0.2644866,1,0.000836611,FALSE,0.3299068,abundance affects trait,11.79315,0.4285714,1,0.0285042,17.3081,14,Terrestrial,1.146128,1.07163,-0.6766936,1.238249,size.Mimela.sp,Scarabaeidae
2536,2536,26,4.3.finalss-87862,abunance.Maladera.secreta,size.Maladera.secreta,0.0351889,0.4651583,-0.2857143,0.3864762,FALSE,0.0736134,abundance affects trait,3.96055,0.4285714,1,0.0285042,17.3081,14,Terrestrial,1.146128,0.5977555,-0.9294189,1.238249,size.Maladera.secreta,Scarabaeidae
2537,2537,27,4.3.finalss-87862,abunance.Endophloeus.serratus,size.Endophloeus.serratus,0.2042142,0.1947923,1,0.002666712,FALSE,0.4272059,abundance affects trait,0.1,0.4285714,1,0.0285042,17.3081,14,Terrestrial,1.146128,-1,-0.9294189,1.238249,size.Endophloeus.serratus,Zopheridae
2538,2538,28,4.3.finalss-87862,abunance.Anosimus.decoratus,size.Anosimus.decoratus,0.2032313,0.1965141,0.9047619,0.006863832,FALSE,0.4251497,abundance affects trait,0.21605,0.4285714,1,0.0285042,17.3081,14,Terrestrial,1.146128,-0.6654457,-0.9294189,1.238249,size.Anosimus.decoratus,Carabidae
